{
  "type": "FeatureCollection",
  "features": [
    {
      "type": "Feature",
      "properties": {
        "route_id": "VN-01",
        "route_name": "Bus 1: Ben Thanh - Cho Lon",
        "route_type": "BUS",
        "route_ref": "BUS1",
        "origin_name": "Origin",
        "destination_name": "Destination",
        "region": "Other",
        "province": "Other"
      },
      "geometry": {
        "type": "LineString",
        "coordinates": [
          [
            106.697016,
            10.771299
          ],
          [
            106.697651,
            10.771558
          ],
          [
            106.697725,
            10.771576
          ],
          [
            106.6978,
            10.771584
          ],
          [
            106.697876,
            10.771584
          ],
          [
            106.697938,
            10.771577
          ],
          [
            106.698014,
            10.771557
          ],
          [
            106.698088,
            10.771531
          ],
          [
            106.698136,
            10.77151
          ],
          [
            106.698214,
            10.771466
          ],
          [
            106.698259,
            10.771441
          ],
          [
            106.698339,
            10.771395
          ],
          [
            106.698366,
            10.771377
          ],
          [
            106.698435,
            10.771329
          ],
          [
            106.6985,
            10.7714
          ],
          [
            106.698419,
            10.771446
          ],
          [
            106.698314,
            10.771502
          ],
          [
            106.698234,
            10.771545
          ],
          [
            106.698175,
            10.771576
          ],
          [
            106.698114,
            10.771602
          ],
          [
            106.697875,
            10.771686
          ],
          [
            106.697808,
            10.771683
          ],
          [
            106.697757,
            10.771674
          ],
          [
            106.697706,
            10.771661
          ],
          [
            106.696766,
            10.771259
          ],
          [
            106.696647,
            10.771172
          ],
          [
            106.69636,
            10.771186
          ],
          [
            106.695609,
            10.77122
          ],
          [
            106.695496,
            10.771225
          ],
          [
            106.694755,
            10.771267
          ],
          [
            106.693694,
            10.771322
          ],
          [
            106.693648,
            10.771325
          ],
          [
            106.693544,
            10.771347
          ],
          [
            106.693441,
            10.771383
          ],
          [
            106.693412,
            10.77142
          ],
          [
            106.693371,
            10.771446
          ],
          [
            106.693321,
            10.771467
          ],
          [
            106.693299,
            10.771491
          ],
          [
            106.693251,
            10.771544
          ],
          [
            106.693175,
            10.77161
          ],
          [
            106.693083,
            10.771664
          ],
          [
            106.692327,
            10.772082
          ],
          [
            106.692194,
            10.772155
          ],
          [
            106.691839,
            10.77235
          ],
          [
            106.691596,
            10.772483
          ],
          [
            106.691244,
            10.772675
          ],
          [
            106.691155,
            10.772724
          ],
          [
            106.691079,
            10.772766
          ],
          [
            106.689848,
            10.773439
          ],
          [
            106.689622,
            10.773564
          ],
          [
            106.689521,
            10.77362
          ],
          [
            106.689399,
            10.773696
          ],
          [
            106.689326,
            10.77361
          ],
          [
            106.689284,
            10.773546
          ],
          [
            106.688541,
            10.772767
          ],
          [
            106.688467,
            10.772687
          ],
          [
            106.688105,
            10.772297
          ],
          [
            106.687802,
            10.771971
          ],
          [
            106.687515,
            10.771663
          ],
          [
            106.68739,
            10.771527
          ],
          [
            106.687307,
            10.771434
          ],
          [
            106.687217,
            10.771334
          ],
          [
            106.687175,
            10.771287
          ],
          [
            106.687134,
            10.771244
          ],
          [
            106.68678,
            10.77087
          ],
          [
            106.686627,
            10.770705
          ],
          [
            106.686434,
            10.770499
          ],
          [
            106.686389,
            10.770451
          ],
          [
            106.686144,
            10.770197
          ],
          [
            106.68605,
            10.770099
          ],
          [
            106.685984,
            10.770031
          ],
          [
            106.685647,
            10.769678
          ],
          [
            106.685324,
            10.769339
          ],
          [
            106.68449,
            10.768473
          ],
          [
            106.684391,
            10.768377
          ],
          [
            106.684265,
            10.768253
          ],
          [
            106.684187,
            10.768177
          ],
          [
            106.682561,
            10.766408
          ],
          [
            106.682439,
            10.766289
          ],
          [
            106.682428,
            10.766272
          ],
          [
            106.682257,
            10.766103
          ],
          [
            106.682032,
            10.765887
          ],
          [
            106.682027,
            10.765882
          ],
          [
            106.681792,
            10.765656
          ],
          [
            106.681739,
            10.765675
          ],
          [
            106.681684,
            10.765683
          ],
          [
            106.681628,
            10.765679
          ],
          [
            106.681574,
            10.765664
          ],
          [
            106.681525,
            10.765639
          ],
          [
            106.681482,
            10.765603
          ],
          [
            106.681447,
            10.76556
          ],
          [
            106.681428,
            10.765524
          ],
          [
            106.681415,
            10.765487
          ],
          [
            106.681405,
            10.765449
          ],
          [
            106.681402,
            10.76542
          ],
          [
            106.681174,
            10.765273
          ],
          [
            106.679772,
            10.764369
          ],
          [
            106.679359,
            10.764102
          ],
          [
            106.679343,
            10.764092
          ],
          [
            106.678703,
            10.763679
          ],
          [
            106.678645,
            10.763642
          ],
          [
            106.678588,
            10.763605
          ],
          [
            106.678208,
            10.763359
          ],
          [
            106.678022,
            10.763239
          ],
          [
            106.677808,
            10.7631
          ],
          [
            106.677778,
            10.763084
          ],
          [
            106.677681,
            10.763024
          ],
          [
            106.677592,
            10.762966
          ],
          [
            106.677523,
            10.762921
          ],
          [
            106.677386,
            10.762833
          ],
          [
            106.676904,
            10.762499
          ],
          [
            106.676801,
            10.762429
          ],
          [
            106.676583,
            10.762302
          ],
          [
            106.67649,
            10.762243
          ],
          [
            106.676387,
            10.76218
          ],
          [
            106.676303,
            10.762128
          ],
          [
            106.676054,
            10.761965
          ],
          [
            106.675971,
            10.761911
          ],
          [
            106.67588,
            10.761847
          ],
          [
            106.675414,
            10.761525
          ],
          [
            106.675144,
            10.761344
          ],
          [
            106.675124,
            10.76133
          ],
          [
            106.675046,
            10.761275
          ],
          [
            106.674832,
            10.761123
          ],
          [
            106.674789,
            10.761091
          ],
          [
            106.674082,
            10.760649
          ],
          [
            106.674065,
            10.760637
          ],
          [
            106.67405,
            10.760627
          ],
          [
            106.673379,
            10.760185
          ],
          [
            106.67328,
            10.76012
          ],
          [
            106.673192,
            10.760063
          ],
          [
            106.672507,
            10.759622
          ],
          [
            106.67246,
            10.759592
          ],
          [
            106.67187,
            10.759213
          ],
          [
            106.671829,
            10.759186
          ],
          [
            106.671482,
            10.758962
          ],
          [
            106.671385,
            10.7589
          ],
          [
            106.671285,
            10.758836
          ],
          [
            106.670649,
            10.758426
          ],
          [
            106.670279,
            10.758184
          ],
          [
            106.670241,
            10.75816
          ],
          [
            106.669536,
            10.757691
          ],
          [
            106.669444,
            10.757639
          ],
          [
            106.66935,
            10.757594
          ],
          [
            106.669268,
            10.757553
          ],
          [
            106.668564,
            10.757194
          ],
          [
            106.668253,
            10.757034
          ],
          [
            106.667935,
            10.756887
          ],
          [
            106.667263,
            10.75659
          ],
          [
            106.666963,
            10.756476
          ],
          [
            106.666661,
            10.75637
          ],
          [
            106.666479,
            10.756305
          ],
          [
            106.666379,
            10.756269
          ],
          [
            106.666278,
            10.756236
          ],
          [
            106.666145,
            10.756198
          ],
          [
            106.665815,
            10.756121
          ],
          [
            106.665319,
            10.756017
          ],
          [
            106.665232,
            10.755999
          ],
          [
            106.664201,
            10.755787
          ],
          [
            106.664136,
            10.755776
          ],
          [
            106.663453,
            10.755636
          ],
          [
            106.663383,
            10.755621
          ],
          [
            106.663167,
            10.755578
          ],
          [
            106.662949,
            10.755535
          ],
          [
            106.662894,
            10.755524
          ],
          [
            106.662429,
            10.755434
          ],
          [
            106.662388,
            10.755426
          ],
          [
            106.66229,
            10.755405
          ],
          [
            106.66221,
            10.755389
          ],
          [
            106.662143,
            10.755375
          ],
          [
            106.661786,
            10.755302
          ],
          [
            106.66156,
            10.755256
          ],
          [
            106.661482,
            10.75524
          ],
          [
            106.661404,
            10.755224
          ],
          [
            106.661205,
            10.755185
          ],
          [
            106.660381,
            10.75502
          ],
          [
            106.660346,
            10.755013
          ],
          [
            106.660215,
            10.754986
          ],
          [
            106.65893,
            10.754728
          ],
          [
            106.658588,
            10.754659
          ],
          [
            106.658454,
            10.754634
          ],
          [
            106.658298,
            10.754607
          ],
          [
            106.658037,
            10.754557
          ],
          [
            106.657351,
            10.754426
          ],
          [
            106.657296,
            10.754415
          ],
          [
            106.656202,
            10.754209
          ],
          [
            106.656116,
            10.754191
          ],
          [
            106.656008,
            10.754173
          ],
          [
            106.655162,
            10.754014
          ],
          [
            106.655068,
            10.753997
          ],
          [
            106.654546,
            10.753898
          ],
          [
            106.654429,
            10.753875
          ],
          [
            106.65443,
            10.75373
          ],
          [
            106.65443,
            10.75364
          ],
          [
            106.65443,
            10.753379
          ],
          [
            106.65443,
            10.753259
          ],
          [
            106.65443,
            10.752966
          ],
          [
            106.65443,
            10.75291
          ],
          [
            106.65443,
            10.752791
          ],
          [
            106.65443,
            10.752668
          ],
          [
            106.65443,
            10.752084
          ],
          [
            106.65443,
            10.751977
          ],
          [
            106.65443,
            10.75192
          ],
          [
            106.65443,
            10.751655
          ],
          [
            106.65443,
            10.751152
          ],
          [
            106.65443,
            10.751091
          ],
          [
            106.654552,
            10.750724
          ],
          [
            106.654597,
            10.750558
          ],
          [
            106.654703,
            10.750164
          ],
          [
            106.654821,
            10.749725
          ],
          [
            106.654954,
            10.74923
          ],
          [
            106.65498,
            10.74913
          ],
          [
            106.654907,
            10.74912
          ],
          [
            106.653858,
            10.748968
          ],
          [
            106.653765,
            10.748955
          ],
          [
            106.653681,
            10.748943
          ],
          [
            106.652785,
            10.748813
          ],
          [
            106.65269,
            10.7488
          ],
          [
            106.652625,
            10.74879
          ],
          [
            106.652072,
            10.74871
          ],
          [
            106.652045,
            10.748708
          ],
          [
            106.652022,
            10.748712
          ],
          [
            106.652001,
            10.748723
          ],
          [
            106.651988,
            10.748736
          ],
          [
            106.651979,
            10.748752
          ],
          [
            106.651974,
            10.748771
          ],
          [
            106.65195,
            10.748889
          ],
          [
            106.65195,
            10.748889
          ]
        ]
      }
    },
    {
      "type": "Feature",
      "properties": {
        "route_id": "VN-02",
        "route_name": "Bus 2: Mien Dong - Mien Tay",
        "route_type": "BUS",
        "route_ref": "BUS2",
        "origin_name": "Origin",
        "destination_name": "Destination",
        "region": "Other",
        "province": "Other"
      },
      "geometry": {
        "type": "LineString",
        "coordinates": [
          [
            106.710392,
            10.81444
          ],
          [
            106.710141,
            10.813936
          ],
          [
            106.709964,
            10.813995
          ],
          [
            106.709874,
            10.814031
          ],
          [
            106.709838,
            10.813961
          ],
          [
            106.709764,
            10.813804
          ],
          [
            106.709535,
            10.813316
          ],
          [
            106.709502,
            10.81324
          ],
          [
            106.709338,
            10.812821
          ],
          [
            106.709282,
            10.812639
          ],
          [
            106.7092,
            10.812342
          ],
          [
            106.709151,
            10.812062
          ],
          [
            106.709146,
            10.811809
          ],
          [
            106.709141,
            10.811567
          ],
          [
            106.709177,
            10.810713
          ],
          [
            106.709183,
            10.81058
          ],
          [
            106.70922,
            10.809552
          ],
          [
            106.709233,
            10.809252
          ],
          [
            106.709235,
            10.809214
          ],
          [
            106.709261,
            10.808822
          ],
          [
            106.709284,
            10.808348
          ],
          [
            106.709321,
            10.807848
          ],
          [
            106.709371,
            10.80734
          ],
          [
            106.709375,
            10.807295
          ],
          [
            106.709392,
            10.80711
          ],
          [
            106.709416,
            10.806833
          ],
          [
            106.709449,
            10.806411
          ],
          [
            106.709489,
            10.805909
          ],
          [
            106.709509,
            10.805593
          ],
          [
            106.709494,
            10.805016
          ],
          [
            106.70944,
            10.804023
          ],
          [
            106.70942,
            10.803712
          ],
          [
            106.709415,
            10.80364
          ],
          [
            106.709405,
            10.803454
          ],
          [
            106.709387,
            10.803143
          ],
          [
            106.709378,
            10.803033
          ],
          [
            106.709262,
            10.803042
          ],
          [
            106.709006,
            10.80306
          ],
          [
            106.708431,
            10.803103
          ],
          [
            106.708149,
            10.803123
          ],
          [
            106.707635,
            10.803161
          ],
          [
            106.707187,
            10.803195
          ],
          [
            106.706689,
            10.803236
          ],
          [
            106.706335,
            10.803257
          ],
          [
            106.706062,
            10.803278
          ],
          [
            106.705809,
            10.803297
          ],
          [
            106.705325,
            10.803333
          ],
          [
            106.704827,
            10.80337
          ],
          [
            106.70456,
            10.80339
          ],
          [
            106.704183,
            10.803418
          ],
          [
            106.703521,
            10.803467
          ],
          [
            106.703147,
            10.803529
          ],
          [
            106.702868,
            10.803575
          ],
          [
            106.702647,
            10.803636
          ],
          [
            106.702329,
            10.80372
          ],
          [
            106.701602,
            10.803925
          ],
          [
            106.701449,
            10.803891
          ],
          [
            106.701437,
            10.803889
          ],
          [
            106.701357,
            10.803858
          ],
          [
            106.701042,
            10.803736
          ],
          [
            106.700975,
            10.803711
          ],
          [
            106.700252,
            10.803434
          ],
          [
            106.699529,
            10.803139
          ],
          [
            106.699076,
            10.80295
          ],
          [
            106.698954,
            10.802899
          ],
          [
            106.698685,
            10.80279
          ],
          [
            106.698572,
            10.802741
          ],
          [
            106.69849,
            10.802705
          ],
          [
            106.698157,
            10.80255
          ],
          [
            106.698012,
            10.802516
          ],
          [
            106.697512,
            10.802569
          ],
          [
            106.697212,
            10.802601
          ],
          [
            106.696785,
            10.802649
          ],
          [
            106.696739,
            10.802652
          ],
          [
            106.69662,
            10.802664
          ],
          [
            106.696517,
            10.802673
          ],
          [
            106.696505,
            10.802557
          ],
          [
            106.696447,
            10.801349
          ],
          [
            106.696441,
            10.801259
          ],
          [
            106.696399,
            10.800662
          ],
          [
            106.696376,
            10.800227
          ],
          [
            106.69632,
            10.799556
          ],
          [
            106.696292,
            10.799116
          ],
          [
            106.696263,
            10.798642
          ],
          [
            106.69625,
            10.798461
          ],
          [
            106.696235,
            10.798263
          ],
          [
            106.696207,
            10.797987
          ],
          [
            106.69619,
            10.797707
          ],
          [
            106.696168,
            10.797341
          ],
          [
            106.69616,
            10.797193
          ],
          [
            106.696133,
            10.796645
          ],
          [
            106.696112,
            10.796246
          ],
          [
            106.696073,
            10.795694
          ],
          [
            106.696045,
            10.795153
          ],
          [
            106.696014,
            10.794571
          ],
          [
            106.696006,
            10.794451
          ],
          [
            106.695992,
            10.794269
          ],
          [
            106.69598,
            10.794106
          ],
          [
            106.695923,
            10.793174
          ],
          [
            106.695909,
            10.792926
          ],
          [
            106.695902,
            10.79281
          ],
          [
            106.695901,
            10.792784
          ],
          [
            106.695896,
            10.792682
          ],
          [
            106.695888,
            10.792567
          ],
          [
            106.695885,
            10.792506
          ],
          [
            106.695867,
            10.791971
          ],
          [
            106.695863,
            10.791836
          ],
          [
            106.695769,
            10.791745
          ],
          [
            106.695562,
            10.791545
          ],
          [
            106.695013,
            10.790989
          ],
          [
            106.694743,
            10.790715
          ],
          [
            106.694612,
            10.790583
          ],
          [
            106.694547,
            10.790517
          ],
          [
            106.694305,
            10.790272
          ],
          [
            106.694183,
            10.790148
          ],
          [
            106.693822,
            10.789783
          ],
          [
            106.693169,
            10.789122
          ],
          [
            106.693001,
            10.788952
          ],
          [
            106.692764,
            10.788713
          ],
          [
            106.692599,
            10.788545
          ],
          [
            106.692439,
            10.788383
          ],
          [
            106.692267,
            10.788209
          ],
          [
            106.692251,
            10.788193
          ],
          [
            106.692014,
            10.787953
          ],
          [
            106.691964,
            10.787902
          ],
          [
            106.691946,
            10.787884
          ],
          [
            106.691928,
            10.787866
          ],
          [
            106.691561,
            10.787494
          ],
          [
            106.691215,
            10.787144
          ],
          [
            106.691131,
            10.787059
          ],
          [
            106.690994,
            10.78692
          ],
          [
            106.690893,
            10.786818
          ],
          [
            106.690742,
            10.786665
          ],
          [
            106.690664,
            10.786586
          ],
          [
            106.690534,
            10.786454
          ],
          [
            106.689994,
            10.785907
          ],
          [
            106.689557,
            10.785465
          ],
          [
            106.689155,
            10.785059
          ],
          [
            106.689062,
            10.784964
          ],
          [
            106.688692,
            10.784591
          ],
          [
            106.688549,
            10.784446
          ],
          [
            106.68802,
            10.783913
          ],
          [
            106.68742,
            10.783308
          ],
          [
            106.686842,
            10.782724
          ],
          [
            106.686651,
            10.782532
          ],
          [
            106.686577,
            10.782457
          ],
          [
            106.686306,
            10.782183
          ],
          [
            106.686108,
            10.781983
          ],
          [
            106.685903,
            10.781777
          ],
          [
            106.685515,
            10.781385
          ],
          [
            106.685416,
            10.781285
          ],
          [
            106.684616,
            10.780478
          ],
          [
            106.684244,
            10.780103
          ],
          [
            106.684101,
            10.779958
          ],
          [
            106.683787,
            10.779641
          ],
          [
            106.683111,
            10.77896
          ],
          [
            106.683091,
            10.778939
          ],
          [
            106.683058,
            10.778905
          ],
          [
            106.68299,
            10.778837
          ],
          [
            106.682898,
            10.778744
          ],
          [
            106.682653,
            10.778497
          ],
          [
            106.682575,
            10.778418
          ],
          [
            106.682529,
            10.778372
          ],
          [
            106.682236,
            10.778077
          ],
          [
            106.682196,
            10.778041
          ],
          [
            106.682153,
            10.778008
          ],
          [
            106.682108,
            10.777979
          ],
          [
            106.682036,
            10.777942
          ],
          [
            106.681961,
            10.777914
          ],
          [
            106.681929,
            10.777971
          ],
          [
            106.681885,
            10.778019
          ],
          [
            106.68183,
            10.778056
          ],
          [
            106.681769,
            10.77808
          ],
          [
            106.681703,
            10.778089
          ],
          [
            106.681642,
            10.778085
          ],
          [
            106.681583,
            10.778066
          ],
          [
            106.681532,
            10.778038
          ],
          [
            106.681481,
            10.777992
          ],
          [
            106.68145,
            10.77795
          ],
          [
            106.681428,
            10.777903
          ],
          [
            106.681415,
            10.777851
          ],
          [
            106.681286,
            10.777741
          ],
          [
            106.681232,
            10.777691
          ],
          [
            106.681182,
            10.777637
          ],
          [
            106.681139,
            10.777583
          ],
          [
            106.681099,
            10.777528
          ],
          [
            106.681064,
            10.77747
          ],
          [
            106.681038,
            10.777424
          ],
          [
            106.680014,
            10.775613
          ],
          [
            106.679957,
            10.775513
          ],
          [
            106.679899,
            10.775423
          ],
          [
            106.679836,
            10.775337
          ],
          [
            106.679769,
            10.775253
          ],
          [
            106.679697,
            10.775174
          ],
          [
            106.679622,
            10.775098
          ],
          [
            106.679543,
            10.775027
          ],
          [
            106.67946,
            10.77496
          ],
          [
            106.679374,
            10.774898
          ],
          [
            106.67863,
            10.774433
          ],
          [
            106.678438,
            10.774314
          ],
          [
            106.677843,
            10.773943
          ],
          [
            106.67779,
            10.773909
          ],
          [
            106.677703,
            10.773856
          ],
          [
            106.677645,
            10.773815
          ],
          [
            106.676443,
            10.773065
          ],
          [
            106.67628,
            10.772962
          ],
          [
            106.675387,
            10.7724
          ],
          [
            106.675189,
            10.772275
          ],
          [
            106.675059,
            10.772193
          ],
          [
            106.674912,
            10.7721
          ],
          [
            106.674315,
            10.771733
          ],
          [
            106.674272,
            10.771707
          ],
          [
            106.674118,
            10.77161
          ],
          [
            106.673968,
            10.771515
          ],
          [
            106.67389,
            10.771469
          ],
          [
            106.673608,
            10.771299
          ],
          [
            106.673345,
            10.77114
          ],
          [
            106.673191,
            10.771048
          ],
          [
            106.673064,
            10.770973
          ],
          [
            106.672971,
            10.770922
          ],
          [
            106.672919,
            10.770891
          ],
          [
            106.671818,
            10.770284
          ],
          [
            106.671446,
            10.770088
          ],
          [
            106.671224,
            10.769958
          ],
          [
            106.671071,
            10.769875
          ],
          [
            106.671004,
            10.769836
          ],
          [
            106.670749,
            10.769695
          ],
          [
            106.670671,
            10.769655
          ],
          [
            106.670074,
            10.769331
          ],
          [
            106.669904,
            10.76919
          ],
          [
            106.669806,
            10.769132
          ],
          [
            106.667084,
            10.76771
          ],
          [
            106.665471,
            10.766792
          ],
          [
            106.665389,
            10.766745
          ],
          [
            106.665252,
            10.766695
          ],
          [
            106.665143,
            10.766667
          ],
          [
            106.664908,
            10.766539
          ],
          [
            106.664096,
            10.766096
          ],
          [
            106.664072,
            10.76608
          ],
          [
            106.663992,
            10.766037
          ],
          [
            106.663902,
            10.765988
          ],
          [
            106.663477,
            10.765761
          ],
          [
            106.663202,
            10.765614
          ],
          [
            106.663021,
            10.765517
          ],
          [
            106.662933,
            10.765471
          ],
          [
            106.662877,
            10.765442
          ],
          [
            106.66283,
            10.765417
          ],
          [
            106.66271,
            10.765353
          ],
          [
            106.661853,
            10.764894
          ],
          [
            106.661599,
            10.764759
          ],
          [
            106.661434,
            10.764673
          ],
          [
            106.66139,
            10.764648
          ],
          [
            106.661126,
            10.764507
          ],
          [
            106.660876,
            10.764374
          ],
          [
            106.660486,
            10.764166
          ],
          [
            106.660318,
            10.764079
          ],
          [
            106.660253,
            10.764043
          ],
          [
            106.66013,
            10.763977
          ],
          [
            106.660017,
            10.763917
          ],
          [
            106.659924,
            10.763865
          ],
          [
            106.659868,
            10.763836
          ],
          [
            106.659804,
            10.763801
          ],
          [
            106.659751,
            10.763771
          ],
          [
            106.659434,
            10.763598
          ],
          [
            106.658999,
            10.763362
          ],
          [
            106.658923,
            10.763321
          ],
          [
            106.658698,
            10.763198
          ],
          [
            106.657887,
            10.762755
          ],
          [
            106.657659,
            10.762633
          ],
          [
            106.657195,
            10.762377
          ],
          [
            106.657133,
            10.762343
          ],
          [
            106.657071,
            10.762313
          ],
          [
            106.656989,
            10.762266
          ],
          [
            106.65679,
            10.762159
          ],
          [
            106.656753,
            10.762144
          ],
          [
            106.656208,
            10.761842
          ],
          [
            106.655819,
            10.761632
          ],
          [
            106.655582,
            10.761504
          ],
          [
            106.655369,
            10.761389
          ],
          [
            106.655339,
            10.761372
          ],
          [
            106.654796,
            10.761075
          ],
          [
            106.654372,
            10.760848
          ],
          [
            106.653815,
            10.760548
          ],
          [
            106.653646,
            10.760457
          ],
          [
            106.653362,
            10.760303
          ],
          [
            106.653318,
            10.760279
          ],
          [
            106.653262,
            10.760249
          ],
          [
            106.653129,
            10.760176
          ],
          [
            106.652629,
            10.759903
          ],
          [
            106.652542,
            10.759857
          ],
          [
            106.652395,
            10.759781
          ],
          [
            106.652344,
            10.759755
          ],
          [
            106.652167,
            10.759655
          ],
          [
            106.65199,
            10.759559
          ],
          [
            106.651793,
            10.759453
          ],
          [
            106.651587,
            10.759339
          ],
          [
            106.651466,
            10.759272
          ],
          [
            106.651378,
            10.759226
          ],
          [
            106.651348,
            10.759211
          ],
          [
            106.651301,
            10.759188
          ],
          [
            106.651228,
            10.75915
          ],
          [
            106.650893,
            10.75897
          ],
          [
            106.650439,
            10.758722
          ],
          [
            106.649926,
            10.758444
          ],
          [
            106.649812,
            10.758383
          ],
          [
            106.649365,
            10.75814
          ],
          [
            106.649189,
            10.758045
          ],
          [
            106.649064,
            10.757978
          ],
          [
            106.648967,
            10.757925
          ],
          [
            106.648588,
            10.757714
          ],
          [
            106.648299,
            10.757554
          ],
          [
            106.648075,
            10.757427
          ],
          [
            106.647494,
            10.757116
          ],
          [
            106.646865,
            10.75678
          ],
          [
            106.646774,
            10.75673
          ],
          [
            106.64624,
            10.756439
          ],
          [
            106.645993,
            10.756305
          ],
          [
            106.645778,
            10.756188
          ],
          [
            106.645319,
            10.755929
          ],
          [
            106.645241,
            10.755865
          ],
          [
            106.643939,
            10.755129
          ],
          [
            106.643613,
            10.75495
          ],
          [
            106.643457,
            10.754855
          ],
          [
            106.642947,
            10.754513
          ],
          [
            106.64284,
            10.754451
          ],
          [
            106.642751,
            10.754409
          ],
          [
            106.642666,
            10.754375
          ],
          [
            106.642516,
            10.754339
          ],
          [
            106.642434,
            10.754333
          ],
          [
            106.642261,
            10.754321
          ],
          [
            106.640532,
            10.75451
          ],
          [
            106.640236,
            10.754549
          ],
          [
            106.640151,
            10.75456
          ],
          [
            106.64003,
            10.754576
          ],
          [
            106.639934,
            10.75459
          ],
          [
            106.639662,
            10.754623
          ],
          [
            106.63947,
            10.754645
          ],
          [
            106.639258,
            10.754672
          ],
          [
            106.63919,
            10.75468
          ],
          [
            106.638818,
            10.754721
          ],
          [
            106.638595,
            10.754747
          ],
          [
            106.63836,
            10.754775
          ],
          [
            106.638189,
            10.754782
          ],
          [
            106.637265,
            10.754766
          ],
          [
            106.637193,
            10.754767
          ],
          [
            106.636876,
            10.754771
          ],
          [
            106.636327,
            10.754774
          ],
          [
            106.635979,
            10.754756
          ],
          [
            106.635761,
            10.754723
          ],
          [
            106.635582,
            10.754671
          ],
          [
            106.635415,
            10.754612
          ],
          [
            106.635254,
            10.754537
          ],
          [
            106.634865,
            10.754314
          ],
          [
            106.634792,
            10.754283
          ],
          [
            106.634721,
            10.754246
          ],
          [
            106.634677,
            10.754228
          ],
          [
            106.634594,
            10.754277
          ],
          [
            106.634499,
            10.754301
          ],
          [
            106.634402,
            10.754297
          ],
          [
            106.634309,
            10.754265
          ],
          [
            106.634263,
            10.754236
          ],
          [
            106.634223,
            10.7542
          ],
          [
            106.634217,
            10.754193
          ],
          [
            106.634189,
            10.754158
          ],
          [
            106.634162,
            10.754111
          ],
          [
            106.63414,
            10.754045
          ],
          [
            106.634132,
            10.753984
          ],
          [
            106.634136,
            10.753934
          ],
          [
            106.634137,
            10.753922
          ],
          [
            106.634149,
            10.753867
          ],
          [
            106.634154,
            10.753847
          ],
          [
            106.633928,
            10.753735
          ],
          [
            106.633896,
            10.753717
          ],
          [
            106.633829,
            10.753676
          ],
          [
            106.63332,
            10.753347
          ],
          [
            106.633177,
            10.753253
          ],
          [
            106.632944,
            10.753076
          ],
          [
            106.63278,
            10.75295
          ],
          [
            106.632561,
            10.752788
          ],
          [
            106.632359,
            10.752638
          ],
          [
            106.632143,
            10.752471
          ],
          [
            106.631951,
            10.752322
          ],
          [
            106.63154,
            10.752004
          ],
          [
            106.631515,
            10.751985
          ],
          [
            106.631502,
            10.751975
          ],
          [
            106.631366,
            10.751869
          ],
          [
            106.631207,
            10.751746
          ],
          [
            106.630905,
            10.751512
          ],
          [
            106.630523,
            10.751216
          ],
          [
            106.630182,
            10.750952
          ],
          [
            106.629849,
            10.750695
          ],
          [
            106.629816,
            10.750669
          ],
          [
            106.629637,
            10.750531
          ],
          [
            106.629446,
            10.750382
          ],
          [
            106.62927,
            10.750246
          ],
          [
            106.628994,
            10.750032
          ],
          [
            106.628822,
            10.749899
          ],
          [
            106.628757,
            10.749849
          ],
          [
            106.628687,
            10.749796
          ],
          [
            106.628613,
            10.749735
          ],
          [
            106.62858,
            10.749709
          ],
          [
            106.628356,
            10.749518
          ],
          [
            106.628149,
            10.749355
          ],
          [
            106.627574,
            10.748902
          ],
          [
            106.626736,
            10.748268
          ],
          [
            106.62651,
            10.748097
          ],
          [
            106.626339,
            10.747967
          ],
          [
            106.626205,
            10.747867
          ],
          [
            106.626096,
            10.747778
          ],
          [
            106.625327,
            10.747164
          ],
          [
            106.62476,
            10.746683
          ],
          [
            106.624305,
            10.746258
          ],
          [
            106.624292,
            10.746238
          ],
          [
            106.624283,
            10.746216
          ],
          [
            106.624277,
            10.74619
          ],
          [
            106.624277,
            10.746164
          ],
          [
            106.623985,
            10.745914
          ],
          [
            106.623941,
            10.745871
          ],
          [
            106.62389,
            10.745816
          ],
          [
            106.623863,
            10.745781
          ],
          [
            106.623839,
            10.745745
          ],
          [
            106.623805,
            10.745755
          ],
          [
            106.623767,
            10.745756
          ],
          [
            106.623745,
            10.745754
          ],
          [
            106.623724,
            10.745751
          ],
          [
            106.623703,
            10.745745
          ],
          [
            106.623683,
            10.745737
          ],
          [
            106.623664,
            10.745727
          ],
          [
            106.623646,
            10.745715
          ],
          [
            106.62363,
            10.745703
          ],
          [
            106.623611,
            10.745689
          ],
          [
            106.623598,
            10.745668
          ],
          [
            106.623589,
            10.74565
          ],
          [
            106.623522,
            10.745608
          ],
          [
            106.623458,
            10.745563
          ],
          [
            106.623395,
            10.745514
          ],
          [
            106.623104,
            10.745276
          ],
          [
            106.622634,
            10.744867
          ],
          [
            106.622572,
            10.744818
          ],
          [
            106.622309,
            10.744586
          ],
          [
            106.621609,
            10.744015
          ],
          [
            106.621581,
            10.743991
          ],
          [
            106.621442,
            10.743876
          ],
          [
            106.621399,
            10.743841
          ],
          [
            106.621323,
            10.743778
          ],
          [
            106.621297,
            10.743756
          ],
          [
            106.621243,
            10.74371
          ],
          [
            106.620725,
            10.743282
          ],
          [
            106.620228,
            10.742865
          ],
          [
            106.619752,
            10.742467
          ],
          [
            106.6196,
            10.742336
          ],
          [
            106.619183,
            10.741985
          ],
          [
            106.619103,
            10.741914
          ],
          [
            106.618825,
            10.741685
          ],
          [
            106.618494,
            10.741397
          ],
          [
            106.618362,
            10.741284
          ],
          [
            106.61827,
            10.741204
          ],
          [
            106.618149,
            10.741101
          ],
          [
            106.618088,
            10.74105
          ],
          [
            106.617912,
            10.740899
          ],
          [
            106.617645,
            10.740673
          ],
          [
            106.617466,
            10.740526
          ],
          [
            106.617244,
            10.74034
          ],
          [
            106.617009,
            10.740156
          ],
          [
            106.616883,
            10.740049
          ],
          [
            106.616666,
            10.739867
          ],
          [
            106.616463,
            10.739697
          ],
          [
            106.616382,
            10.739629
          ],
          [
            106.61629,
            10.739553
          ],
          [
            106.616251,
            10.739521
          ],
          [
            106.615931,
            10.739256
          ],
          [
            106.61568,
            10.739043
          ],
          [
            106.615525,
            10.738901
          ],
          [
            106.615469,
            10.738841
          ],
          [
            106.615401,
            10.738769
          ],
          [
            106.615333,
            10.738693
          ],
          [
            106.615303,
            10.738647
          ],
          [
            106.615272,
            10.738582
          ],
          [
            106.615245,
            10.738514
          ],
          [
            106.615215,
            10.738433
          ],
          [
            106.615184,
            10.7384
          ],
          [
            106.615153,
            10.738361
          ],
          [
            106.615128,
            10.738321
          ],
          [
            106.615097,
            10.738275
          ],
          [
            106.615048,
            10.7382
          ],
          [
            106.61515,
            10.738161
          ],
          [
            106.615221,
            10.738134
          ],
          [
            106.615274,
            10.738109
          ],
          [
            106.615566,
            10.737907
          ],
          [
            106.61567,
            10.737891
          ],
          [
            106.616472,
            10.738054
          ],
          [
            106.616668,
            10.737814
          ],
          [
            106.617787,
            10.738015
          ],
          [
            106.618071,
            10.73806
          ]
        ]
      }
    },
    {
      "type": "Feature",
      "properties": {
        "route_id": "VN-03",
        "route_name": "Bus 3: District 1 - District 7",
        "route_type": "BUS",
        "route_ref": "BUS3",
        "origin_name": "Origin",
        "destination_name": "Destination",
        "region": "Other",
        "province": "Other"
      },
      "geometry": {
        "type": "LineString",
        "coordinates": [
          [
            106.700063,
            10.776104
          ],
          [
            106.700061,
            10.776084
          ],
          [
            106.700021,
            10.776059
          ],
          [
            106.699733,
            10.776312
          ],
          [
            106.69966,
            10.776238
          ],
          [
            106.699258,
            10.775832
          ],
          [
            106.699248,
            10.775801
          ],
          [
            106.699209,
            10.775778
          ],
          [
            106.699109,
            10.775717
          ],
          [
            106.699489,
            10.774854
          ],
          [
            106.699521,
            10.774782
          ],
          [
            106.699569,
            10.774664
          ],
          [
            106.699623,
            10.774526
          ],
          [
            106.699756,
            10.774197
          ],
          [
            106.700037,
            10.773527
          ],
          [
            106.700086,
            10.773414
          ],
          [
            106.699935,
            10.773252
          ],
          [
            106.699875,
            10.77319
          ],
          [
            106.699012,
            10.772276
          ],
          [
            106.698905,
            10.772167
          ],
          [
            106.698853,
            10.772093
          ],
          [
            106.698811,
            10.772016
          ],
          [
            106.698773,
            10.771934
          ],
          [
            106.698732,
            10.771847
          ],
          [
            106.69868,
            10.771767
          ],
          [
            106.698532,
            10.771586
          ],
          [
            106.698502,
            10.771549
          ],
          [
            106.698437,
            10.77147
          ],
          [
            106.698419,
            10.771446
          ],
          [
            106.698366,
            10.771377
          ],
          [
            106.698292,
            10.771295
          ],
          [
            106.698135,
            10.771122
          ],
          [
            106.698085,
            10.771068
          ],
          [
            106.697994,
            10.770971
          ],
          [
            106.697333,
            10.770256
          ],
          [
            106.697136,
            10.770041
          ],
          [
            106.696992,
            10.769882
          ],
          [
            106.696523,
            10.769369
          ],
          [
            106.696439,
            10.769275
          ],
          [
            106.696229,
            10.769039
          ],
          [
            106.696172,
            10.768975
          ],
          [
            106.695831,
            10.768593
          ],
          [
            106.695633,
            10.768372
          ],
          [
            106.695463,
            10.768181
          ],
          [
            106.695432,
            10.768145
          ],
          [
            106.695323,
            10.768025
          ],
          [
            106.695353,
            10.767997
          ],
          [
            106.695383,
            10.767966
          ],
          [
            106.69541,
            10.767886
          ],
          [
            106.69544,
            10.767836
          ],
          [
            106.695474,
            10.767777
          ],
          [
            106.695771,
            10.767281
          ],
          [
            106.695901,
            10.767067
          ],
          [
            106.695946,
            10.767001
          ],
          [
            106.695991,
            10.766918
          ],
          [
            106.696257,
            10.766454
          ],
          [
            106.696328,
            10.766331
          ],
          [
            106.696393,
            10.766217
          ],
          [
            106.696534,
            10.766019
          ],
          [
            106.696736,
            10.765668
          ],
          [
            106.696793,
            10.765575
          ],
          [
            106.696845,
            10.76549
          ],
          [
            106.696885,
            10.765425
          ],
          [
            106.696924,
            10.765361
          ],
          [
            106.696972,
            10.765283
          ],
          [
            106.697013,
            10.765222
          ],
          [
            106.697082,
            10.765127
          ],
          [
            106.697261,
            10.764809
          ],
          [
            106.697629,
            10.764172
          ],
          [
            106.69777,
            10.763962
          ],
          [
            106.698147,
            10.763581
          ],
          [
            106.698689,
            10.763071
          ],
          [
            106.699063,
            10.762701
          ],
          [
            106.699386,
            10.762394
          ],
          [
            106.699676,
            10.762053
          ],
          [
            106.699801,
            10.761875
          ],
          [
            106.69987,
            10.76177
          ],
          [
            106.699925,
            10.761693
          ],
          [
            106.699937,
            10.761672
          ],
          [
            106.699983,
            10.761595
          ],
          [
            106.700109,
            10.761398
          ],
          [
            106.700288,
            10.761118
          ],
          [
            106.700349,
            10.761023
          ],
          [
            106.700253,
            10.760961
          ],
          [
            106.699713,
            10.760565
          ],
          [
            106.699598,
            10.760481
          ],
          [
            106.699323,
            10.760279
          ],
          [
            106.699051,
            10.76008
          ],
          [
            106.698911,
            10.759975
          ],
          [
            106.69872,
            10.759829
          ],
          [
            106.698572,
            10.759719
          ],
          [
            106.69855,
            10.759659
          ],
          [
            106.69851,
            10.759633
          ],
          [
            106.698568,
            10.759561
          ],
          [
            106.69857,
            10.759475
          ],
          [
            106.698868,
            10.75908
          ],
          [
            106.699105,
            10.758782
          ],
          [
            106.699209,
            10.758651
          ],
          [
            106.699521,
            10.758216
          ],
          [
            106.699644,
            10.758057
          ],
          [
            106.699694,
            10.757983
          ],
          [
            106.699731,
            10.757933
          ],
          [
            106.699788,
            10.757866
          ],
          [
            106.699899,
            10.757723
          ],
          [
            106.700459,
            10.75696
          ],
          [
            106.701152,
            10.756047
          ],
          [
            106.701612,
            10.755506
          ],
          [
            106.701815,
            10.755239
          ],
          [
            106.701857,
            10.755159
          ],
          [
            106.701884,
            10.755102
          ],
          [
            106.701907,
            10.755042
          ],
          [
            106.701925,
            10.754973
          ],
          [
            106.701931,
            10.754901
          ],
          [
            106.701968,
            10.754571
          ],
          [
            106.702104,
            10.753179
          ],
          [
            106.702224,
            10.751785
          ],
          [
            106.702369,
            10.750307
          ],
          [
            106.702389,
            10.749944
          ],
          [
            106.702385,
            10.749284
          ],
          [
            106.70238,
            10.749112
          ],
          [
            106.702364,
            10.748977
          ],
          [
            106.702324,
            10.748632
          ],
          [
            106.702206,
            10.747897
          ],
          [
            106.702041,
            10.746959
          ],
          [
            106.701986,
            10.746615
          ],
          [
            106.701935,
            10.74634
          ],
          [
            106.701924,
            10.746285
          ],
          [
            106.701848,
            10.745922
          ],
          [
            106.701747,
            10.745435
          ],
          [
            106.701737,
            10.745384
          ],
          [
            106.701698,
            10.745182
          ],
          [
            106.701692,
            10.745144
          ],
          [
            106.701679,
            10.745045
          ],
          [
            106.701666,
            10.744943
          ],
          [
            106.701606,
            10.744536
          ],
          [
            106.701552,
            10.744233
          ],
          [
            106.70153,
            10.744103
          ],
          [
            106.701439,
            10.743574
          ],
          [
            106.701436,
            10.743556
          ],
          [
            106.701423,
            10.743486
          ],
          [
            106.701372,
            10.743181
          ],
          [
            106.701365,
            10.743137
          ],
          [
            106.701271,
            10.742587
          ],
          [
            106.701162,
            10.742017
          ],
          [
            106.701128,
            10.741825
          ],
          [
            106.701026,
            10.741241
          ],
          [
            106.700977,
            10.740968
          ],
          [
            106.700906,
            10.740554
          ],
          [
            106.700887,
            10.740447
          ],
          [
            106.700865,
            10.740344
          ],
          [
            106.700839,
            10.74019
          ],
          [
            106.700793,
            10.739916
          ],
          [
            106.700705,
            10.7394
          ],
          [
            106.700669,
            10.739188
          ],
          [
            106.700649,
            10.739069
          ],
          [
            106.700642,
            10.739026
          ],
          [
            106.700557,
            10.738522
          ],
          [
            106.700461,
            10.737938
          ],
          [
            106.700353,
            10.737259
          ],
          [
            106.70008,
            10.735611
          ],
          [
            106.699994,
            10.735086
          ],
          [
            106.699885,
            10.734339
          ],
          [
            106.699853,
            10.73402
          ],
          [
            106.699845,
            10.733598
          ],
          [
            106.699848,
            10.733479
          ],
          [
            106.69985,
            10.733411
          ],
          [
            106.699853,
            10.7333
          ],
          [
            106.699854,
            10.73321
          ],
          [
            106.699858,
            10.733138
          ],
          [
            106.699859,
            10.733121
          ],
          [
            106.699859,
            10.733111
          ],
          [
            106.699863,
            10.733069
          ],
          [
            106.699864,
            10.733051
          ],
          [
            106.699939,
            10.732467
          ],
          [
            106.70002,
            10.731848
          ],
          [
            106.700054,
            10.731578
          ],
          [
            106.700079,
            10.731393
          ],
          [
            106.700235,
            10.730224
          ],
          [
            106.700381,
            10.729106
          ],
          [
            106.700394,
            10.729006
          ],
          [
            106.700397,
            10.728906
          ],
          [
            106.700417,
            10.728267
          ],
          [
            106.700418,
            10.72823
          ],
          [
            106.700506,
            10.728231
          ],
          [
            106.700578,
            10.728231
          ],
          [
            106.702263,
            10.728256
          ],
          [
            106.703131,
            10.728269
          ],
          [
            106.703296,
            10.728273
          ],
          [
            106.705047,
            10.728309
          ],
          [
            106.706667,
            10.728347
          ],
          [
            106.706729,
            10.728349
          ],
          [
            106.706785,
            10.72835
          ],
          [
            106.706857,
            10.728352
          ],
          [
            106.706902,
            10.728353
          ],
          [
            106.708375,
            10.728396
          ],
          [
            106.708483,
            10.728397
          ],
          [
            106.708612,
            10.728399
          ],
          [
            106.708733,
            10.728401
          ],
          [
            106.708785,
            10.728403
          ],
          [
            106.712105,
            10.728486
          ],
          [
            106.712195,
            10.728488
          ],
          [
            106.712287,
            10.728492
          ],
          [
            106.71229,
            10.728612
          ],
          [
            106.712305,
            10.729066
          ],
          [
            106.712311,
            10.729211
          ],
          [
            106.712315,
            10.729301
          ],
          [
            106.712313,
            10.729435
          ],
          [
            106.712309,
            10.729631
          ],
          [
            106.712306,
            10.729786
          ],
          [
            106.712304,
            10.729846
          ],
          [
            106.712295,
            10.730235
          ],
          [
            106.712291,
            10.730388
          ],
          [
            106.712283,
            10.730718
          ],
          [
            106.712281,
            10.730798
          ],
          [
            106.712272,
            10.73115
          ],
          [
            106.71227,
            10.731228
          ],
          [
            106.712253,
            10.731891
          ],
          [
            106.712249,
            10.732069
          ],
          [
            106.712406,
            10.731967
          ],
          [
            106.712629,
            10.731841
          ],
          [
            106.712814,
            10.731721
          ]
        ]
      }
    },
    {
      "type": "Feature",
      "properties": {
        "route_id": "VN-04",
        "route_name": "Bus 4: Airport - City Center",
        "route_type": "BUS",
        "route_ref": "BUS4",
        "origin_name": "Origin",
        "destination_name": "Destination",
        "region": "Other",
        "province": "Other"
      },
      "geometry": {
        "type": "LineString",
        "coordinates": [
          [
            106.666109,
            10.813978
          ],
          [
            106.665927,
            10.813965
          ],
          [
            106.665847,
            10.813959
          ],
          [
            106.665699,
            10.813943
          ],
          [
            106.665641,
            10.813926
          ],
          [
            106.665605,
            10.813914
          ],
          [
            106.66557,
            10.8139
          ],
          [
            106.665534,
            10.81388
          ],
          [
            106.665502,
            10.813861
          ],
          [
            106.665464,
            10.813832
          ],
          [
            106.665429,
            10.813804
          ],
          [
            106.665399,
            10.813778
          ],
          [
            106.665367,
            10.813747
          ],
          [
            106.665329,
            10.813707
          ],
          [
            106.665285,
            10.81366
          ],
          [
            106.665257,
            10.813628
          ],
          [
            106.665181,
            10.813515
          ],
          [
            106.665121,
            10.813407
          ],
          [
            106.665085,
            10.813324
          ],
          [
            106.665051,
            10.813223
          ],
          [
            106.665025,
            10.81313
          ],
          [
            106.665006,
            10.813044
          ],
          [
            106.664982,
            10.812855
          ],
          [
            106.664945,
            10.812566
          ],
          [
            106.664938,
            10.81246
          ],
          [
            106.664934,
            10.812401
          ],
          [
            106.664926,
            10.812288
          ],
          [
            106.664908,
            10.81202
          ],
          [
            106.664878,
            10.811586
          ],
          [
            106.664855,
            10.811344
          ],
          [
            106.664847,
            10.811229
          ],
          [
            106.664842,
            10.811152
          ],
          [
            106.664791,
            10.810593
          ],
          [
            106.664773,
            10.810393
          ],
          [
            106.664757,
            10.810187
          ],
          [
            106.664737,
            10.809939
          ],
          [
            106.66471,
            10.809592
          ],
          [
            106.6647,
            10.809477
          ],
          [
            106.664694,
            10.809398
          ],
          [
            106.664643,
            10.808949
          ],
          [
            106.664635,
            10.80886
          ],
          [
            106.664582,
            10.808261
          ],
          [
            106.664537,
            10.807755
          ],
          [
            106.664528,
            10.807689
          ],
          [
            106.66449,
            10.807332
          ],
          [
            106.664431,
            10.806651
          ],
          [
            106.664372,
            10.805905
          ],
          [
            106.664362,
            10.805764
          ],
          [
            106.664308,
            10.805005
          ],
          [
            106.664296,
            10.804799
          ],
          [
            106.664276,
            10.804569
          ],
          [
            106.664249,
            10.804415
          ],
          [
            106.664217,
            10.804285
          ],
          [
            106.664176,
            10.804146
          ],
          [
            106.664108,
            10.80394
          ],
          [
            106.663976,
            10.803642
          ],
          [
            106.663846,
            10.803312
          ],
          [
            106.663639,
            10.802789
          ],
          [
            106.663611,
            10.802715
          ],
          [
            106.663511,
            10.802537
          ],
          [
            106.663148,
            10.802129
          ],
          [
            106.662181,
            10.801172
          ],
          [
            106.661944,
            10.800971
          ],
          [
            106.661859,
            10.800907
          ],
          [
            106.661821,
            10.800883
          ],
          [
            106.661772,
            10.800856
          ],
          [
            106.661691,
            10.800815
          ],
          [
            106.661258,
            10.800648
          ],
          [
            106.661135,
            10.800606
          ],
          [
            106.661088,
            10.800619
          ],
          [
            106.661037,
            10.800617
          ],
          [
            106.660989,
            10.800601
          ],
          [
            106.66094,
            10.800571
          ],
          [
            106.660898,
            10.800535
          ],
          [
            106.66086,
            10.800481
          ],
          [
            106.660831,
            10.800422
          ],
          [
            106.660826,
            10.800367
          ],
          [
            106.660833,
            10.800324
          ],
          [
            106.660846,
            10.800291
          ],
          [
            106.660879,
            10.800259
          ],
          [
            106.660691,
            10.800076
          ],
          [
            106.660622,
            10.800009
          ],
          [
            106.66058,
            10.799968
          ],
          [
            106.660518,
            10.799908
          ],
          [
            106.660436,
            10.799892
          ],
          [
            106.660409,
            10.799868
          ],
          [
            106.660251,
            10.799719
          ],
          [
            106.660122,
            10.799598
          ],
          [
            106.659902,
            10.799389
          ],
          [
            106.659757,
            10.799254
          ],
          [
            106.659478,
            10.798993
          ],
          [
            106.659152,
            10.798688
          ],
          [
            106.658945,
            10.798484
          ],
          [
            106.658642,
            10.798185
          ],
          [
            106.658607,
            10.798148
          ],
          [
            106.658565,
            10.798106
          ],
          [
            106.658487,
            10.798025
          ],
          [
            106.658485,
            10.798023
          ],
          [
            106.6584,
            10.797936
          ],
          [
            106.658352,
            10.797886
          ],
          [
            106.658385,
            10.797819
          ],
          [
            106.658456,
            10.797683
          ],
          [
            106.658532,
            10.797098
          ],
          [
            106.65855,
            10.796962
          ],
          [
            106.658597,
            10.796863
          ],
          [
            106.658613,
            10.79676
          ],
          [
            106.65868,
            10.796403
          ],
          [
            106.658757,
            10.79601
          ],
          [
            106.658771,
            10.795937
          ],
          [
            106.658899,
            10.795222
          ],
          [
            106.658902,
            10.795204
          ],
          [
            106.658908,
            10.795172
          ],
          [
            106.658954,
            10.794906
          ],
          [
            106.658966,
            10.794838
          ],
          [
            106.658996,
            10.794669
          ],
          [
            106.659,
            10.794644
          ],
          [
            106.659079,
            10.794211
          ],
          [
            106.6591,
            10.794081
          ],
          [
            106.659087,
            10.793994
          ],
          [
            106.659127,
            10.793774
          ],
          [
            106.659145,
            10.793675
          ],
          [
            106.659159,
            10.7936
          ],
          [
            106.659174,
            10.793487
          ],
          [
            106.659176,
            10.793438
          ],
          [
            106.65917,
            10.793381
          ],
          [
            106.65915,
            10.793353
          ],
          [
            106.659129,
            10.793319
          ],
          [
            106.659121,
            10.793305
          ],
          [
            106.659114,
            10.793286
          ],
          [
            106.65911,
            10.79327
          ],
          [
            106.65911,
            10.793254
          ],
          [
            106.659112,
            10.793237
          ],
          [
            106.659118,
            10.793217
          ],
          [
            106.659137,
            10.793198
          ],
          [
            106.65918,
            10.793159
          ],
          [
            106.659365,
            10.793015
          ],
          [
            106.659715,
            10.792735
          ],
          [
            106.659867,
            10.792617
          ],
          [
            106.660805,
            10.791912
          ],
          [
            106.660885,
            10.791864
          ],
          [
            106.660939,
            10.791836
          ],
          [
            106.661002,
            10.791806
          ],
          [
            106.661595,
            10.79159
          ],
          [
            106.661632,
            10.791577
          ],
          [
            106.661706,
            10.79155
          ],
          [
            106.661839,
            10.791508
          ],
          [
            106.661972,
            10.791478
          ],
          [
            106.661933,
            10.791373
          ],
          [
            106.661922,
            10.791348
          ],
          [
            106.661892,
            10.79127
          ],
          [
            106.661819,
            10.7911
          ],
          [
            106.661768,
            10.790972
          ],
          [
            106.661701,
            10.790826
          ],
          [
            106.661595,
            10.790603
          ],
          [
            106.661565,
            10.790541
          ],
          [
            106.661424,
            10.790258
          ],
          [
            106.661336,
            10.790103
          ],
          [
            106.66131,
            10.790059
          ],
          [
            106.661195,
            10.789873
          ],
          [
            106.661084,
            10.789707
          ],
          [
            106.660851,
            10.78936
          ],
          [
            106.66069,
            10.789121
          ],
          [
            106.660636,
            10.78904
          ],
          [
            106.660705,
            10.789003
          ],
          [
            106.660729,
            10.78899
          ],
          [
            106.660772,
            10.788967
          ],
          [
            106.661012,
            10.788836
          ],
          [
            106.661261,
            10.788708
          ],
          [
            106.66153,
            10.788571
          ],
          [
            106.661815,
            10.788424
          ],
          [
            106.662019,
            10.788323
          ],
          [
            106.662036,
            10.788314
          ],
          [
            106.6621,
            10.78828
          ],
          [
            106.662194,
            10.788229
          ],
          [
            106.662412,
            10.788109
          ],
          [
            106.662713,
            10.787944
          ],
          [
            106.663031,
            10.78777
          ],
          [
            106.663165,
            10.787697
          ],
          [
            106.663478,
            10.78753
          ],
          [
            106.6638,
            10.787367
          ],
          [
            106.663864,
            10.787308
          ],
          [
            106.664193,
            10.787135
          ],
          [
            106.664418,
            10.787015
          ],
          [
            106.66462,
            10.786905
          ],
          [
            106.664865,
            10.786769
          ],
          [
            106.665429,
            10.786456
          ],
          [
            106.665826,
            10.786246
          ],
          [
            106.666205,
            10.786051
          ],
          [
            106.666232,
            10.786037
          ],
          [
            106.666429,
            10.785932
          ],
          [
            106.666473,
            10.785909
          ],
          [
            106.666544,
            10.785892
          ],
          [
            106.666587,
            10.785868
          ],
          [
            106.666869,
            10.785714
          ],
          [
            106.66706,
            10.785614
          ],
          [
            106.667206,
            10.785535
          ],
          [
            106.667661,
            10.785289
          ],
          [
            106.667804,
            10.785213
          ],
          [
            106.667981,
            10.785119
          ],
          [
            106.668185,
            10.785012
          ],
          [
            106.668312,
            10.784944
          ],
          [
            106.668397,
            10.784899
          ],
          [
            106.668689,
            10.784745
          ],
          [
            106.668992,
            10.784583
          ],
          [
            106.669107,
            10.784522
          ],
          [
            106.669269,
            10.784436
          ],
          [
            106.66959,
            10.784263
          ],
          [
            106.669797,
            10.784152
          ],
          [
            106.669943,
            10.784071
          ],
          [
            106.670331,
            10.783875
          ],
          [
            106.670659,
            10.783693
          ],
          [
            106.670726,
            10.783656
          ],
          [
            106.670925,
            10.783547
          ],
          [
            106.670978,
            10.783517
          ],
          [
            106.671078,
            10.783465
          ],
          [
            106.671147,
            10.783429
          ],
          [
            106.671399,
            10.783296
          ],
          [
            106.671435,
            10.783277
          ],
          [
            106.671466,
            10.78326
          ],
          [
            106.671925,
            10.783012
          ],
          [
            106.6721,
            10.782918
          ],
          [
            106.672434,
            10.782741
          ],
          [
            106.672464,
            10.782725
          ],
          [
            106.672759,
            10.782568
          ],
          [
            106.67291,
            10.782487
          ],
          [
            106.672974,
            10.782452
          ],
          [
            106.673288,
            10.782281
          ],
          [
            106.673495,
            10.78217
          ],
          [
            106.673882,
            10.781966
          ],
          [
            106.674238,
            10.781773
          ],
          [
            106.674371,
            10.781702
          ],
          [
            106.674606,
            10.781576
          ],
          [
            106.674856,
            10.781458
          ],
          [
            106.67516,
            10.781281
          ],
          [
            106.675257,
            10.781224
          ],
          [
            106.675591,
            10.78105
          ],
          [
            106.675749,
            10.780964
          ],
          [
            106.675905,
            10.780881
          ],
          [
            106.675957,
            10.780853
          ],
          [
            106.676179,
            10.780733
          ],
          [
            106.676358,
            10.780635
          ],
          [
            106.676655,
            10.780488
          ],
          [
            106.676666,
            10.780458
          ],
          [
            106.67692,
            10.780323
          ],
          [
            106.676951,
            10.78033
          ],
          [
            106.677074,
            10.780264
          ],
          [
            106.677116,
            10.780241
          ],
          [
            106.677129,
            10.780213
          ],
          [
            106.677319,
            10.780123
          ],
          [
            106.677474,
            10.780043
          ],
          [
            106.678084,
            10.779725
          ],
          [
            106.678161,
            10.779684
          ],
          [
            106.678247,
            10.779632
          ],
          [
            106.678425,
            10.77953
          ],
          [
            106.678487,
            10.779513
          ],
          [
            106.678638,
            10.779429
          ],
          [
            106.678948,
            10.779273
          ],
          [
            106.679074,
            10.779196
          ],
          [
            106.679388,
            10.779014
          ],
          [
            106.679425,
            10.778995
          ],
          [
            106.679638,
            10.778886
          ],
          [
            106.679842,
            10.778776
          ],
          [
            106.680115,
            10.778629
          ],
          [
            106.68031,
            10.778527
          ],
          [
            106.680537,
            10.778407
          ],
          [
            106.68076,
            10.778293
          ],
          [
            106.68145,
            10.77795
          ],
          [
            106.681428,
            10.777903
          ],
          [
            106.681415,
            10.777851
          ],
          [
            106.681415,
            10.777768
          ],
          [
            106.68144,
            10.777689
          ],
          [
            106.681487,
            10.77762
          ],
          [
            106.681546,
            10.777572
          ],
          [
            106.681615,
            10.777542
          ],
          [
            106.68169,
            10.77753
          ],
          [
            106.681765,
            10.777538
          ],
          [
            106.681815,
            10.777555
          ],
          [
            106.68186,
            10.777581
          ],
          [
            106.6819,
            10.777615
          ],
          [
            106.681938,
            10.77766
          ],
          [
            106.682044,
            10.777599
          ],
          [
            106.68273,
            10.777228
          ],
          [
            106.68277,
            10.777206
          ],
          [
            106.682872,
            10.77715
          ],
          [
            106.683185,
            10.776982
          ],
          [
            106.683235,
            10.776917
          ],
          [
            106.68351,
            10.776769
          ],
          [
            106.683536,
            10.776755
          ],
          [
            106.683657,
            10.776693
          ],
          [
            106.683768,
            10.77663
          ],
          [
            106.684532,
            10.776211
          ],
          [
            106.68483,
            10.776062
          ],
          [
            106.685156,
            10.775887
          ],
          [
            106.685215,
            10.775855
          ],
          [
            106.685316,
            10.775801
          ],
          [
            106.685473,
            10.775716
          ],
          [
            106.68553,
            10.775686
          ],
          [
            106.685576,
            10.775661
          ],
          [
            106.68592,
            10.775475
          ],
          [
            106.68631,
            10.775265
          ],
          [
            106.686351,
            10.775243
          ],
          [
            106.686669,
            10.775072
          ],
          [
            106.686697,
            10.775057
          ],
          [
            106.686809,
            10.774996
          ],
          [
            106.686947,
            10.774923
          ],
          [
            106.687037,
            10.774877
          ],
          [
            106.687123,
            10.774835
          ],
          [
            106.687426,
            10.774672
          ],
          [
            106.687485,
            10.774641
          ],
          [
            106.68757,
            10.774595
          ],
          [
            106.687601,
            10.774579
          ],
          [
            106.687643,
            10.774557
          ],
          [
            106.688067,
            10.774323
          ],
          [
            106.688176,
            10.774247
          ],
          [
            106.688308,
            10.774207
          ],
          [
            106.688442,
            10.774126
          ],
          [
            106.689221,
            10.77369
          ],
          [
            106.689326,
            10.77361
          ],
          [
            106.689385,
            10.773574
          ],
          [
            106.689444,
            10.773538
          ],
          [
            106.689571,
            10.773471
          ],
          [
            106.690179,
            10.773152
          ],
          [
            106.691034,
            10.772704
          ],
          [
            106.691117,
            10.77266
          ],
          [
            106.691207,
            10.772615
          ],
          [
            106.691543,
            10.77242
          ],
          [
            106.692162,
            10.772076
          ],
          [
            106.692206,
            10.772051
          ],
          [
            106.69299,
            10.771612
          ],
          [
            106.693071,
            10.771543
          ],
          [
            106.693104,
            10.77146
          ],
          [
            106.693069,
            10.771428
          ],
          [
            106.693067,
            10.771425
          ],
          [
            106.693048,
            10.771385
          ],
          [
            106.693046,
            10.771346
          ],
          [
            106.69306,
            10.771303
          ],
          [
            106.693088,
            10.771264
          ],
          [
            106.693127,
            10.771233
          ],
          [
            106.693173,
            10.771213
          ],
          [
            106.693223,
            10.7712
          ],
          [
            106.693278,
            10.771193
          ],
          [
            106.693326,
            10.771198
          ],
          [
            106.693371,
            10.771208
          ],
          [
            106.693406,
            10.771229
          ],
          [
            106.693427,
            10.771249
          ],
          [
            106.693433,
            10.771256
          ],
          [
            106.693448,
            10.771288
          ],
          [
            106.693455,
            10.771322
          ],
          [
            106.693552,
            10.771292
          ],
          [
            106.693646,
            10.771264
          ],
          [
            106.693763,
            10.771255
          ],
          [
            106.693884,
            10.771252
          ],
          [
            106.694885,
            10.771201
          ],
          [
            106.6952,
            10.771185
          ],
          [
            106.695212,
            10.771185
          ],
          [
            106.695494,
            10.77117
          ],
          [
            106.695607,
            10.771164
          ],
          [
            106.696132,
            10.771138
          ],
          [
            106.696525,
            10.77112
          ],
          [
            106.696647,
            10.771172
          ],
          [
            106.696792,
            10.771207
          ],
          [
            106.697016,
            10.771299
          ]
        ]
      }
    },
    {
      "type": "Feature",
      "properties": {
        "route_id": "VN-05",
        "route_name": "Bus 5: Hanoi Old Quarter - Giap Bat",
        "route_type": "BUS",
        "route_ref": "BUS5",
        "origin_name": "Origin",
        "destination_name": "Destination",
        "region": "Other",
        "province": "Other"
      },
      "geometry": {
        "type": "LineString",
        "coordinates": [
          [
            105.852108,
            21.032262
          ],
          [
            105.852936,
            21.032227
          ],
          [
            105.853163,
            21.032215
          ],
          [
            105.853157,
            21.032067
          ],
          [
            105.853147,
            21.031838
          ],
          [
            105.853134,
            21.031572
          ],
          [
            105.8531,
            21.031606
          ],
          [
            105.853065,
            21.03163
          ],
          [
            105.853012,
            21.031645
          ],
          [
            105.852968,
            21.031654
          ],
          [
            105.852904,
            21.031664
          ],
          [
            105.852823,
            21.031676
          ],
          [
            105.852478,
            21.031718
          ],
          [
            105.852199,
            21.031753
          ],
          [
            105.852056,
            21.031778
          ],
          [
            105.851984,
            21.03179
          ],
          [
            105.851943,
            21.031802
          ],
          [
            105.851869,
            21.031842
          ],
          [
            105.851809,
            21.031866
          ],
          [
            105.851724,
            21.031882
          ],
          [
            105.851633,
            21.031879
          ],
          [
            105.851548,
            21.031859
          ],
          [
            105.851458,
            21.031825
          ],
          [
            105.85139,
            21.031794
          ],
          [
            105.85133,
            21.03176
          ],
          [
            105.851313,
            21.03174
          ],
          [
            105.851152,
            21.03158
          ],
          [
            105.851053,
            21.031469
          ],
          [
            105.851002,
            21.031406
          ],
          [
            105.850977,
            21.031335
          ],
          [
            105.850949,
            21.031249
          ],
          [
            105.85094,
            21.031137
          ],
          [
            105.850939,
            21.031075
          ],
          [
            105.850948,
            21.031003
          ],
          [
            105.850951,
            21.030977
          ],
          [
            105.85097,
            21.030886
          ],
          [
            105.850976,
            21.030862
          ],
          [
            105.851037,
            21.030597
          ],
          [
            105.851061,
            21.030494
          ],
          [
            105.85111,
            21.030311
          ],
          [
            105.851361,
            21.029272
          ],
          [
            105.851383,
            21.029157
          ],
          [
            105.851387,
            21.029138
          ],
          [
            105.851397,
            21.029055
          ],
          [
            105.851401,
            21.028962
          ],
          [
            105.851401,
            21.028878
          ],
          [
            105.851395,
            21.028785
          ],
          [
            105.851344,
            21.028529
          ],
          [
            105.851303,
            21.02836
          ],
          [
            105.851275,
            21.028251
          ],
          [
            105.851232,
            21.028144
          ],
          [
            105.851204,
            21.028084
          ],
          [
            105.851117,
            21.02799
          ],
          [
            105.851174,
            21.027738
          ],
          [
            105.85144,
            21.026736
          ],
          [
            105.851598,
            21.026139
          ],
          [
            105.851626,
            21.026067
          ],
          [
            105.851667,
            21.02596
          ],
          [
            105.851666,
            21.025808
          ],
          [
            105.851452,
            21.025136
          ],
          [
            105.851365,
            21.024844
          ],
          [
            105.851322,
            21.024719
          ],
          [
            105.851267,
            21.024542
          ],
          [
            105.850991,
            21.023708
          ],
          [
            105.850871,
            21.023376
          ],
          [
            105.85082,
            21.023226
          ],
          [
            105.850765,
            21.023054
          ],
          [
            105.850664,
            21.022731
          ],
          [
            105.850315,
            21.021663
          ],
          [
            105.85028,
            21.021561
          ],
          [
            105.850239,
            21.02143
          ],
          [
            105.84997,
            21.020624
          ],
          [
            105.849884,
            21.020378
          ],
          [
            105.849861,
            21.020307
          ],
          [
            105.849614,
            21.019583
          ],
          [
            105.849584,
            21.019492
          ],
          [
            105.849388,
            21.018883
          ],
          [
            105.849341,
            21.01875
          ],
          [
            105.849294,
            21.018576
          ],
          [
            105.849285,
            21.01841
          ],
          [
            105.849261,
            21.017476
          ],
          [
            105.849254,
            21.017088
          ],
          [
            105.849252,
            21.016998
          ],
          [
            105.849251,
            21.016847
          ],
          [
            105.849199,
            21.015311
          ],
          [
            105.849198,
            21.015208
          ],
          [
            105.849195,
            21.015087
          ],
          [
            105.849159,
            21.013709
          ],
          [
            105.849156,
            21.013554
          ],
          [
            105.84915,
            21.013387
          ],
          [
            105.849145,
            21.013247
          ],
          [
            105.849118,
            21.012438
          ],
          [
            105.849114,
            21.011961
          ],
          [
            105.849114,
            21.011867
          ],
          [
            105.849113,
            21.011728
          ],
          [
            105.8491,
            21.011426
          ],
          [
            105.849093,
            21.011233
          ],
          [
            105.849081,
            21.010965
          ],
          [
            105.849081,
            21.010841
          ],
          [
            105.849075,
            21.010659
          ],
          [
            105.84906,
            21.01033
          ],
          [
            105.849031,
            21.009765
          ],
          [
            105.849018,
            21.009571
          ],
          [
            105.84902,
            21.008828
          ],
          [
            105.849039,
            21.008613
          ],
          [
            105.848933,
            21.008593
          ],
          [
            105.848734,
            21.008566
          ],
          [
            105.848441,
            21.008512
          ],
          [
            105.848314,
            21.008489
          ],
          [
            105.847776,
            21.00839
          ],
          [
            105.847552,
            21.008343
          ],
          [
            105.847253,
            21.008268
          ],
          [
            105.846948,
            21.00822
          ],
          [
            105.846253,
            21.008126
          ],
          [
            105.846066,
            21.008102
          ],
          [
            105.845802,
            21.008073
          ],
          [
            105.845195,
            21.008013
          ],
          [
            105.845006,
            21.007988
          ],
          [
            105.844785,
            21.007975
          ],
          [
            105.844498,
            21.007993
          ],
          [
            105.843757,
            21.007904
          ],
          [
            105.843084,
            21.007814
          ],
          [
            105.842472,
            21.00777
          ],
          [
            105.842278,
            21.007766
          ],
          [
            105.841877,
            21.007782
          ],
          [
            105.841599,
            21.007795
          ],
          [
            105.841469,
            21.007812
          ],
          [
            105.841293,
            21.007835
          ],
          [
            105.841301,
            21.00756
          ],
          [
            105.841311,
            21.007421
          ],
          [
            105.841325,
            21.007045
          ],
          [
            105.841323,
            21.006959
          ],
          [
            105.841309,
            21.006322
          ],
          [
            105.841294,
            21.005354
          ],
          [
            105.841284,
            21.005163
          ],
          [
            105.84128,
            21.004697
          ],
          [
            105.841268,
            21.004432
          ],
          [
            105.841243,
            21.00419
          ],
          [
            105.841233,
            21.003405
          ],
          [
            105.841232,
            21.003344
          ],
          [
            105.841228,
            21.003039
          ],
          [
            105.841224,
            21.001923
          ],
          [
            105.841228,
            21.001742
          ],
          [
            105.841221,
            21.001376
          ],
          [
            105.84123,
            21.000873
          ],
          [
            105.84128,
            21.000581
          ],
          [
            105.841269,
            20.999982
          ],
          [
            105.841166,
            20.995418
          ],
          [
            105.841164,
            20.995244
          ],
          [
            105.841083,
            20.994772
          ],
          [
            105.841073,
            20.99414
          ],
          [
            105.841064,
            20.993517
          ],
          [
            105.841048,
            20.992407
          ],
          [
            105.841046,
            20.992294
          ],
          [
            105.841047,
            20.992187
          ],
          [
            105.841044,
            20.991955
          ],
          [
            105.841042,
            20.991895
          ],
          [
            105.841038,
            20.99168
          ],
          [
            105.841036,
            20.991646
          ],
          [
            105.841034,
            20.991617
          ],
          [
            105.841032,
            20.991456
          ],
          [
            105.841025,
            20.990854
          ],
          [
            105.841009,
            20.989779
          ],
          [
            105.841006,
            20.989569
          ],
          [
            105.841003,
            20.989356
          ],
          [
            105.840982,
            20.987969
          ],
          [
            105.840976,
            20.987566
          ],
          [
            105.840967,
            20.98692
          ],
          [
            105.840964,
            20.986721
          ],
          [
            105.840958,
            20.986355
          ],
          [
            105.840955,
            20.986132
          ],
          [
            105.840944,
            20.985398
          ],
          [
            105.840931,
            20.984479
          ],
          [
            105.840927,
            20.984135
          ],
          [
            105.840925,
            20.983852
          ],
          [
            105.840925,
            20.983817
          ],
          [
            105.84092,
            20.983539
          ],
          [
            105.84092,
            20.983503
          ],
          [
            105.840915,
            20.983008
          ],
          [
            105.840907,
            20.982439
          ],
          [
            105.840886,
            20.980966
          ],
          [
            105.840885,
            20.98091
          ],
          [
            105.840884,
            20.980868
          ],
          [
            105.840883,
            20.980822
          ],
          [
            105.840868,
            20.979833
          ],
          [
            105.840866,
            20.979711
          ],
          [
            105.840863,
            20.979565
          ],
          [
            105.840862,
            20.979456
          ],
          [
            105.840848,
            20.978594
          ],
          [
            105.840847,
            20.978533
          ],
          [
            105.84083,
            20.977466
          ],
          [
            105.840826,
            20.977254
          ],
          [
            105.840825,
            20.977167
          ],
          [
            105.840822,
            20.976973
          ],
          [
            105.840819,
            20.976841
          ],
          [
            105.840815,
            20.976557
          ],
          [
            105.840797,
            20.975246
          ],
          [
            105.840772,
            20.973384
          ],
          [
            105.84077,
            20.973275
          ],
          [
            105.841008,
            20.973276
          ],
          [
            105.841009,
            20.973381
          ],
          [
            105.84102,
            20.973979
          ],
          [
            105.841034,
            20.974703
          ],
          [
            105.841041,
            20.975072
          ],
          [
            105.841048,
            20.975386
          ],
          [
            105.841061,
            20.976019
          ],
          [
            105.841106,
            20.976018
          ],
          [
            105.842095,
            20.975984
          ]
        ]
      }
    },
    {
      "type": "Feature",
      "properties": {
        "route_id": "VN-06",
        "route_name": "Bus 6: Hanoi Railway - Noi Bai",
        "route_type": "BUS",
        "route_ref": "BUS6",
        "origin_name": "Origin",
        "destination_name": "Destination",
        "region": "Other",
        "province": "Other"
      },
      "geometry": {
        "type": "LineString",
        "coordinates": [
          [
            105.841297,
            21.024096
          ],
          [
            105.8413,
            21.024231
          ],
          [
            105.841407,
            21.024224
          ],
          [
            105.841467,
            21.02422
          ],
          [
            105.841601,
            21.024175
          ],
          [
            105.842092,
            21.024024
          ],
          [
            105.842109,
            21.024018
          ],
          [
            105.842754,
            21.023831
          ],
          [
            105.842794,
            21.023972
          ],
          [
            105.842823,
            21.024065
          ],
          [
            105.842991,
            21.024607
          ],
          [
            105.843231,
            21.025322
          ],
          [
            105.843272,
            21.025444
          ],
          [
            105.843306,
            21.025552
          ],
          [
            105.843604,
            21.026484
          ],
          [
            105.843712,
            21.026784
          ],
          [
            105.843759,
            21.026919
          ],
          [
            105.843856,
            21.02689
          ],
          [
            105.844288,
            21.026759
          ],
          [
            105.845023,
            21.026551
          ],
          [
            105.844908,
            21.02674
          ],
          [
            105.844345,
            21.027842
          ],
          [
            105.844232,
            21.028017
          ],
          [
            105.844022,
            21.028416
          ],
          [
            105.843946,
            21.028565
          ],
          [
            105.843985,
            21.028592
          ],
          [
            105.844458,
            21.028869
          ],
          [
            105.844511,
            21.028895
          ],
          [
            105.844575,
            21.028933
          ],
          [
            105.844599,
            21.029062
          ],
          [
            105.844747,
            21.029802
          ],
          [
            105.844758,
            21.029901
          ],
          [
            105.844773,
            21.029977
          ],
          [
            105.844781,
            21.030019
          ],
          [
            105.844786,
            21.030095
          ],
          [
            105.844845,
            21.030361
          ],
          [
            105.844944,
            21.030807
          ],
          [
            105.844973,
            21.030937
          ],
          [
            105.845064,
            21.031349
          ],
          [
            105.845127,
            21.03167
          ],
          [
            105.845177,
            21.03192
          ],
          [
            105.845271,
            21.0324
          ],
          [
            105.845283,
            21.032458
          ],
          [
            105.845383,
            21.032966
          ],
          [
            105.845444,
            21.033276
          ],
          [
            105.845503,
            21.033579
          ],
          [
            105.845516,
            21.033643
          ],
          [
            105.845634,
            21.034242
          ],
          [
            105.845709,
            21.034624
          ],
          [
            105.845727,
            21.034716
          ],
          [
            105.845736,
            21.034758
          ],
          [
            105.845829,
            21.035213
          ],
          [
            105.845871,
            21.035419
          ],
          [
            105.845913,
            21.035619
          ],
          [
            105.845924,
            21.035671
          ],
          [
            105.84613,
            21.036672
          ],
          [
            105.846282,
            21.037381
          ],
          [
            105.846076,
            21.03742
          ],
          [
            105.846243,
            21.037831
          ],
          [
            105.846463,
            21.038261
          ],
          [
            105.846504,
            21.03848
          ],
          [
            105.846546,
            21.038706
          ],
          [
            105.846566,
            21.038806
          ],
          [
            105.846728,
            21.039642
          ],
          [
            105.846757,
            21.039782
          ],
          [
            105.846874,
            21.039807
          ],
          [
            105.847163,
            21.039891
          ],
          [
            105.847377,
            21.039953
          ],
          [
            105.847621,
            21.040019
          ],
          [
            105.847771,
            21.04006
          ],
          [
            105.847906,
            21.0401
          ],
          [
            105.848089,
            21.040154
          ],
          [
            105.848557,
            21.040292
          ],
          [
            105.849165,
            21.040471
          ],
          [
            105.849221,
            21.040487
          ],
          [
            105.849352,
            21.040526
          ],
          [
            105.849877,
            21.04068
          ],
          [
            105.849929,
            21.040696
          ],
          [
            105.850029,
            21.040603
          ],
          [
            105.850225,
            21.040419
          ],
          [
            105.85024,
            21.040404
          ],
          [
            105.85038,
            21.040271
          ],
          [
            105.850652,
            21.040014
          ],
          [
            105.850809,
            21.039856
          ],
          [
            105.850879,
            21.039851
          ],
          [
            105.85094,
            21.039867
          ],
          [
            105.850993,
            21.039905
          ],
          [
            105.851021,
            21.039954
          ],
          [
            105.851026,
            21.039979
          ],
          [
            105.851031,
            21.04006
          ],
          [
            105.851028,
            21.040117
          ],
          [
            105.850999,
            21.040196
          ],
          [
            105.85083,
            21.040355
          ],
          [
            105.850691,
            21.040523
          ],
          [
            105.85042,
            21.040799
          ],
          [
            105.850306,
            21.040904
          ],
          [
            105.850279,
            21.040936
          ],
          [
            105.850235,
            21.040979
          ],
          [
            105.850207,
            21.041011
          ],
          [
            105.850005,
            21.04119
          ],
          [
            105.849633,
            21.0415
          ],
          [
            105.849471,
            21.041636
          ],
          [
            105.84913,
            21.041958
          ],
          [
            105.849017,
            21.042045
          ],
          [
            105.848923,
            21.042123
          ],
          [
            105.848368,
            21.042665
          ],
          [
            105.847693,
            21.043482
          ],
          [
            105.847514,
            21.043679
          ],
          [
            105.84744,
            21.043762
          ],
          [
            105.847317,
            21.043902
          ],
          [
            105.847089,
            21.044161
          ],
          [
            105.847063,
            21.044243
          ],
          [
            105.846947,
            21.04435
          ],
          [
            105.846429,
            21.044725
          ],
          [
            105.846026,
            21.045015
          ],
          [
            105.84595,
            21.045072
          ],
          [
            105.845877,
            21.045126
          ],
          [
            105.845762,
            21.045213
          ],
          [
            105.845671,
            21.045275
          ],
          [
            105.845229,
            21.045594
          ],
          [
            105.845043,
            21.045729
          ],
          [
            105.844908,
            21.045832
          ],
          [
            105.844857,
            21.045872
          ],
          [
            105.844808,
            21.045917
          ],
          [
            105.844619,
            21.046088
          ],
          [
            105.843989,
            21.046671
          ],
          [
            105.843864,
            21.046788
          ],
          [
            105.843735,
            21.046912
          ],
          [
            105.842044,
            21.048728
          ],
          [
            105.841885,
            21.048883
          ],
          [
            105.841468,
            21.049345
          ],
          [
            105.841161,
            21.04967
          ],
          [
            105.840744,
            21.050112
          ],
          [
            105.84063,
            21.050238
          ],
          [
            105.840461,
            21.05042
          ],
          [
            105.840287,
            21.05061
          ],
          [
            105.840225,
            21.050691
          ],
          [
            105.840159,
            21.050774
          ],
          [
            105.840006,
            21.050993
          ],
          [
            105.83989,
            21.051126
          ],
          [
            105.839823,
            21.05119
          ],
          [
            105.839762,
            21.051248
          ],
          [
            105.839585,
            21.051402
          ],
          [
            105.839266,
            21.051711
          ],
          [
            105.838826,
            21.052085
          ],
          [
            105.838671,
            21.052231
          ],
          [
            105.838218,
            21.052651
          ],
          [
            105.838,
            21.052955
          ],
          [
            105.837874,
            21.053154
          ],
          [
            105.837814,
            21.053266
          ],
          [
            105.837447,
            21.053915
          ],
          [
            105.837058,
            21.054616
          ],
          [
            105.83664,
            21.055363
          ],
          [
            105.836225,
            21.056114
          ],
          [
            105.836161,
            21.05623
          ],
          [
            105.836044,
            21.056444
          ],
          [
            105.836015,
            21.0565
          ],
          [
            105.835959,
            21.056616
          ],
          [
            105.835903,
            21.056717
          ],
          [
            105.835862,
            21.056789
          ],
          [
            105.835612,
            21.057229
          ],
          [
            105.8352,
            21.057959
          ],
          [
            105.835119,
            21.058103
          ],
          [
            105.835073,
            21.05818
          ],
          [
            105.834968,
            21.058324
          ],
          [
            105.834912,
            21.058399
          ],
          [
            105.834835,
            21.058497
          ],
          [
            105.834688,
            21.058682
          ],
          [
            105.834571,
            21.058814
          ],
          [
            105.834479,
            21.058919
          ],
          [
            105.834447,
            21.058959
          ],
          [
            105.834442,
            21.058994
          ],
          [
            105.834426,
            21.059025
          ],
          [
            105.834399,
            21.059049
          ],
          [
            105.834364,
            21.059064
          ],
          [
            105.834298,
            21.059139
          ],
          [
            105.834046,
            21.059527
          ],
          [
            105.833879,
            21.059795
          ],
          [
            105.833766,
            21.059932
          ],
          [
            105.833511,
            21.06024
          ],
          [
            105.833024,
            21.060805
          ],
          [
            105.832919,
            21.060931
          ],
          [
            105.832833,
            21.061082
          ],
          [
            105.832789,
            21.061171
          ],
          [
            105.832745,
            21.061289
          ],
          [
            105.832664,
            21.061494
          ],
          [
            105.83255,
            21.061812
          ],
          [
            105.832458,
            21.062055
          ],
          [
            105.832208,
            21.062735
          ],
          [
            105.832181,
            21.06282
          ],
          [
            105.83213,
            21.062978
          ],
          [
            105.831992,
            21.063345
          ],
          [
            105.831878,
            21.063707
          ],
          [
            105.831824,
            21.06385
          ],
          [
            105.831818,
            21.063863
          ],
          [
            105.831717,
            21.064065
          ],
          [
            105.831692,
            21.064102
          ],
          [
            105.831579,
            21.064234
          ],
          [
            105.831514,
            21.064294
          ],
          [
            105.831461,
            21.064343
          ],
          [
            105.831353,
            21.064414
          ],
          [
            105.831245,
            21.064474
          ],
          [
            105.831113,
            21.064537
          ],
          [
            105.830982,
            21.064582
          ],
          [
            105.830887,
            21.064609
          ],
          [
            105.830671,
            21.064665
          ],
          [
            105.830492,
            21.064689
          ],
          [
            105.830323,
            21.064703
          ],
          [
            105.830176,
            21.064713
          ],
          [
            105.829727,
            21.064729
          ],
          [
            105.829603,
            21.064733
          ],
          [
            105.829482,
            21.064742
          ],
          [
            105.82939,
            21.064758
          ],
          [
            105.829315,
            21.064786
          ],
          [
            105.829289,
            21.064801
          ],
          [
            105.82923,
            21.064836
          ],
          [
            105.829185,
            21.064861
          ],
          [
            105.82913,
            21.064911
          ],
          [
            105.829061,
            21.064992
          ],
          [
            105.828529,
            21.065667
          ],
          [
            105.827931,
            21.066397
          ],
          [
            105.827785,
            21.06658
          ],
          [
            105.827641,
            21.066756
          ],
          [
            105.8273,
            21.067164
          ],
          [
            105.827151,
            21.067346
          ],
          [
            105.827052,
            21.067476
          ],
          [
            105.826539,
            21.068135
          ],
          [
            105.826361,
            21.068474
          ],
          [
            105.826319,
            21.068562
          ],
          [
            105.82629,
            21.068633
          ],
          [
            105.826241,
            21.068749
          ],
          [
            105.826224,
            21.068816
          ],
          [
            105.826213,
            21.068868
          ],
          [
            105.826202,
            21.068944
          ],
          [
            105.82614,
            21.070589
          ],
          [
            105.826121,
            21.071035
          ],
          [
            105.826111,
            21.071435
          ],
          [
            105.826102,
            21.071584
          ],
          [
            105.826086,
            21.071697
          ],
          [
            105.826018,
            21.07205
          ],
          [
            105.825978,
            21.072183
          ],
          [
            105.825874,
            21.07245
          ],
          [
            105.825768,
            21.072681
          ],
          [
            105.825641,
            21.072914
          ],
          [
            105.825503,
            21.073083
          ],
          [
            105.825246,
            21.07339
          ],
          [
            105.82515,
            21.073479
          ],
          [
            105.82495,
            21.073636
          ],
          [
            105.824596,
            21.073917
          ],
          [
            105.824192,
            21.074241
          ],
          [
            105.824152,
            21.074273
          ],
          [
            105.824097,
            21.074318
          ],
          [
            105.823339,
            21.074933
          ],
          [
            105.822579,
            21.075569
          ],
          [
            105.822337,
            21.075767
          ],
          [
            105.822287,
            21.075807
          ],
          [
            105.822223,
            21.075871
          ],
          [
            105.822083,
            21.076011
          ],
          [
            105.821406,
            21.076682
          ],
          [
            105.820973,
            21.077079
          ],
          [
            105.820854,
            21.077214
          ],
          [
            105.820676,
            21.07743
          ],
          [
            105.820617,
            21.077502
          ],
          [
            105.820581,
            21.077556
          ],
          [
            105.819892,
            21.078599
          ],
          [
            105.81976,
            21.078788
          ],
          [
            105.81975,
            21.078803
          ],
          [
            105.81965,
            21.078941
          ],
          [
            105.819413,
            21.079265
          ],
          [
            105.819385,
            21.079308
          ],
          [
            105.818475,
            21.080727
          ],
          [
            105.8184,
            21.080848
          ],
          [
            105.818219,
            21.081122
          ],
          [
            105.818154,
            21.081219
          ],
          [
            105.81811,
            21.081287
          ],
          [
            105.818092,
            21.081331
          ],
          [
            105.817963,
            21.081532
          ],
          [
            105.817786,
            21.081833
          ],
          [
            105.817582,
            21.082179
          ],
          [
            105.817519,
            21.082293
          ],
          [
            105.81746,
            21.082401
          ],
          [
            105.817356,
            21.082353
          ],
          [
            105.81729,
            21.082323
          ],
          [
            105.817253,
            21.082307
          ],
          [
            105.817165,
            21.082267
          ],
          [
            105.81703,
            21.082205
          ],
          [
            105.816899,
            21.082144
          ],
          [
            105.816655,
            21.08203
          ],
          [
            105.816493,
            21.081957
          ],
          [
            105.816345,
            21.081895
          ],
          [
            105.816236,
            21.081854
          ],
          [
            105.816121,
            21.081823
          ],
          [
            105.816034,
            21.081822
          ],
          [
            105.815951,
            21.081829
          ],
          [
            105.815856,
            21.081847
          ],
          [
            105.815764,
            21.08189
          ],
          [
            105.815652,
            21.081964
          ],
          [
            105.815601,
            21.082017
          ],
          [
            105.815547,
            21.082079
          ],
          [
            105.815497,
            21.082189
          ],
          [
            105.815478,
            21.082275
          ],
          [
            105.81549,
            21.082382
          ],
          [
            105.815522,
            21.082483
          ],
          [
            105.815687,
            21.082731
          ],
          [
            105.815755,
            21.082839
          ],
          [
            105.815941,
            21.083136
          ],
          [
            105.816464,
            21.083971
          ],
          [
            105.816622,
            21.084333
          ],
          [
            105.816717,
            21.084492
          ],
          [
            105.817442,
            21.08567
          ],
          [
            105.8181,
            21.086851
          ],
          [
            105.818915,
            21.088568
          ],
          [
            105.820285,
            21.091538
          ],
          [
            105.824351,
            21.100221
          ],
          [
            105.825612,
            21.103209
          ],
          [
            105.826143,
            21.104652
          ],
          [
            105.826696,
            21.106509
          ],
          [
            105.826919,
            21.107541
          ],
          [
            105.827071,
            21.108773
          ],
          [
            105.827179,
            21.109798
          ],
          [
            105.827204,
            21.111067
          ],
          [
            105.827205,
            21.113414
          ],
          [
            105.827225,
            21.114181
          ],
          [
            105.827225,
            21.114404
          ],
          [
            105.827226,
            21.114791
          ],
          [
            105.827328,
            21.116437
          ],
          [
            105.827329,
            21.117046
          ],
          [
            105.82733,
            21.117671
          ],
          [
            105.827331,
            21.118775
          ],
          [
            105.827331,
            21.119025
          ],
          [
            105.827332,
            21.119241
          ],
          [
            105.827332,
            21.119508
          ],
          [
            105.827333,
            21.120508
          ],
          [
            105.827338,
            21.123597
          ],
          [
            105.827339,
            21.124091
          ],
          [
            105.827341,
            21.125532
          ],
          [
            105.827341,
            21.126229
          ],
          [
            105.827339,
            21.128469
          ],
          [
            105.827339,
            21.12908
          ],
          [
            105.82734,
            21.129312
          ],
          [
            105.827342,
            21.129614
          ],
          [
            105.827343,
            21.129915
          ],
          [
            105.827271,
            21.130634
          ],
          [
            105.827079,
            21.131352
          ],
          [
            105.826841,
            21.131868
          ],
          [
            105.826566,
            21.132329
          ],
          [
            105.826249,
            21.13273
          ],
          [
            105.825501,
            21.133493
          ],
          [
            105.82547,
            21.133525
          ],
          [
            105.824719,
            21.134251
          ],
          [
            105.822286,
            21.136759
          ],
          [
            105.820815,
            21.138316
          ],
          [
            105.820283,
            21.139014
          ],
          [
            105.819928,
            21.13966
          ],
          [
            105.819633,
            21.140419
          ],
          [
            105.819487,
            21.14116
          ],
          [
            105.819453,
            21.141755
          ],
          [
            105.819454,
            21.142776
          ],
          [
            105.819477,
            21.146346
          ],
          [
            105.819475,
            21.148307
          ],
          [
            105.819521,
            21.154627
          ],
          [
            105.819558,
            21.161644
          ],
          [
            105.819591,
            21.162948
          ],
          [
            105.81965,
            21.163609
          ],
          [
            105.819792,
            21.164458
          ],
          [
            105.819975,
            21.165265
          ],
          [
            105.820258,
            21.16619
          ],
          [
            105.820573,
            21.167014
          ],
          [
            105.821047,
            21.168022
          ],
          [
            105.821652,
            21.169175
          ],
          [
            105.821957,
            21.169766
          ],
          [
            105.822894,
            21.171538
          ],
          [
            105.824331,
            21.174278
          ],
          [
            105.827373,
            21.18007
          ],
          [
            105.827797,
            21.180879
          ],
          [
            105.829452,
            21.18403
          ],
          [
            105.830757,
            21.18651
          ],
          [
            105.832176,
            21.189188
          ],
          [
            105.834387,
            21.193402
          ],
          [
            105.835091,
            21.194802
          ],
          [
            105.835412,
            21.195759
          ],
          [
            105.835547,
            21.196535
          ],
          [
            105.835553,
            21.196657
          ],
          [
            105.835577,
            21.197179
          ],
          [
            105.835561,
            21.197573
          ],
          [
            105.835527,
            21.197969
          ],
          [
            105.835448,
            21.198397
          ],
          [
            105.835335,
            21.19889
          ],
          [
            105.835023,
            21.199736
          ],
          [
            105.834641,
            21.200499
          ],
          [
            105.834115,
            21.201431
          ],
          [
            105.833711,
            21.202146
          ],
          [
            105.833219,
            21.202929
          ],
          [
            105.83282,
            21.203435
          ],
          [
            105.832408,
            21.203859
          ],
          [
            105.831955,
            21.20424
          ],
          [
            105.83158,
            21.204509
          ],
          [
            105.831166,
            21.204756
          ],
          [
            105.830945,
            21.204878
          ],
          [
            105.830523,
            21.205075
          ],
          [
            105.829906,
            21.205321
          ],
          [
            105.829033,
            21.205591
          ],
          [
            105.823888,
            21.207081
          ],
          [
            105.823774,
            21.207113
          ],
          [
            105.82334,
            21.207235
          ],
          [
            105.822899,
            21.207356
          ],
          [
            105.822036,
            21.207591
          ],
          [
            105.818196,
            21.208677
          ],
          [
            105.817639,
            21.208836
          ],
          [
            105.817264,
            21.208942
          ],
          [
            105.81651,
            21.209143
          ],
          [
            105.815477,
            21.209438
          ],
          [
            105.811784,
            21.210502
          ],
          [
            105.81123,
            21.210658
          ],
          [
            105.810091,
            21.21098
          ],
          [
            105.809355,
            21.211196
          ],
          [
            105.808981,
            21.211309
          ],
          [
            105.80819,
            21.211525
          ],
          [
            105.808215,
            21.211599
          ],
          [
            105.808672,
            21.213121
          ],
          [
            105.808599,
            21.213087
          ],
          [
            105.808491,
            21.213064
          ],
          [
            105.808387,
            21.213072
          ],
          [
            105.808271,
            21.213102
          ],
          [
            105.807152,
            21.213436
          ],
          [
            105.805616,
            21.213878
          ],
          [
            105.805603,
            21.213994
          ],
          [
            105.805658,
            21.214159
          ],
          [
            105.80628,
            21.216027
          ]
        ]
      }
    },
    {
      "type": "Feature",
      "properties": {
        "route_id": "VN-07",
        "route_name": "Bus 7: My Dinh - Long Bien",
        "route_type": "BUS",
        "route_ref": "BUS7",
        "origin_name": "Origin",
        "destination_name": "Destination",
        "region": "Other",
        "province": "Other"
      },
      "geometry": {
        "type": "LineString",
        "coordinates": [
          [
            105.778552,
            21.028013
          ],
          [
            105.778501,
            21.027714
          ],
          [
            105.778739,
            21.027676
          ],
          [
            105.778873,
            21.027658
          ],
          [
            105.778855,
            21.027423
          ],
          [
            105.778816,
            21.027113
          ],
          [
            105.778769,
            21.026877
          ],
          [
            105.778664,
            21.026352
          ],
          [
            105.778595,
            21.025906
          ],
          [
            105.778592,
            21.025887
          ],
          [
            105.778535,
            21.025508
          ],
          [
            105.778496,
            21.025135
          ],
          [
            105.778841,
            21.025105
          ],
          [
            105.778886,
            21.02548
          ],
          [
            105.779044,
            21.026411
          ],
          [
            105.779081,
            21.026613
          ],
          [
            105.779107,
            21.026754
          ],
          [
            105.779171,
            21.027134
          ],
          [
            105.779271,
            21.027737
          ],
          [
            105.779358,
            21.028258
          ],
          [
            105.779397,
            21.028516
          ],
          [
            105.77943,
            21.028717
          ],
          [
            105.779454,
            21.028835
          ],
          [
            105.77947,
            21.028925
          ],
          [
            105.779567,
            21.029467
          ],
          [
            105.779714,
            21.030301
          ],
          [
            105.779802,
            21.030877
          ],
          [
            105.77983,
            21.031056
          ],
          [
            105.779919,
            21.031536
          ],
          [
            105.780066,
            21.03239
          ],
          [
            105.780175,
            21.03299
          ],
          [
            105.78022,
            21.033135
          ],
          [
            105.780351,
            21.033897
          ],
          [
            105.780489,
            21.034675
          ],
          [
            105.780562,
            21.035176
          ],
          [
            105.780651,
            21.035628
          ],
          [
            105.780751,
            21.035977
          ],
          [
            105.780821,
            21.036175
          ],
          [
            105.780858,
            21.036395
          ],
          [
            105.781161,
            21.036513
          ],
          [
            105.78135,
            21.036581
          ],
          [
            105.781492,
            21.036609
          ],
          [
            105.781618,
            21.036616
          ],
          [
            105.781791,
            21.036624
          ],
          [
            105.781839,
            21.036623
          ],
          [
            105.781871,
            21.036623
          ],
          [
            105.783054,
            21.036588
          ],
          [
            105.783075,
            21.036587
          ],
          [
            105.783135,
            21.036587
          ],
          [
            105.783152,
            21.036586
          ],
          [
            105.783531,
            21.036576
          ],
          [
            105.784155,
            21.036558
          ],
          [
            105.784723,
            21.036542
          ],
          [
            105.784814,
            21.03654
          ],
          [
            105.785411,
            21.036523
          ],
          [
            105.785532,
            21.036519
          ],
          [
            105.785642,
            21.036516
          ],
          [
            105.785859,
            21.036505
          ],
          [
            105.785947,
            21.036501
          ],
          [
            105.786045,
            21.036495
          ],
          [
            105.786706,
            21.03646
          ],
          [
            105.787404,
            21.03644
          ],
          [
            105.787485,
            21.036436
          ],
          [
            105.787634,
            21.036428
          ],
          [
            105.787956,
            21.036411
          ],
          [
            105.788086,
            21.036404
          ],
          [
            105.788502,
            21.036384
          ],
          [
            105.788711,
            21.036374
          ],
          [
            105.788783,
            21.036372
          ],
          [
            105.788787,
            21.036372
          ],
          [
            105.788852,
            21.036368
          ],
          [
            105.788861,
            21.036367
          ],
          [
            105.789166,
            21.036351
          ],
          [
            105.789369,
            21.036334
          ],
          [
            105.789489,
            21.036324
          ],
          [
            105.78974,
            21.036296
          ],
          [
            105.789941,
            21.036269
          ],
          [
            105.790028,
            21.036255
          ],
          [
            105.790265,
            21.036199
          ],
          [
            105.790522,
            21.036125
          ],
          [
            105.790533,
            21.036121
          ],
          [
            105.791339,
            21.035867
          ],
          [
            105.79149,
            21.03582
          ],
          [
            105.791544,
            21.035802
          ],
          [
            105.791581,
            21.035789
          ],
          [
            105.791691,
            21.035752
          ],
          [
            105.792221,
            21.035576
          ],
          [
            105.792778,
            21.035391
          ],
          [
            105.793226,
            21.035236
          ],
          [
            105.793373,
            21.035188
          ],
          [
            105.793481,
            21.035153
          ],
          [
            105.793567,
            21.035121
          ],
          [
            105.793696,
            21.035073
          ],
          [
            105.793886,
            21.035002
          ],
          [
            105.794613,
            21.034766
          ],
          [
            105.795141,
            21.034595
          ],
          [
            105.795445,
            21.034503
          ],
          [
            105.79589,
            21.034364
          ],
          [
            105.796034,
            21.03432
          ],
          [
            105.796196,
            21.034272
          ],
          [
            105.796221,
            21.034265
          ],
          [
            105.796742,
            21.03411
          ],
          [
            105.796912,
            21.034054
          ],
          [
            105.797092,
            21.033983
          ],
          [
            105.797215,
            21.03392
          ],
          [
            105.797324,
            21.033853
          ],
          [
            105.797425,
            21.03378
          ],
          [
            105.797531,
            21.033686
          ],
          [
            105.797663,
            21.033566
          ],
          [
            105.79767,
            21.033559
          ],
          [
            105.797746,
            21.033485
          ],
          [
            105.797792,
            21.03344
          ],
          [
            105.798084,
            21.03315
          ],
          [
            105.798491,
            21.032744
          ],
          [
            105.798753,
            21.032496
          ],
          [
            105.798958,
            21.032302
          ],
          [
            105.799367,
            21.031915
          ],
          [
            105.799381,
            21.0319
          ],
          [
            105.799479,
            21.031805
          ],
          [
            105.79988,
            21.031414
          ],
          [
            105.800223,
            21.031079
          ],
          [
            105.800418,
            21.030883
          ],
          [
            105.800792,
            21.030533
          ],
          [
            105.800945,
            21.030407
          ],
          [
            105.801032,
            21.030345
          ],
          [
            105.801069,
            21.030321
          ],
          [
            105.801137,
            21.030277
          ],
          [
            105.801418,
            21.03009
          ],
          [
            105.801445,
            21.030066
          ],
          [
            105.801515,
            21.030011
          ],
          [
            105.80174,
            21.029838
          ],
          [
            105.801789,
            21.029797
          ],
          [
            105.802049,
            21.029564
          ],
          [
            105.802106,
            21.029513
          ],
          [
            105.802296,
            21.0294
          ],
          [
            105.802426,
            21.029335
          ],
          [
            105.802609,
            21.029244
          ],
          [
            105.803141,
            21.02898
          ],
          [
            105.803328,
            21.028894
          ],
          [
            105.804074,
            21.028548
          ],
          [
            105.804206,
            21.028487
          ],
          [
            105.804365,
            21.028414
          ],
          [
            105.804724,
            21.028251
          ],
          [
            105.804807,
            21.028211
          ],
          [
            105.804872,
            21.028184
          ],
          [
            105.805007,
            21.028129
          ],
          [
            105.805213,
            21.028056
          ],
          [
            105.805245,
            21.028045
          ],
          [
            105.8053,
            21.028027
          ],
          [
            105.805392,
            21.028026
          ],
          [
            105.805479,
            21.028053
          ],
          [
            105.805553,
            21.028104
          ],
          [
            105.805606,
            21.028175
          ],
          [
            105.805631,
            21.028258
          ],
          [
            105.805627,
            21.028344
          ],
          [
            105.805593,
            21.028424
          ],
          [
            105.805554,
            21.028468
          ],
          [
            105.805534,
            21.02849
          ],
          [
            105.805511,
            21.028502
          ],
          [
            105.805555,
            21.028606
          ],
          [
            105.805595,
            21.028684
          ],
          [
            105.805628,
            21.02874
          ],
          [
            105.805695,
            21.028791
          ],
          [
            105.805774,
            21.028829
          ],
          [
            105.805896,
            21.028868
          ],
          [
            105.805953,
            21.028891
          ],
          [
            105.805993,
            21.028905
          ],
          [
            105.806347,
            21.029043
          ],
          [
            105.806563,
            21.029132
          ],
          [
            105.806828,
            21.029212
          ],
          [
            105.807085,
            21.029273
          ],
          [
            105.807392,
            21.029323
          ],
          [
            105.80811,
            21.029421
          ],
          [
            105.808389,
            21.029459
          ],
          [
            105.809191,
            21.029557
          ],
          [
            105.809795,
            21.029657
          ],
          [
            105.810007,
            21.029692
          ],
          [
            105.810289,
            21.029744
          ],
          [
            105.81056,
            21.029789
          ],
          [
            105.810769,
            21.029825
          ],
          [
            105.810912,
            21.029852
          ],
          [
            105.811218,
            21.029909
          ],
          [
            105.811618,
            21.029986
          ],
          [
            105.812095,
            21.030066
          ],
          [
            105.812379,
            21.030114
          ],
          [
            105.81257,
            21.030146
          ],
          [
            105.812645,
            21.03016
          ],
          [
            105.813091,
            21.030238
          ],
          [
            105.813143,
            21.030247
          ],
          [
            105.813161,
            21.030297
          ],
          [
            105.813192,
            21.030413
          ],
          [
            105.813207,
            21.030475
          ],
          [
            105.813207,
            21.030488
          ],
          [
            105.813207,
            21.030522
          ],
          [
            105.813194,
            21.030579
          ],
          [
            105.813173,
            21.030714
          ],
          [
            105.813262,
            21.031035
          ],
          [
            105.813299,
            21.031145
          ],
          [
            105.813327,
            21.031219
          ],
          [
            105.813373,
            21.031364
          ],
          [
            105.813402,
            21.031449
          ],
          [
            105.813467,
            21.031653
          ],
          [
            105.813511,
            21.031803
          ],
          [
            105.813527,
            21.031856
          ],
          [
            105.813643,
            21.032246
          ],
          [
            105.813741,
            21.032576
          ],
          [
            105.813779,
            21.032713
          ],
          [
            105.813805,
            21.032927
          ],
          [
            105.813881,
            21.033167
          ],
          [
            105.813906,
            21.033248
          ],
          [
            105.814016,
            21.033568
          ],
          [
            105.814094,
            21.033754
          ],
          [
            105.814126,
            21.03386
          ],
          [
            105.814172,
            21.034009
          ],
          [
            105.81438,
            21.034705
          ],
          [
            105.814497,
            21.035082
          ],
          [
            105.814556,
            21.035281
          ],
          [
            105.814627,
            21.035514
          ],
          [
            105.814674,
            21.035675
          ],
          [
            105.814795,
            21.036088
          ],
          [
            105.815062,
            21.036902
          ],
          [
            105.815116,
            21.037075
          ],
          [
            105.815156,
            21.037226
          ],
          [
            105.815215,
            21.037446
          ],
          [
            105.815276,
            21.037645
          ],
          [
            105.815507,
            21.038437
          ],
          [
            105.815565,
            21.038607
          ],
          [
            105.815619,
            21.038788
          ],
          [
            105.815763,
            21.039273
          ],
          [
            105.815848,
            21.039563
          ],
          [
            105.815953,
            21.039894
          ],
          [
            105.816025,
            21.040113
          ],
          [
            105.816049,
            21.040199
          ],
          [
            105.816086,
            21.040334
          ],
          [
            105.81619,
            21.040674
          ],
          [
            105.816255,
            21.040879
          ],
          [
            105.8163,
            21.041035
          ],
          [
            105.816345,
            21.041195
          ],
          [
            105.816429,
            21.0415
          ],
          [
            105.816464,
            21.041612
          ],
          [
            105.816531,
            21.041828
          ],
          [
            105.816557,
            21.041914
          ],
          [
            105.816696,
            21.042003
          ],
          [
            105.816767,
            21.042046
          ],
          [
            105.816823,
            21.042076
          ],
          [
            105.816871,
            21.042099
          ],
          [
            105.816951,
            21.042111
          ],
          [
            105.817041,
            21.042107
          ],
          [
            105.817168,
            21.042103
          ],
          [
            105.817296,
            21.0421
          ],
          [
            105.817465,
            21.042093
          ],
          [
            105.817561,
            21.042092
          ],
          [
            105.817873,
            21.042084
          ],
          [
            105.817979,
            21.042081
          ],
          [
            105.81822,
            21.042072
          ],
          [
            105.818389,
            21.042069
          ],
          [
            105.81856,
            21.042068
          ],
          [
            105.81874,
            21.042132
          ],
          [
            105.818992,
            21.042128
          ],
          [
            105.819213,
            21.042135
          ],
          [
            105.819307,
            21.042138
          ],
          [
            105.819347,
            21.042139
          ],
          [
            105.819498,
            21.042135
          ],
          [
            105.81963,
            21.04213
          ],
          [
            105.819706,
            21.042124
          ],
          [
            105.81989,
            21.042108
          ],
          [
            105.81998,
            21.042099
          ],
          [
            105.820049,
            21.042091
          ],
          [
            105.820103,
            21.042084
          ],
          [
            105.820132,
            21.042081
          ],
          [
            105.820184,
            21.042074
          ],
          [
            105.820269,
            21.042053
          ],
          [
            105.820288,
            21.042049
          ],
          [
            105.820403,
            21.04202
          ],
          [
            105.820636,
            21.041962
          ],
          [
            105.820783,
            21.041924
          ],
          [
            105.82089,
            21.041908
          ],
          [
            105.820987,
            21.041897
          ],
          [
            105.821109,
            21.04188
          ],
          [
            105.821368,
            21.041856
          ],
          [
            105.821523,
            21.041845
          ],
          [
            105.821678,
            21.041818
          ],
          [
            105.821884,
            21.041789
          ],
          [
            105.822094,
            21.041734
          ],
          [
            105.822348,
            21.041649
          ],
          [
            105.822556,
            21.041575
          ],
          [
            105.822596,
            21.041559
          ],
          [
            105.822984,
            21.041407
          ],
          [
            105.823329,
            21.041279
          ],
          [
            105.823425,
            21.04122
          ],
          [
            105.823519,
            21.04118
          ],
          [
            105.823645,
            21.041126
          ],
          [
            105.823839,
            21.041057
          ],
          [
            105.823874,
            21.041042
          ],
          [
            105.82425,
            21.040903
          ],
          [
            105.824405,
            21.040847
          ],
          [
            105.824442,
            21.040833
          ],
          [
            105.82458,
            21.04079
          ],
          [
            105.82479,
            21.04071
          ],
          [
            105.824976,
            21.040638
          ],
          [
            105.825161,
            21.040571
          ],
          [
            105.825288,
            21.040521
          ],
          [
            105.825482,
            21.040451
          ],
          [
            105.825598,
            21.04041
          ],
          [
            105.825657,
            21.040385
          ],
          [
            105.825752,
            21.040355
          ],
          [
            105.825809,
            21.040332
          ],
          [
            105.825881,
            21.040304
          ],
          [
            105.825973,
            21.040268
          ],
          [
            105.826156,
            21.040199
          ],
          [
            105.826352,
            21.040123
          ],
          [
            105.826513,
            21.040057
          ],
          [
            105.826702,
            21.039983
          ],
          [
            105.826814,
            21.039935
          ],
          [
            105.826977,
            21.039859
          ],
          [
            105.827103,
            21.039813
          ],
          [
            105.827293,
            21.039738
          ],
          [
            105.827454,
            21.039688
          ],
          [
            105.827683,
            21.039627
          ],
          [
            105.827973,
            21.039564
          ],
          [
            105.828405,
            21.039524
          ],
          [
            105.828503,
            21.039517
          ],
          [
            105.828599,
            21.039545
          ],
          [
            105.828666,
            21.039582
          ],
          [
            105.828731,
            21.039616
          ],
          [
            105.828857,
            21.039698
          ],
          [
            105.829088,
            21.039938
          ],
          [
            105.829496,
            21.040363
          ],
          [
            105.83009,
            21.040976
          ],
          [
            105.830392,
            21.041288
          ],
          [
            105.830403,
            21.041295
          ],
          [
            105.830631,
            21.041444
          ],
          [
            105.830777,
            21.04154
          ],
          [
            105.831076,
            21.041668
          ],
          [
            105.831265,
            21.041715
          ],
          [
            105.831436,
            21.041752
          ],
          [
            105.831571,
            21.041779
          ],
          [
            105.831813,
            21.041818
          ],
          [
            105.831855,
            21.041825
          ],
          [
            105.832291,
            21.041859
          ],
          [
            105.833451,
            21.041894
          ],
          [
            105.833726,
            21.041884
          ],
          [
            105.833925,
            21.041879
          ],
          [
            105.834031,
            21.041877
          ],
          [
            105.834211,
            21.041872
          ],
          [
            105.834375,
            21.041868
          ],
          [
            105.834766,
            21.041859
          ],
          [
            105.834924,
            21.041855
          ],
          [
            105.835097,
            21.041851
          ],
          [
            105.835998,
            21.041696
          ],
          [
            105.836168,
            21.041669
          ],
          [
            105.836243,
            21.041656
          ],
          [
            105.836388,
            21.041631
          ],
          [
            105.836938,
            21.041533
          ],
          [
            105.836967,
            21.041528
          ],
          [
            105.837123,
            21.041501
          ],
          [
            105.8378,
            21.041381
          ],
          [
            105.838003,
            21.041345
          ],
          [
            105.838102,
            21.041328
          ],
          [
            105.838368,
            21.041281
          ],
          [
            105.838583,
            21.041243
          ],
          [
            105.838745,
            21.041214
          ],
          [
            105.839218,
            21.04113
          ],
          [
            105.839826,
            21.041023
          ],
          [
            105.84,
            21.041002
          ],
          [
            105.840077,
            21.040993
          ],
          [
            105.840218,
            21.040969
          ],
          [
            105.840855,
            21.040855
          ],
          [
            105.841008,
            21.040828
          ],
          [
            105.841077,
            21.040816
          ],
          [
            105.841257,
            21.040784
          ],
          [
            105.841284,
            21.040779
          ],
          [
            105.841457,
            21.040748
          ],
          [
            105.841843,
            21.040679
          ],
          [
            105.841937,
            21.04066
          ],
          [
            105.842029,
            21.04064
          ],
          [
            105.842177,
            21.040612
          ],
          [
            105.842645,
            21.040531
          ],
          [
            105.843037,
            21.040463
          ],
          [
            105.84333,
            21.040412
          ],
          [
            105.843541,
            21.040375
          ],
          [
            105.84376,
            21.040337
          ],
          [
            105.84383,
            21.040325
          ],
          [
            105.843887,
            21.040315
          ],
          [
            105.843949,
            21.040305
          ],
          [
            105.844781,
            21.04016
          ],
          [
            105.844816,
            21.040154
          ],
          [
            105.844949,
            21.040131
          ],
          [
            105.845078,
            21.040109
          ],
          [
            105.845265,
            21.040076
          ],
          [
            105.845412,
            21.040051
          ],
          [
            105.845526,
            21.040028
          ],
          [
            105.845873,
            21.039959
          ],
          [
            105.845986,
            21.039937
          ],
          [
            105.846185,
            21.0399
          ],
          [
            105.846399,
            21.039837
          ],
          [
            105.84655,
            21.039785
          ],
          [
            105.846757,
            21.039782
          ],
          [
            105.846874,
            21.039807
          ],
          [
            105.847163,
            21.039891
          ],
          [
            105.847377,
            21.039953
          ],
          [
            105.847621,
            21.040019
          ],
          [
            105.847771,
            21.04006
          ],
          [
            105.847906,
            21.0401
          ],
          [
            105.848082,
            21.040152
          ]
        ]
      }
    },
    {
      "type": "Feature",
      "properties": {
        "route_id": "VN-08",
        "route_name": "Bus 8: HCMC D1 - Thu Duc",
        "route_type": "BUS",
        "route_ref": "BUS8",
        "origin_name": "Origin",
        "destination_name": "Destination",
        "region": "Other",
        "province": "Other"
      },
      "geometry": {
        "type": "LineString",
        "coordinates": [
          [
            106.697016,
            10.771299
          ],
          [
            106.697651,
            10.771558
          ],
          [
            106.697725,
            10.771576
          ],
          [
            106.6978,
            10.771584
          ],
          [
            106.697876,
            10.771584
          ],
          [
            106.697938,
            10.771577
          ],
          [
            106.698014,
            10.771557
          ],
          [
            106.698088,
            10.771531
          ],
          [
            106.698136,
            10.77151
          ],
          [
            106.698214,
            10.771466
          ],
          [
            106.698259,
            10.771441
          ],
          [
            106.698339,
            10.771395
          ],
          [
            106.698366,
            10.771377
          ],
          [
            106.698435,
            10.771329
          ],
          [
            106.6985,
            10.7714
          ],
          [
            106.698584,
            10.771503
          ],
          [
            106.698729,
            10.77168
          ],
          [
            106.698812,
            10.771782
          ],
          [
            106.698963,
            10.771966
          ],
          [
            106.699162,
            10.772134
          ],
          [
            106.699628,
            10.772625
          ],
          [
            106.700031,
            10.77305
          ],
          [
            106.700091,
            10.773115
          ],
          [
            106.700179,
            10.773207
          ],
          [
            106.70033,
            10.77337
          ],
          [
            106.700992,
            10.774072
          ],
          [
            106.701077,
            10.774161
          ],
          [
            106.701026,
            10.774276
          ],
          [
            106.700986,
            10.774372
          ],
          [
            106.700938,
            10.774485
          ],
          [
            106.700881,
            10.77462
          ],
          [
            106.700755,
            10.774914
          ],
          [
            106.700668,
            10.77511
          ],
          [
            106.700548,
            10.775383
          ],
          [
            106.700488,
            10.775524
          ],
          [
            106.700429,
            10.775664
          ],
          [
            106.700409,
            10.775712
          ],
          [
            106.700398,
            10.775737
          ],
          [
            106.700213,
            10.776175
          ],
          [
            106.700067,
            10.776491
          ],
          [
            106.699923,
            10.776802
          ],
          [
            106.699882,
            10.77684
          ],
          [
            106.699675,
            10.777034
          ],
          [
            106.699631,
            10.777075
          ],
          [
            106.699603,
            10.777101
          ],
          [
            106.699509,
            10.777189
          ],
          [
            106.699432,
            10.777261
          ],
          [
            106.699273,
            10.77741
          ],
          [
            106.699249,
            10.777433
          ],
          [
            106.698872,
            10.777776
          ],
          [
            106.698459,
            10.778152
          ],
          [
            106.69836,
            10.778238
          ],
          [
            106.698019,
            10.778546
          ],
          [
            106.697909,
            10.778647
          ],
          [
            106.697798,
            10.778748
          ],
          [
            106.697415,
            10.7791
          ],
          [
            106.697378,
            10.779138
          ],
          [
            106.697245,
            10.779254
          ],
          [
            106.696816,
            10.779641
          ],
          [
            106.696344,
            10.78009
          ],
          [
            106.695865,
            10.780524
          ],
          [
            106.696972,
            10.781701
          ],
          [
            106.698116,
            10.782881
          ],
          [
            106.698789,
            10.783612
          ],
          [
            106.699084,
            10.78391
          ],
          [
            106.699091,
            10.783945
          ],
          [
            106.69912,
            10.783976
          ],
          [
            106.699677,
            10.78457
          ],
          [
            106.699842,
            10.78474
          ],
          [
            106.700144,
            10.785054
          ],
          [
            106.700185,
            10.785106
          ],
          [
            106.700337,
            10.785266
          ],
          [
            106.700431,
            10.785366
          ],
          [
            106.700511,
            10.785451
          ],
          [
            106.700553,
            10.785495
          ],
          [
            106.70087,
            10.78583
          ],
          [
            106.701099,
            10.786071
          ],
          [
            106.701483,
            10.786457
          ],
          [
            106.701503,
            10.786477
          ],
          [
            106.701661,
            10.786557
          ],
          [
            106.701713,
            10.786672
          ],
          [
            106.7022,
            10.787188
          ],
          [
            106.702245,
            10.787235
          ],
          [
            106.702564,
            10.787576
          ],
          [
            106.7026,
            10.787614
          ],
          [
            106.702861,
            10.787894
          ],
          [
            106.702936,
            10.787972
          ],
          [
            106.703128,
            10.788173
          ],
          [
            106.703193,
            10.78824
          ],
          [
            106.703544,
            10.788606
          ],
          [
            106.704184,
            10.789289
          ],
          [
            106.704505,
            10.789622
          ],
          [
            106.705583,
            10.790763
          ],
          [
            106.705816,
            10.791005
          ],
          [
            106.707175,
            10.792449
          ],
          [
            106.707434,
            10.792726
          ],
          [
            106.708045,
            10.793381
          ],
          [
            106.708401,
            10.793755
          ],
          [
            106.70865,
            10.794017
          ],
          [
            106.709256,
            10.794657
          ],
          [
            106.709359,
            10.794768
          ],
          [
            106.709907,
            10.795338
          ],
          [
            106.710101,
            10.795646
          ],
          [
            106.710161,
            10.795796
          ],
          [
            106.71024,
            10.796003
          ],
          [
            106.710282,
            10.796111
          ],
          [
            106.710368,
            10.796315
          ],
          [
            106.710495,
            10.796643
          ],
          [
            106.71055,
            10.796786
          ],
          [
            106.710628,
            10.796981
          ],
          [
            106.710784,
            10.797382
          ],
          [
            106.710899,
            10.79779
          ],
          [
            106.710928,
            10.79791
          ],
          [
            106.710991,
            10.798147
          ],
          [
            106.71104,
            10.798324
          ],
          [
            106.711116,
            10.798615
          ],
          [
            106.711109,
            10.798807
          ],
          [
            106.711163,
            10.799392
          ],
          [
            106.711169,
            10.799494
          ],
          [
            106.711201,
            10.79981
          ],
          [
            106.711208,
            10.799873
          ],
          [
            106.711228,
            10.80001
          ],
          [
            106.711267,
            10.800446
          ],
          [
            106.7113,
            10.800644
          ],
          [
            106.711354,
            10.80103
          ],
          [
            106.711358,
            10.801059
          ],
          [
            106.711375,
            10.801186
          ],
          [
            106.711446,
            10.801207
          ],
          [
            106.711509,
            10.801246
          ],
          [
            106.711558,
            10.8013
          ],
          [
            106.711592,
            10.801373
          ],
          [
            106.711603,
            10.801452
          ],
          [
            106.711589,
            10.801531
          ],
          [
            106.711551,
            10.801602
          ],
          [
            106.71152,
            10.801637
          ],
          [
            106.711482,
            10.801667
          ],
          [
            106.711447,
            10.801686
          ],
          [
            106.711425,
            10.801808
          ],
          [
            106.711414,
            10.80187
          ],
          [
            106.711428,
            10.802169
          ],
          [
            106.711432,
            10.802469
          ],
          [
            106.711393,
            10.802663
          ],
          [
            106.711403,
            10.802825
          ],
          [
            106.711405,
            10.80286
          ],
          [
            106.711455,
            10.803787
          ],
          [
            106.711493,
            10.804595
          ],
          [
            106.711507,
            10.804958
          ],
          [
            106.71152,
            10.805129
          ],
          [
            106.711522,
            10.805187
          ],
          [
            106.71153,
            10.805388
          ],
          [
            106.711535,
            10.805539
          ],
          [
            106.711544,
            10.805846
          ],
          [
            106.711553,
            10.806122
          ],
          [
            106.711559,
            10.806551
          ],
          [
            106.711561,
            10.806702
          ],
          [
            106.711564,
            10.806824
          ],
          [
            106.711604,
            10.807617
          ],
          [
            106.71161,
            10.807811
          ],
          [
            106.711675,
            10.808128
          ],
          [
            106.711737,
            10.80834
          ],
          [
            106.711836,
            10.808601
          ],
          [
            106.712009,
            10.809063
          ],
          [
            106.712187,
            10.809555
          ],
          [
            106.712239,
            10.809863
          ],
          [
            106.712288,
            10.810161
          ],
          [
            106.712304,
            10.810255
          ],
          [
            106.712418,
            10.811204
          ],
          [
            106.712466,
            10.811601
          ],
          [
            106.712494,
            10.81185
          ],
          [
            106.7125,
            10.81192
          ],
          [
            106.712506,
            10.811988
          ],
          [
            106.712585,
            10.81257
          ],
          [
            106.712814,
            10.814479
          ],
          [
            106.712834,
            10.814651
          ],
          [
            106.712927,
            10.815388
          ],
          [
            106.712961,
            10.81566
          ],
          [
            106.713009,
            10.816044
          ],
          [
            106.713038,
            10.816277
          ],
          [
            106.713066,
            10.816504
          ],
          [
            106.713109,
            10.816845
          ],
          [
            106.713131,
            10.817021
          ],
          [
            106.71317,
            10.817334
          ],
          [
            106.713251,
            10.81798
          ],
          [
            106.713249,
            10.818173
          ],
          [
            106.713378,
            10.819227
          ],
          [
            106.713764,
            10.822376
          ],
          [
            106.71388,
            10.823323
          ],
          [
            106.713907,
            10.823517
          ],
          [
            106.713942,
            10.823632
          ],
          [
            106.713965,
            10.823876
          ],
          [
            106.713979,
            10.824026
          ],
          [
            106.71399,
            10.824114
          ],
          [
            106.714003,
            10.824218
          ],
          [
            106.714054,
            10.824629
          ],
          [
            106.714087,
            10.824855
          ],
          [
            106.714109,
            10.824981
          ],
          [
            106.714138,
            10.825106
          ],
          [
            106.714173,
            10.825229
          ],
          [
            106.714211,
            10.825335
          ],
          [
            106.714253,
            10.825439
          ],
          [
            106.714265,
            10.825464
          ],
          [
            106.714301,
            10.825541
          ],
          [
            106.714395,
            10.825595
          ],
          [
            106.714453,
            10.825656
          ],
          [
            106.714469,
            10.825673
          ],
          [
            106.714516,
            10.825769
          ],
          [
            106.715045,
            10.825926
          ],
          [
            106.715063,
            10.825932
          ],
          [
            106.715125,
            10.825953
          ],
          [
            106.715408,
            10.826028
          ],
          [
            106.715802,
            10.826135
          ],
          [
            106.716782,
            10.826392
          ],
          [
            106.717454,
            10.826551
          ],
          [
            106.717477,
            10.826689
          ],
          [
            106.717505,
            10.826696
          ],
          [
            106.718228,
            10.826885
          ],
          [
            106.719027,
            10.827115
          ],
          [
            106.719424,
            10.827247
          ],
          [
            106.719746,
            10.827381
          ],
          [
            106.720017,
            10.827496
          ],
          [
            106.720131,
            10.827544
          ],
          [
            106.720293,
            10.827612
          ],
          [
            106.720965,
            10.82795
          ],
          [
            106.721301,
            10.828148
          ],
          [
            106.721728,
            10.828427
          ],
          [
            106.722263,
            10.828803
          ],
          [
            106.72244,
            10.828934
          ],
          [
            106.722722,
            10.829154
          ],
          [
            106.724005,
            10.830155
          ],
          [
            106.724301,
            10.830386
          ],
          [
            106.724356,
            10.830426
          ],
          [
            106.724436,
            10.830492
          ],
          [
            106.725239,
            10.831141
          ],
          [
            106.725917,
            10.831693
          ],
          [
            106.726208,
            10.831924
          ],
          [
            106.726592,
            10.832261
          ],
          [
            106.727158,
            10.832714
          ],
          [
            106.727334,
            10.832878
          ],
          [
            106.727673,
            10.833178
          ],
          [
            106.727803,
            10.833293
          ],
          [
            106.728571,
            10.833913
          ],
          [
            106.729251,
            10.834461
          ],
          [
            106.730045,
            10.835089
          ],
          [
            106.730206,
            10.835231
          ],
          [
            106.731004,
            10.835894
          ],
          [
            106.732,
            10.836678
          ],
          [
            106.732157,
            10.836801
          ],
          [
            106.73257,
            10.837087
          ],
          [
            106.732636,
            10.837138
          ],
          [
            106.732731,
            10.8372
          ],
          [
            106.732755,
            10.837192
          ],
          [
            106.732781,
            10.837186
          ],
          [
            106.732801,
            10.837185
          ],
          [
            106.732816,
            10.837186
          ],
          [
            106.732831,
            10.837188
          ],
          [
            106.732846,
            10.837192
          ],
          [
            106.73286,
            10.837198
          ],
          [
            106.732874,
            10.837205
          ],
          [
            106.732887,
            10.837213
          ],
          [
            106.732899,
            10.837223
          ],
          [
            106.732909,
            10.837234
          ],
          [
            106.732919,
            10.837245
          ],
          [
            106.732927,
            10.837258
          ],
          [
            106.732934,
            10.837272
          ],
          [
            106.733051,
            10.837342
          ],
          [
            106.733094,
            10.837425
          ],
          [
            106.733508,
            10.837665
          ],
          [
            106.733962,
            10.837916
          ],
          [
            106.734326,
            10.83809
          ],
          [
            106.734754,
            10.838304
          ],
          [
            106.735236,
            10.8385
          ],
          [
            106.735722,
            10.838673
          ],
          [
            106.73621,
            10.838817
          ],
          [
            106.73633,
            10.83885
          ],
          [
            106.73684,
            10.838985
          ],
          [
            106.738635,
            10.83943
          ],
          [
            106.739512,
            10.839648
          ],
          [
            106.740002,
            10.839787
          ],
          [
            106.740915,
            10.840011
          ],
          [
            106.741767,
            10.840229
          ],
          [
            106.742333,
            10.840395
          ],
          [
            106.74241,
            10.840422
          ],
          [
            106.742482,
            10.840325
          ],
          [
            106.743117,
            10.840563
          ],
          [
            106.743282,
            10.840639
          ],
          [
            106.743734,
            10.840889
          ],
          [
            106.744227,
            10.840841
          ],
          [
            106.74441,
            10.840793
          ],
          [
            106.74456,
            10.840787
          ],
          [
            106.74512,
            10.840724
          ],
          [
            106.745377,
            10.840724
          ],
          [
            106.745745,
            10.840808
          ],
          [
            106.746181,
            10.841237
          ],
          [
            106.746604,
            10.841634
          ],
          [
            106.746767,
            10.841788
          ],
          [
            106.746846,
            10.841859
          ],
          [
            106.746869,
            10.84188
          ],
          [
            106.746903,
            10.841911
          ],
          [
            106.747013,
            10.842011
          ],
          [
            106.747433,
            10.842404
          ],
          [
            106.747816,
            10.842866
          ],
          [
            106.747969,
            10.843051
          ],
          [
            106.748196,
            10.843324
          ],
          [
            106.748738,
            10.843907
          ],
          [
            106.749085,
            10.84428
          ],
          [
            106.749569,
            10.844801
          ],
          [
            106.749697,
            10.844931
          ],
          [
            106.749798,
            10.845047
          ],
          [
            106.750092,
            10.845384
          ],
          [
            106.750183,
            10.845498
          ],
          [
            106.750576,
            10.846049
          ],
          [
            106.75074,
            10.84625
          ],
          [
            106.750879,
            10.846415
          ],
          [
            106.750958,
            10.846489
          ],
          [
            106.750989,
            10.846517
          ],
          [
            106.751216,
            10.846728
          ],
          [
            106.751647,
            10.847129
          ],
          [
            106.751691,
            10.847171
          ],
          [
            106.751889,
            10.847355
          ],
          [
            106.752055,
            10.847503
          ],
          [
            106.752125,
            10.847566
          ],
          [
            106.752545,
            10.848069
          ],
          [
            106.752687,
            10.848238
          ],
          [
            106.752742,
            10.848304
          ],
          [
            106.752982,
            10.848591
          ],
          [
            106.753093,
            10.848732
          ],
          [
            106.753672,
            10.849424
          ],
          [
            106.753878,
            10.849673
          ],
          [
            106.754505,
            10.850434
          ],
          [
            106.754876,
            10.850058
          ],
          [
            106.755011,
            10.849927
          ],
          [
            106.755691,
            10.850602
          ],
          [
            106.756137,
            10.850212
          ],
          [
            106.756282,
            10.850086
          ],
          [
            106.756438,
            10.849949
          ],
          [
            106.756548,
            10.850072
          ],
          [
            106.756592,
            10.850103
          ],
          [
            106.756662,
            10.850176
          ],
          [
            106.756751,
            10.850237
          ]
        ]
      }
    },
    {
      "type": "Feature",
      "properties": {
        "route_id": "VN-09",
        "route_name": "Bus 9: HCMC D3 - Tan Binh",
        "route_type": "BUS",
        "route_ref": "BUS9",
        "origin_name": "Origin",
        "destination_name": "Destination",
        "region": "Other",
        "province": "Other"
      },
      "geometry": {
        "type": "LineString",
        "coordinates": [
          [
            106.685158,
            10.782305
          ],
          [
            106.685423,
            10.782233
          ],
          [
            106.685903,
            10.781777
          ],
          [
            106.685515,
            10.781385
          ],
          [
            106.685416,
            10.781285
          ],
          [
            106.684616,
            10.780478
          ],
          [
            106.684244,
            10.780103
          ],
          [
            106.684101,
            10.779958
          ],
          [
            106.683787,
            10.779641
          ],
          [
            106.683111,
            10.77896
          ],
          [
            106.683091,
            10.778939
          ],
          [
            106.683058,
            10.778905
          ],
          [
            106.68299,
            10.778837
          ],
          [
            106.682898,
            10.778744
          ],
          [
            106.682653,
            10.778497
          ],
          [
            106.682575,
            10.778418
          ],
          [
            106.682529,
            10.778372
          ],
          [
            106.682236,
            10.778077
          ],
          [
            106.682196,
            10.778041
          ],
          [
            106.682153,
            10.778008
          ],
          [
            106.682108,
            10.777979
          ],
          [
            106.682036,
            10.777942
          ],
          [
            106.681961,
            10.777914
          ],
          [
            106.681929,
            10.777971
          ],
          [
            106.681885,
            10.778019
          ],
          [
            106.68183,
            10.778056
          ],
          [
            106.681769,
            10.77808
          ],
          [
            106.681703,
            10.778089
          ],
          [
            106.681642,
            10.778085
          ],
          [
            106.681583,
            10.778066
          ],
          [
            106.681532,
            10.778038
          ],
          [
            106.681481,
            10.777992
          ],
          [
            106.68145,
            10.77795
          ],
          [
            106.68076,
            10.778293
          ],
          [
            106.680537,
            10.778407
          ],
          [
            106.68031,
            10.778527
          ],
          [
            106.680115,
            10.778629
          ],
          [
            106.679842,
            10.778776
          ],
          [
            106.679638,
            10.778886
          ],
          [
            106.679425,
            10.778995
          ],
          [
            106.679388,
            10.779014
          ],
          [
            106.679074,
            10.779196
          ],
          [
            106.678948,
            10.779273
          ],
          [
            106.678638,
            10.779429
          ],
          [
            106.678487,
            10.779513
          ],
          [
            106.678445,
            10.779561
          ],
          [
            106.678265,
            10.779665
          ],
          [
            106.678103,
            10.779754
          ],
          [
            106.677595,
            10.780021
          ],
          [
            106.677235,
            10.780203
          ],
          [
            106.677146,
            10.780248
          ],
          [
            106.677116,
            10.780241
          ],
          [
            106.677074,
            10.780264
          ],
          [
            106.676951,
            10.78033
          ],
          [
            106.676934,
            10.780352
          ],
          [
            106.676914,
            10.780362
          ],
          [
            106.676682,
            10.780485
          ],
          [
            106.676655,
            10.780488
          ],
          [
            106.676358,
            10.780635
          ],
          [
            106.676179,
            10.780733
          ],
          [
            106.675957,
            10.780853
          ],
          [
            106.675905,
            10.780881
          ],
          [
            106.675749,
            10.780964
          ],
          [
            106.675591,
            10.78105
          ],
          [
            106.675257,
            10.781224
          ],
          [
            106.67516,
            10.781281
          ],
          [
            106.674856,
            10.781458
          ],
          [
            106.674606,
            10.781576
          ],
          [
            106.674371,
            10.781702
          ],
          [
            106.674238,
            10.781773
          ],
          [
            106.673882,
            10.781966
          ],
          [
            106.673495,
            10.78217
          ],
          [
            106.673288,
            10.782281
          ],
          [
            106.672974,
            10.782452
          ],
          [
            106.67291,
            10.782487
          ],
          [
            106.672759,
            10.782568
          ],
          [
            106.672464,
            10.782725
          ],
          [
            106.672434,
            10.782741
          ],
          [
            106.6721,
            10.782918
          ],
          [
            106.671925,
            10.783012
          ],
          [
            106.671466,
            10.78326
          ],
          [
            106.671435,
            10.783277
          ],
          [
            106.671399,
            10.783296
          ],
          [
            106.671147,
            10.783429
          ],
          [
            106.671078,
            10.783465
          ],
          [
            106.670978,
            10.783517
          ],
          [
            106.670925,
            10.783547
          ],
          [
            106.670726,
            10.783656
          ],
          [
            106.670659,
            10.783693
          ],
          [
            106.670331,
            10.783875
          ],
          [
            106.669943,
            10.784071
          ],
          [
            106.669797,
            10.784152
          ],
          [
            106.66959,
            10.784263
          ],
          [
            106.669269,
            10.784436
          ],
          [
            106.669107,
            10.784522
          ],
          [
            106.668992,
            10.784583
          ],
          [
            106.668689,
            10.784745
          ],
          [
            106.668397,
            10.784899
          ],
          [
            106.668312,
            10.784944
          ],
          [
            106.668185,
            10.785012
          ],
          [
            106.667981,
            10.785119
          ],
          [
            106.667804,
            10.785213
          ],
          [
            106.667661,
            10.785289
          ],
          [
            106.667206,
            10.785535
          ],
          [
            106.66706,
            10.785614
          ],
          [
            106.666869,
            10.785714
          ],
          [
            106.666587,
            10.785868
          ],
          [
            106.666544,
            10.785892
          ],
          [
            106.666514,
            10.78595
          ],
          [
            106.665878,
            10.786293
          ],
          [
            106.665485,
            10.786508
          ],
          [
            106.664853,
            10.786847
          ],
          [
            106.664445,
            10.787054
          ],
          [
            106.663897,
            10.78735
          ],
          [
            106.6638,
            10.787367
          ],
          [
            106.663478,
            10.78753
          ],
          [
            106.663165,
            10.787697
          ],
          [
            106.663031,
            10.78777
          ],
          [
            106.662713,
            10.787944
          ],
          [
            106.662412,
            10.788109
          ],
          [
            106.662194,
            10.788229
          ],
          [
            106.6621,
            10.78828
          ],
          [
            106.662036,
            10.788314
          ],
          [
            106.662019,
            10.788323
          ],
          [
            106.661815,
            10.788424
          ],
          [
            106.66153,
            10.788571
          ],
          [
            106.661261,
            10.788708
          ],
          [
            106.661012,
            10.788836
          ],
          [
            106.660772,
            10.788967
          ],
          [
            106.660729,
            10.78899
          ],
          [
            106.660705,
            10.789003
          ],
          [
            106.660636,
            10.78904
          ],
          [
            106.660587,
            10.789067
          ],
          [
            106.660537,
            10.789093
          ],
          [
            106.660225,
            10.789259
          ],
          [
            106.660083,
            10.789334
          ],
          [
            106.659896,
            10.789432
          ],
          [
            106.659651,
            10.789561
          ],
          [
            106.659554,
            10.789612
          ],
          [
            106.659091,
            10.789856
          ],
          [
            106.658953,
            10.789929
          ],
          [
            106.658755,
            10.790033
          ],
          [
            106.658712,
            10.790056
          ],
          [
            106.658551,
            10.79014
          ],
          [
            106.65825,
            10.790306
          ],
          [
            106.657781,
            10.790546
          ],
          [
            106.657702,
            10.790593
          ],
          [
            106.657415,
            10.790744
          ],
          [
            106.657211,
            10.790857
          ],
          [
            106.656918,
            10.791007
          ],
          [
            106.656116,
            10.791427
          ],
          [
            106.656048,
            10.791463
          ],
          [
            106.656002,
            10.791484
          ],
          [
            106.655769,
            10.791594
          ],
          [
            106.655546,
            10.791715
          ],
          [
            106.655456,
            10.791763
          ],
          [
            106.655379,
            10.791806
          ],
          [
            106.654798,
            10.79213
          ],
          [
            106.654554,
            10.792261
          ],
          [
            106.654464,
            10.792309
          ],
          [
            106.654173,
            10.792464
          ],
          [
            106.653909,
            10.792604
          ],
          [
            106.653794,
            10.792697
          ],
          [
            106.653726,
            10.792762
          ],
          [
            106.653694,
            10.792806
          ],
          [
            106.653669,
            10.792854
          ],
          [
            106.653648,
            10.792909
          ],
          [
            106.653639,
            10.792969
          ],
          [
            106.653644,
            10.793025
          ],
          [
            106.653657,
            10.793083
          ],
          [
            106.653672,
            10.793126
          ],
          [
            106.653697,
            10.793183
          ],
          [
            106.653772,
            10.793269
          ],
          [
            106.653957,
            10.793481
          ],
          [
            106.654221,
            10.793812
          ],
          [
            106.654396,
            10.794043
          ],
          [
            106.654489,
            10.794134
          ],
          [
            106.654543,
            10.794186
          ],
          [
            106.654695,
            10.794334
          ],
          [
            106.654876,
            10.794511
          ],
          [
            106.654899,
            10.794533
          ],
          [
            106.655016,
            10.794647
          ],
          [
            106.655169,
            10.794796
          ],
          [
            106.655288,
            10.794911
          ],
          [
            106.655373,
            10.794995
          ],
          [
            106.655464,
            10.795084
          ],
          [
            106.655532,
            10.79515
          ],
          [
            106.655621,
            10.79526
          ],
          [
            106.655653,
            10.795311
          ],
          [
            106.655677,
            10.795361
          ],
          [
            106.655687,
            10.795404
          ],
          [
            106.655688,
            10.795456
          ],
          [
            106.655616,
            10.795529
          ],
          [
            106.655373,
            10.795776
          ],
          [
            106.654742,
            10.796417
          ],
          [
            106.654662,
            10.796498
          ],
          [
            106.654585,
            10.796425
          ],
          [
            106.653022,
            10.794954
          ],
          [
            106.652913,
            10.794851
          ],
          [
            106.652399,
            10.794367
          ],
          [
            106.652344,
            10.794314
          ],
          [
            106.652251,
            10.794226
          ],
          [
            106.652209,
            10.794186
          ],
          [
            106.651928,
            10.793918
          ],
          [
            106.651879,
            10.793871
          ],
          [
            106.651752,
            10.793761
          ],
          [
            106.651656,
            10.793842
          ],
          [
            106.651451,
            10.793955
          ],
          [
            106.651173,
            10.794104
          ],
          [
            106.651043,
            10.794174
          ],
          [
            106.650969,
            10.794213
          ],
          [
            106.650803,
            10.794302
          ],
          [
            106.650158,
            10.794643
          ],
          [
            106.649248,
            10.795135
          ],
          [
            106.648542,
            10.795515
          ],
          [
            106.64813,
            10.795738
          ],
          [
            106.647891,
            10.795867
          ],
          [
            106.647479,
            10.796089
          ],
          [
            106.647433,
            10.796114
          ],
          [
            106.647019,
            10.796338
          ],
          [
            106.646964,
            10.796367
          ],
          [
            106.647041,
            10.79714
          ],
          [
            106.647063,
            10.797365
          ],
          [
            106.647085,
            10.797581
          ],
          [
            106.647115,
            10.79789
          ],
          [
            106.64712,
            10.797934
          ],
          [
            106.64717,
            10.798477
          ],
          [
            106.647217,
            10.798939
          ],
          [
            106.647232,
            10.799126
          ],
          [
            106.647251,
            10.799343
          ],
          [
            106.647261,
            10.799445
          ],
          [
            106.64677,
            10.799952
          ],
          [
            106.646522,
            10.800214
          ],
          [
            106.646404,
            10.800336
          ],
          [
            106.646923,
            10.800859
          ],
          [
            106.646929,
            10.800869
          ],
          [
            106.646931,
            10.800879
          ],
          [
            106.646936,
            10.800951
          ],
          [
            106.646934,
            10.800961
          ],
          [
            106.646929,
            10.80097
          ],
          [
            106.646929,
            10.80097
          ]
        ]
      }
    },
    {
      "type": "Feature",
      "properties": {
        "route_id": "VN-10",
        "route_name": "Bus 10: HCMC D5 - D10",
        "route_type": "BUS",
        "route_ref": "BUS10",
        "origin_name": "Origin",
        "destination_name": "Destination",
        "region": "Other",
        "province": "Other"
      },
      "geometry": {
        "type": "LineString",
        "coordinates": [
          [
            106.666078,
            10.755214
          ],
          [
            106.666374,
            10.75527
          ],
          [
            106.666413,
            10.755277
          ],
          [
            106.666403,
            10.755362
          ],
          [
            106.666343,
            10.755863
          ],
          [
            106.666329,
            10.755983
          ],
          [
            106.66635,
            10.756005
          ],
          [
            106.666364,
            10.756032
          ],
          [
            106.66637,
            10.756057
          ],
          [
            106.66637,
            10.756077
          ],
          [
            106.666356,
            10.756153
          ],
          [
            106.66635,
            10.756175
          ],
          [
            106.666339,
            10.756198
          ],
          [
            106.66632,
            10.756218
          ],
          [
            106.666301,
            10.75623
          ],
          [
            106.666278,
            10.756236
          ],
          [
            106.666261,
            10.756302
          ],
          [
            106.666354,
            10.756417
          ],
          [
            106.666393,
            10.756429
          ],
          [
            106.666431,
            10.756445
          ],
          [
            106.666466,
            10.756466
          ],
          [
            106.666502,
            10.756494
          ],
          [
            106.666541,
            10.756531
          ],
          [
            106.666906,
            10.757034
          ],
          [
            106.666937,
            10.757073
          ],
          [
            106.667344,
            10.757625
          ],
          [
            106.667494,
            10.757829
          ],
          [
            106.667537,
            10.757887
          ],
          [
            106.667965,
            10.758469
          ],
          [
            106.668561,
            10.759277
          ],
          [
            106.668787,
            10.759585
          ],
          [
            106.668844,
            10.759667
          ],
          [
            106.668879,
            10.759663
          ],
          [
            106.668932,
            10.75967
          ],
          [
            106.668981,
            10.759691
          ],
          [
            106.669024,
            10.759724
          ],
          [
            106.669056,
            10.759769
          ],
          [
            106.669074,
            10.75982
          ],
          [
            106.669076,
            10.759874
          ],
          [
            106.669068,
            10.759913
          ],
          [
            106.669043,
            10.759964
          ],
          [
            106.669031,
            10.75998
          ],
          [
            106.669008,
            10.760003
          ],
          [
            106.668977,
            10.760025
          ],
          [
            106.668955,
            10.760034
          ],
          [
            106.668925,
            10.760043
          ],
          [
            106.668893,
            10.760048
          ],
          [
            106.668868,
            10.760112
          ],
          [
            106.668848,
            10.760204
          ],
          [
            106.668731,
            10.760734
          ],
          [
            106.668715,
            10.760808
          ],
          [
            106.668693,
            10.760898
          ],
          [
            106.668502,
            10.761761
          ],
          [
            106.668477,
            10.76187
          ],
          [
            106.668459,
            10.761955
          ],
          [
            106.668422,
            10.76212
          ],
          [
            106.668376,
            10.762326
          ],
          [
            106.668251,
            10.762888
          ],
          [
            106.668219,
            10.763034
          ],
          [
            106.668211,
            10.763071
          ],
          [
            106.668064,
            10.763727
          ],
          [
            106.668048,
            10.763798
          ],
          [
            106.668031,
            10.763872
          ],
          [
            106.667888,
            10.764515
          ],
          [
            106.667856,
            10.764659
          ],
          [
            106.667838,
            10.764737
          ],
          [
            106.667819,
            10.764824
          ],
          [
            106.66779,
            10.764953
          ],
          [
            106.667728,
            10.765234
          ],
          [
            106.667653,
            10.765571
          ],
          [
            106.667641,
            10.765623
          ],
          [
            106.667625,
            10.765693
          ],
          [
            106.667613,
            10.765748
          ],
          [
            106.667553,
            10.766019
          ],
          [
            106.667477,
            10.766356
          ],
          [
            106.667409,
            10.76666
          ],
          [
            106.66734,
            10.766969
          ],
          [
            106.667279,
            10.767245
          ],
          [
            106.667195,
            10.767577
          ],
          [
            106.667169,
            10.767681
          ],
          [
            106.667123,
            10.767804
          ],
          [
            106.667101,
            10.767866
          ],
          [
            106.667047,
            10.767989
          ],
          [
            106.666995,
            10.768082
          ],
          [
            106.666961,
            10.768127
          ],
          [
            106.666908,
            10.768172
          ],
          [
            106.666887,
            10.768214
          ],
          [
            106.666735,
            10.768547
          ],
          [
            106.666693,
            10.768638
          ],
          [
            106.666672,
            10.768684
          ],
          [
            106.666643,
            10.768747
          ],
          [
            106.666492,
            10.769072
          ],
          [
            106.666375,
            10.76932
          ],
          [
            106.666351,
            10.76937
          ],
          [
            106.666261,
            10.769576
          ],
          [
            106.666187,
            10.769767
          ],
          [
            106.666021,
            10.770187
          ],
          [
            106.665772,
            10.770838
          ],
          [
            106.665698,
            10.771039
          ],
          [
            106.665623,
            10.771231
          ],
          [
            106.665422,
            10.771757
          ],
          [
            106.665389,
            10.771836
          ],
          [
            106.665308,
            10.772044
          ],
          [
            106.665271,
            10.772141
          ],
          [
            106.665175,
            10.77239
          ],
          [
            106.665158,
            10.772434
          ],
          [
            106.665137,
            10.772486
          ],
          [
            106.665111,
            10.772555
          ],
          [
            106.664927,
            10.773036
          ]
        ]
      }
    }
  ]
}