{
  "type": "FeatureCollection",
  "features": [
    {
      "type": "Feature",
      "properties": {
        "route_id": "PH-13C",
        "route_name": "13C Talamban - Colon",
        "route_type": "PUJ",
        "route_ref": "13C",
        "origin_name": "Origin",
        "destination_name": "Destination",
        "region": "Cebu",
        "province": "Cebu"
      },
      "geometry": {
        "type": "LineString",
        "coordinates": [
          [
            123.914309,
            10.359869
          ],
          [
            123.913486,
            10.359448
          ],
          [
            123.913732,
            10.358971
          ],
          [
            123.913786,
            10.358999
          ],
          [
            123.914643,
            10.359418
          ],
          [
            123.914674,
            10.359426
          ],
          [
            123.914698,
            10.359422
          ],
          [
            123.914726,
            10.359399
          ],
          [
            123.914768,
            10.3593
          ],
          [
            123.914772,
            10.359288
          ],
          [
            123.914863,
            10.35907
          ],
          [
            123.914895,
            10.359024
          ],
          [
            123.914928,
            10.358993
          ],
          [
            123.914965,
            10.358984
          ],
          [
            123.915191,
            10.358948
          ],
          [
            123.915289,
            10.358913
          ],
          [
            123.915384,
            10.358875
          ],
          [
            123.9156,
            10.358843
          ],
          [
            123.915697,
            10.358849
          ],
          [
            123.915703,
            10.358815
          ],
          [
            123.915702,
            10.358752
          ],
          [
            123.915684,
            10.358639
          ],
          [
            123.91566,
            10.358554
          ],
          [
            123.915642,
            10.358505
          ],
          [
            123.915626,
            10.358461
          ],
          [
            123.915541,
            10.358325
          ],
          [
            123.915459,
            10.358202
          ],
          [
            123.915386,
            10.358094
          ],
          [
            123.915286,
            10.357958
          ],
          [
            123.915243,
            10.3579
          ],
          [
            123.915211,
            10.357857
          ],
          [
            123.915144,
            10.357731
          ],
          [
            123.915106,
            10.357603
          ],
          [
            123.915103,
            10.357482
          ],
          [
            123.915097,
            10.357071
          ],
          [
            123.915095,
            10.356933
          ],
          [
            123.915093,
            10.356776
          ],
          [
            123.915092,
            10.356703
          ],
          [
            123.91509,
            10.356606
          ],
          [
            123.915086,
            10.356374
          ],
          [
            123.915087,
            10.356165
          ],
          [
            123.915085,
            10.355917
          ],
          [
            123.915061,
            10.355741
          ],
          [
            123.915032,
            10.355636
          ],
          [
            123.915019,
            10.355594
          ],
          [
            123.915011,
            10.355569
          ],
          [
            123.914987,
            10.355502
          ],
          [
            123.914966,
            10.355441
          ],
          [
            123.914942,
            10.355389
          ],
          [
            123.914886,
            10.355261
          ],
          [
            123.914737,
            10.354974
          ],
          [
            123.914724,
            10.354945
          ],
          [
            123.914688,
            10.354862
          ],
          [
            123.914656,
            10.354776
          ],
          [
            123.914641,
            10.354741
          ],
          [
            123.914585,
            10.354565
          ],
          [
            123.914496,
            10.354241
          ],
          [
            123.914456,
            10.35411
          ],
          [
            123.914346,
            10.353715
          ],
          [
            123.914321,
            10.353623
          ],
          [
            123.914159,
            10.353031
          ],
          [
            123.914138,
            10.352945
          ],
          [
            123.91413,
            10.35291
          ],
          [
            123.914068,
            10.352681
          ],
          [
            123.914035,
            10.352556
          ],
          [
            123.913985,
            10.352373
          ],
          [
            123.913838,
            10.351821
          ],
          [
            123.913792,
            10.351615
          ],
          [
            123.913785,
            10.351584
          ],
          [
            123.913755,
            10.351453
          ],
          [
            123.913689,
            10.351174
          ],
          [
            123.913634,
            10.350948
          ],
          [
            123.913607,
            10.350835
          ],
          [
            123.913585,
            10.350706
          ],
          [
            123.913581,
            10.350683
          ],
          [
            123.913566,
            10.350594
          ],
          [
            123.913555,
            10.350531
          ],
          [
            123.913542,
            10.350461
          ],
          [
            123.913527,
            10.350379
          ],
          [
            123.913483,
            10.350145
          ],
          [
            123.913475,
            10.350103
          ],
          [
            123.913412,
            10.349763
          ],
          [
            123.913401,
            10.349705
          ],
          [
            123.913381,
            10.349596
          ],
          [
            123.913361,
            10.349487
          ],
          [
            123.913321,
            10.349274
          ],
          [
            123.913288,
            10.349097
          ],
          [
            123.913276,
            10.349033
          ],
          [
            123.913258,
            10.348933
          ],
          [
            123.913227,
            10.348766
          ],
          [
            123.913215,
            10.348705
          ],
          [
            123.913186,
            10.348549
          ],
          [
            123.913119,
            10.348202
          ],
          [
            123.913112,
            10.348163
          ],
          [
            123.913061,
            10.347903
          ],
          [
            123.91301,
            10.347634
          ],
          [
            123.913005,
            10.347611
          ],
          [
            123.912928,
            10.347209
          ],
          [
            123.912893,
            10.347008
          ],
          [
            123.912873,
            10.346881
          ],
          [
            123.912832,
            10.346613
          ],
          [
            123.912831,
            10.346602
          ],
          [
            123.912805,
            10.346426
          ],
          [
            123.912804,
            10.346424
          ],
          [
            123.912792,
            10.346344
          ],
          [
            123.912783,
            10.346285
          ],
          [
            123.912769,
            10.346196
          ],
          [
            123.91274,
            10.346019
          ],
          [
            123.912729,
            10.345948
          ],
          [
            123.912712,
            10.345842
          ],
          [
            123.912693,
            10.345721
          ],
          [
            123.912572,
            10.34513
          ],
          [
            123.911978,
            10.341636
          ],
          [
            123.911894,
            10.341139
          ],
          [
            123.911884,
            10.341081
          ],
          [
            123.911863,
            10.340962
          ],
          [
            123.91184,
            10.340829
          ],
          [
            123.911832,
            10.340783
          ],
          [
            123.911812,
            10.340669
          ],
          [
            123.911762,
            10.340384
          ],
          [
            123.911718,
            10.340136
          ],
          [
            123.911695,
            10.339996
          ],
          [
            123.911617,
            10.339512
          ],
          [
            123.911598,
            10.339397
          ],
          [
            123.911515,
            10.338897
          ],
          [
            123.911469,
            10.338618
          ],
          [
            123.911461,
            10.338567
          ],
          [
            123.911448,
            10.338482
          ],
          [
            123.911419,
            10.338309
          ],
          [
            123.911405,
            10.338225
          ],
          [
            123.911368,
            10.337995
          ],
          [
            123.911357,
            10.337925
          ],
          [
            123.911341,
            10.337832
          ],
          [
            123.911315,
            10.33767
          ],
          [
            123.911304,
            10.337601
          ],
          [
            123.911285,
            10.337485
          ],
          [
            123.911273,
            10.33741
          ],
          [
            123.91127,
            10.337392
          ],
          [
            123.911155,
            10.336781
          ],
          [
            123.91115,
            10.336752
          ],
          [
            123.911122,
            10.336606
          ],
          [
            123.911075,
            10.336338
          ],
          [
            123.911025,
            10.336056
          ],
          [
            123.911011,
            10.335977
          ],
          [
            123.910935,
            10.335544
          ],
          [
            123.910926,
            10.335498
          ],
          [
            123.910908,
            10.335398
          ],
          [
            123.910903,
            10.335364
          ],
          [
            123.9109,
            10.335348
          ],
          [
            123.91089,
            10.335293
          ],
          [
            123.910837,
            10.334992
          ],
          [
            123.910713,
            10.334288
          ],
          [
            123.910577,
            10.333618
          ],
          [
            123.910442,
            10.332949
          ],
          [
            123.910371,
            10.332598
          ],
          [
            123.910365,
            10.33257
          ],
          [
            123.910334,
            10.332429
          ],
          [
            123.910287,
            10.332212
          ],
          [
            123.910255,
            10.332098
          ],
          [
            123.910241,
            10.332047
          ],
          [
            123.91017,
            10.331778
          ],
          [
            123.910141,
            10.331678
          ],
          [
            123.910047,
            10.331367
          ],
          [
            123.909925,
            10.330995
          ],
          [
            123.909902,
            10.330924
          ],
          [
            123.909671,
            10.330366
          ],
          [
            123.909646,
            10.330309
          ],
          [
            123.909599,
            10.330185
          ],
          [
            123.909575,
            10.330128
          ],
          [
            123.909531,
            10.330031
          ],
          [
            123.909393,
            10.32969
          ],
          [
            123.90918,
            10.329205
          ],
          [
            123.909116,
            10.329053
          ],
          [
            123.908985,
            10.328717
          ],
          [
            123.908944,
            10.328618
          ],
          [
            123.90894,
            10.32861
          ],
          [
            123.90893,
            10.328587
          ],
          [
            123.908917,
            10.328559
          ],
          [
            123.908907,
            10.328536
          ],
          [
            123.908887,
            10.328492
          ],
          [
            123.908811,
            10.32832
          ],
          [
            123.908794,
            10.328281
          ],
          [
            123.908732,
            10.328142
          ],
          [
            123.908717,
            10.328107
          ],
          [
            123.908698,
            10.328067
          ],
          [
            123.908686,
            10.32804
          ],
          [
            123.908661,
            10.327986
          ],
          [
            123.908638,
            10.327935
          ],
          [
            123.908629,
            10.327915
          ],
          [
            123.90832,
            10.327246
          ],
          [
            123.907958,
            10.326425
          ],
          [
            123.907887,
            10.326273
          ],
          [
            123.907806,
            10.326134
          ],
          [
            123.907706,
            10.326008
          ],
          [
            123.907333,
            10.325667
          ],
          [
            123.90725,
            10.325564
          ],
          [
            123.907147,
            10.32543
          ],
          [
            123.906867,
            10.325047
          ],
          [
            123.906443,
            10.32439
          ],
          [
            123.906354,
            10.324275
          ],
          [
            123.906244,
            10.324118
          ],
          [
            123.906161,
            10.323986
          ],
          [
            123.906108,
            10.323912
          ],
          [
            123.906095,
            10.323894
          ],
          [
            123.906074,
            10.323863
          ],
          [
            123.905986,
            10.323726
          ],
          [
            123.905817,
            10.323468
          ],
          [
            123.905224,
            10.322561
          ],
          [
            123.905202,
            10.322526
          ],
          [
            123.905148,
            10.322444
          ],
          [
            123.90511,
            10.322387
          ],
          [
            123.905103,
            10.322376
          ],
          [
            123.904911,
            10.32209
          ],
          [
            123.904836,
            10.32198
          ],
          [
            123.904827,
            10.321966
          ],
          [
            123.904789,
            10.321902
          ],
          [
            123.904479,
            10.321438
          ],
          [
            123.904054,
            10.320767
          ],
          [
            123.903895,
            10.320512
          ],
          [
            123.903758,
            10.320246
          ],
          [
            123.90337,
            10.3194
          ],
          [
            123.903283,
            10.319172
          ],
          [
            123.903182,
            10.318961
          ],
          [
            123.903159,
            10.318912
          ],
          [
            123.903072,
            10.318731
          ],
          [
            123.902971,
            10.318502
          ],
          [
            123.90268,
            10.317901
          ],
          [
            123.902664,
            10.317862
          ],
          [
            123.902626,
            10.317771
          ],
          [
            123.902575,
            10.317659
          ],
          [
            123.902529,
            10.317557
          ],
          [
            123.90234,
            10.317162
          ],
          [
            123.902177,
            10.316795
          ],
          [
            123.902042,
            10.316454
          ],
          [
            123.902028,
            10.316418
          ],
          [
            123.90173,
            10.315551
          ],
          [
            123.901693,
            10.315423
          ],
          [
            123.901609,
            10.315364
          ],
          [
            123.901696,
            10.315174
          ],
          [
            123.901758,
            10.315059
          ],
          [
            123.901778,
            10.315022
          ],
          [
            123.901886,
            10.314815
          ],
          [
            123.902013,
            10.31458
          ],
          [
            123.90222,
            10.314179
          ],
          [
            123.902521,
            10.313587
          ],
          [
            123.902638,
            10.313368
          ],
          [
            123.90267,
            10.313307
          ],
          [
            123.902726,
            10.3132
          ],
          [
            123.902762,
            10.313128
          ],
          [
            123.903039,
            10.312591
          ],
          [
            123.903123,
            10.312423
          ],
          [
            123.903171,
            10.312332
          ],
          [
            123.903274,
            10.312137
          ],
          [
            123.903385,
            10.311924
          ],
          [
            123.903456,
            10.311795
          ],
          [
            123.903493,
            10.31172
          ],
          [
            123.903767,
            10.311186
          ],
          [
            123.9038,
            10.311121
          ],
          [
            123.903863,
            10.310996
          ],
          [
            123.903877,
            10.310968
          ],
          [
            123.903926,
            10.31088
          ],
          [
            123.903935,
            10.310861
          ],
          [
            123.903942,
            10.310844
          ],
          [
            123.903952,
            10.310822
          ],
          [
            123.903955,
            10.310802
          ],
          [
            123.903956,
            10.310762
          ],
          [
            123.903954,
            10.310741
          ],
          [
            123.90395,
            10.310688
          ],
          [
            123.90404,
            10.310631
          ],
          [
            123.904089,
            10.3106
          ],
          [
            123.904163,
            10.310559
          ],
          [
            123.904624,
            10.310287
          ],
          [
            123.904717,
            10.310233
          ],
          [
            123.905123,
            10.309985
          ],
          [
            123.905357,
            10.30985
          ],
          [
            123.905623,
            10.309693
          ],
          [
            123.905795,
            10.309591
          ],
          [
            123.906264,
            10.309299
          ],
          [
            123.906408,
            10.309209
          ],
          [
            123.906785,
            10.308973
          ],
          [
            123.906855,
            10.308929
          ],
          [
            123.906907,
            10.308811
          ],
          [
            123.906942,
            10.308712
          ],
          [
            123.906957,
            10.308567
          ],
          [
            123.906772,
            10.308348
          ],
          [
            123.906688,
            10.308249
          ],
          [
            123.906577,
            10.308121
          ],
          [
            123.906395,
            10.30791
          ],
          [
            123.905972,
            10.30741
          ],
          [
            123.905789,
            10.30718
          ],
          [
            123.905588,
            10.306914
          ],
          [
            123.905524,
            10.306837
          ],
          [
            123.905479,
            10.306783
          ],
          [
            123.905442,
            10.306733
          ],
          [
            123.905,
            10.306135
          ],
          [
            123.904946,
            10.306062
          ],
          [
            123.904882,
            10.305975
          ],
          [
            123.904678,
            10.305699
          ],
          [
            123.904402,
            10.30533
          ],
          [
            123.90382,
            10.304522
          ],
          [
            123.903681,
            10.304329
          ],
          [
            123.903557,
            10.304157
          ],
          [
            123.903419,
            10.303966
          ],
          [
            123.902649,
            10.302917
          ],
          [
            123.90243,
            10.302592
          ],
          [
            123.902307,
            10.302408
          ],
          [
            123.902223,
            10.302287
          ],
          [
            123.902218,
            10.30228
          ],
          [
            123.902173,
            10.30222
          ],
          [
            123.902151,
            10.302191
          ],
          [
            123.902145,
            10.302184
          ],
          [
            123.902084,
            10.30211
          ],
          [
            123.902111,
            10.302064
          ],
          [
            123.90214,
            10.302017
          ],
          [
            123.902256,
            10.301824
          ],
          [
            123.902362,
            10.301651
          ],
          [
            123.90239,
            10.301605
          ],
          [
            123.902476,
            10.30146
          ],
          [
            123.902578,
            10.301299
          ],
          [
            123.90267,
            10.301152
          ],
          [
            123.902814,
            10.300889
          ],
          [
            123.902937,
            10.300648
          ],
          [
            123.902977,
            10.300548
          ],
          [
            123.903038,
            10.30038
          ],
          [
            123.903144,
            10.300025
          ],
          [
            123.903219,
            10.299773
          ],
          [
            123.903247,
            10.299457
          ],
          [
            123.903265,
            10.299255
          ],
          [
            123.903373,
            10.299045
          ],
          [
            123.903426,
            10.298942
          ],
          [
            123.903684,
            10.298427
          ],
          [
            123.903702,
            10.298205
          ],
          [
            123.903718,
            10.298066
          ],
          [
            123.903246,
            10.29791
          ],
          [
            123.903097,
            10.297896
          ],
          [
            123.902817,
            10.297868
          ],
          [
            123.902173,
            10.297801
          ],
          [
            123.902058,
            10.297794
          ],
          [
            123.901945,
            10.297785
          ],
          [
            123.90188,
            10.297779
          ],
          [
            123.901689,
            10.297764
          ],
          [
            123.901498,
            10.297749
          ],
          [
            123.901166,
            10.297713
          ],
          [
            123.90095,
            10.297676
          ],
          [
            123.900763,
            10.297639
          ],
          [
            123.900639,
            10.297608
          ],
          [
            123.900525,
            10.297571
          ],
          [
            123.900302,
            10.297478
          ],
          [
            123.899929,
            10.297273
          ],
          [
            123.899825,
            10.297208
          ]
        ]
      }
    },
    {
      "type": "Feature",
      "properties": {
        "route_id": "PH-14D",
        "route_name": "14D Ayala - Downtown",
        "route_type": "PUJ",
        "route_ref": "14D",
        "origin_name": "Origin",
        "destination_name": "Destination",
        "region": "Cebu",
        "province": "Cebu"
      },
      "geometry": {
        "type": "LineString",
        "coordinates": [
          [
            123.905339,
            10.319103
          ],
          [
            123.905352,
            10.319125
          ],
          [
            123.905384,
            10.319188
          ],
          [
            123.905411,
            10.319242
          ],
          [
            123.905421,
            10.319258
          ],
          [
            123.905495,
            10.319406
          ],
          [
            123.905507,
            10.319399
          ],
          [
            123.905553,
            10.319366
          ],
          [
            123.905621,
            10.319308
          ],
          [
            123.905755,
            10.319183
          ],
          [
            123.905957,
            10.318982
          ],
          [
            123.905973,
            10.31897
          ],
          [
            123.905993,
            10.318953
          ],
          [
            123.906048,
            10.318912
          ],
          [
            123.906138,
            10.319016
          ],
          [
            123.906166,
            10.318994
          ],
          [
            123.906201,
            10.318966
          ],
          [
            123.906311,
            10.318878
          ],
          [
            123.90633,
            10.318863
          ],
          [
            123.906683,
            10.318582
          ],
          [
            123.906932,
            10.318383
          ],
          [
            123.907024,
            10.318399
          ],
          [
            123.907278,
            10.318711
          ],
          [
            123.907325,
            10.318769
          ],
          [
            123.907389,
            10.318719
          ],
          [
            123.907653,
            10.318512
          ],
          [
            123.907793,
            10.318401
          ],
          [
            123.907835,
            10.318369
          ],
          [
            123.907919,
            10.318298
          ],
          [
            123.907954,
            10.318268
          ],
          [
            123.908039,
            10.318193
          ],
          [
            123.908378,
            10.317898
          ],
          [
            123.908464,
            10.3178
          ],
          [
            123.908519,
            10.317738
          ],
          [
            123.908824,
            10.317394
          ],
          [
            123.908871,
            10.3173
          ],
          [
            123.9089,
            10.317244
          ],
          [
            123.908936,
            10.317172
          ],
          [
            123.908959,
            10.317106
          ],
          [
            123.908989,
            10.316957
          ],
          [
            123.909,
            10.316785
          ],
          [
            123.908996,
            10.316656
          ],
          [
            123.908948,
            10.316482
          ],
          [
            123.908887,
            10.316348
          ],
          [
            123.908854,
            10.316283
          ],
          [
            123.908848,
            10.316274
          ],
          [
            123.908807,
            10.316209
          ],
          [
            123.908904,
            10.316133
          ],
          [
            123.908959,
            10.316084
          ],
          [
            123.909087,
            10.315972
          ],
          [
            123.909137,
            10.315905
          ],
          [
            123.909159,
            10.315827
          ],
          [
            123.909216,
            10.314755
          ],
          [
            123.909221,
            10.314609
          ],
          [
            123.909232,
            10.314291
          ],
          [
            123.909215,
            10.314202
          ],
          [
            123.909156,
            10.314078
          ],
          [
            123.909067,
            10.313963
          ],
          [
            123.909415,
            10.313529
          ],
          [
            123.909458,
            10.313441
          ],
          [
            123.909485,
            10.313327
          ],
          [
            123.909486,
            10.313266
          ],
          [
            123.909474,
            10.313178
          ],
          [
            123.90931,
            10.31257
          ],
          [
            123.909304,
            10.312489
          ],
          [
            123.909323,
            10.312423
          ],
          [
            123.909386,
            10.312334
          ],
          [
            123.909644,
            10.312109
          ],
          [
            123.90986,
            10.311862
          ],
          [
            123.909769,
            10.311784
          ],
          [
            123.909615,
            10.31164
          ],
          [
            123.909338,
            10.311394
          ],
          [
            123.909224,
            10.311285
          ],
          [
            123.909112,
            10.31117
          ],
          [
            123.909056,
            10.31111
          ],
          [
            123.90867,
            10.310684
          ],
          [
            123.90859,
            10.310585
          ],
          [
            123.908563,
            10.310551
          ],
          [
            123.90849,
            10.310462
          ],
          [
            123.908337,
            10.310269
          ],
          [
            123.908047,
            10.309877
          ],
          [
            123.907908,
            10.309693
          ],
          [
            123.907706,
            10.30942
          ],
          [
            123.907692,
            10.309402
          ],
          [
            123.907397,
            10.309
          ],
          [
            123.907271,
            10.308831
          ],
          [
            123.907264,
            10.308823
          ],
          [
            123.907132,
            10.308756
          ],
          [
            123.907069,
            10.308687
          ],
          [
            123.906957,
            10.308567
          ],
          [
            123.906772,
            10.308348
          ],
          [
            123.906688,
            10.308249
          ],
          [
            123.906577,
            10.308121
          ],
          [
            123.906395,
            10.30791
          ],
          [
            123.905972,
            10.30741
          ],
          [
            123.905789,
            10.30718
          ],
          [
            123.905588,
            10.306914
          ],
          [
            123.905524,
            10.306837
          ],
          [
            123.905479,
            10.306783
          ],
          [
            123.905442,
            10.306733
          ],
          [
            123.905,
            10.306135
          ],
          [
            123.904946,
            10.306062
          ],
          [
            123.904882,
            10.305975
          ],
          [
            123.904678,
            10.305699
          ],
          [
            123.904402,
            10.30533
          ],
          [
            123.90382,
            10.304522
          ],
          [
            123.903681,
            10.304329
          ],
          [
            123.903557,
            10.304157
          ],
          [
            123.903419,
            10.303966
          ],
          [
            123.902649,
            10.302917
          ],
          [
            123.90243,
            10.302592
          ],
          [
            123.902307,
            10.302408
          ],
          [
            123.902223,
            10.302287
          ],
          [
            123.902218,
            10.30228
          ],
          [
            123.902173,
            10.30222
          ],
          [
            123.902151,
            10.302191
          ],
          [
            123.902145,
            10.302184
          ],
          [
            123.902084,
            10.30211
          ],
          [
            123.902111,
            10.302064
          ],
          [
            123.90214,
            10.302017
          ],
          [
            123.902256,
            10.301824
          ],
          [
            123.902362,
            10.301651
          ],
          [
            123.90239,
            10.301605
          ],
          [
            123.902476,
            10.30146
          ],
          [
            123.902578,
            10.301299
          ],
          [
            123.90267,
            10.301152
          ],
          [
            123.902814,
            10.300889
          ],
          [
            123.902937,
            10.300648
          ],
          [
            123.902977,
            10.300548
          ],
          [
            123.903038,
            10.30038
          ],
          [
            123.903144,
            10.300025
          ],
          [
            123.903219,
            10.299773
          ],
          [
            123.902628,
            10.299717
          ],
          [
            123.902609,
            10.299491
          ],
          [
            123.902592,
            10.299291
          ],
          [
            123.902565,
            10.298963
          ],
          [
            123.902075,
            10.298975
          ],
          [
            123.901852,
            10.29898
          ],
          [
            123.901784,
            10.298973
          ],
          [
            123.901755,
            10.299095
          ],
          [
            123.901723,
            10.299209
          ],
          [
            123.9016,
            10.299203
          ],
          [
            123.901433,
            10.29919
          ],
          [
            123.901116,
            10.299174
          ],
          [
            123.900865,
            10.299132
          ],
          [
            123.900351,
            10.298989
          ],
          [
            123.900007,
            10.298896
          ],
          [
            123.899949,
            10.29888
          ],
          [
            123.899854,
            10.298843
          ],
          [
            123.899584,
            10.298739
          ],
          [
            123.89917,
            10.298578
          ],
          [
            123.898736,
            10.29841
          ],
          [
            123.898525,
            10.298305
          ],
          [
            123.898367,
            10.298214
          ],
          [
            123.898291,
            10.29817
          ],
          [
            123.898247,
            10.298147
          ],
          [
            123.898156,
            10.298098
          ]
        ]
      }
    },
    {
      "type": "Feature",
      "properties": {
        "route_id": "PH-04L",
        "route_name": "04L Lahug - SM City",
        "route_type": "PUJ",
        "route_ref": "04L",
        "origin_name": "Origin",
        "destination_name": "Destination",
        "region": "Cebu",
        "province": "Cebu"
      },
      "geometry": {
        "type": "LineString",
        "coordinates": [
          [
            123.898767,
            10.328502
          ],
          [
            123.898658,
            10.328694
          ],
          [
            123.898582,
            10.328815
          ],
          [
            123.898489,
            10.328958
          ],
          [
            123.898421,
            10.329028
          ],
          [
            123.898354,
            10.329055
          ],
          [
            123.898236,
            10.329115
          ],
          [
            123.898138,
            10.329183
          ],
          [
            123.898209,
            10.329414
          ],
          [
            123.897773,
            10.329577
          ],
          [
            123.897597,
            10.329645
          ],
          [
            123.897667,
            10.32988
          ],
          [
            123.897687,
            10.32995
          ],
          [
            123.89771,
            10.33003
          ],
          [
            123.897726,
            10.33008
          ],
          [
            123.897748,
            10.33015
          ],
          [
            123.897798,
            10.330328
          ],
          [
            123.897808,
            10.330361
          ],
          [
            123.897843,
            10.330486
          ],
          [
            123.897892,
            10.330557
          ],
          [
            123.897927,
            10.330604
          ],
          [
            123.897955,
            10.330637
          ],
          [
            123.897978,
            10.330662
          ],
          [
            123.898006,
            10.330687
          ],
          [
            123.898047,
            10.330722
          ],
          [
            123.898084,
            10.330748
          ],
          [
            123.898124,
            10.330773
          ],
          [
            123.89816,
            10.330794
          ],
          [
            123.898208,
            10.330818
          ],
          [
            123.898262,
            10.330843
          ],
          [
            123.898334,
            10.330872
          ],
          [
            123.898407,
            10.330899
          ],
          [
            123.898513,
            10.330934
          ],
          [
            123.898908,
            10.330761
          ],
          [
            123.899044,
            10.330703
          ],
          [
            123.899084,
            10.330682
          ],
          [
            123.899153,
            10.330653
          ],
          [
            123.899346,
            10.330569
          ],
          [
            123.899513,
            10.330487
          ],
          [
            123.899827,
            10.330331
          ],
          [
            123.899968,
            10.330262
          ],
          [
            123.900113,
            10.330189
          ],
          [
            123.900143,
            10.330175
          ],
          [
            123.900194,
            10.330151
          ],
          [
            123.900487,
            10.330006
          ],
          [
            123.900514,
            10.329993
          ],
          [
            123.900606,
            10.329951
          ],
          [
            123.900737,
            10.329883
          ],
          [
            123.901339,
            10.329575
          ],
          [
            123.901382,
            10.329555
          ],
          [
            123.901421,
            10.329533
          ],
          [
            123.901681,
            10.329404
          ],
          [
            123.901844,
            10.32932
          ],
          [
            123.90193,
            10.329276
          ],
          [
            123.902045,
            10.329218
          ],
          [
            123.902157,
            10.329161
          ],
          [
            123.902453,
            10.329011
          ],
          [
            123.902528,
            10.328973
          ],
          [
            123.902654,
            10.328907
          ],
          [
            123.902791,
            10.328842
          ],
          [
            123.902833,
            10.32882
          ],
          [
            123.902959,
            10.328755
          ],
          [
            123.9036,
            10.328425
          ],
          [
            123.903615,
            10.328418
          ],
          [
            123.903652,
            10.3284
          ],
          [
            123.903668,
            10.328389
          ],
          [
            123.90371,
            10.328366
          ],
          [
            123.903816,
            10.328306
          ],
          [
            123.903866,
            10.328278
          ],
          [
            123.904155,
            10.328115
          ],
          [
            123.904361,
            10.327997
          ],
          [
            123.904507,
            10.327912
          ],
          [
            123.904547,
            10.327889
          ],
          [
            123.904587,
            10.327868
          ],
          [
            123.904624,
            10.327846
          ],
          [
            123.904683,
            10.327812
          ],
          [
            123.904719,
            10.327791
          ],
          [
            123.904784,
            10.327755
          ],
          [
            123.904853,
            10.327716
          ],
          [
            123.90509,
            10.32758
          ],
          [
            123.905213,
            10.327507
          ],
          [
            123.905252,
            10.327485
          ],
          [
            123.905325,
            10.327442
          ],
          [
            123.90564,
            10.327262
          ],
          [
            123.905766,
            10.32719
          ],
          [
            123.905892,
            10.327116
          ],
          [
            123.905933,
            10.327092
          ],
          [
            123.905977,
            10.327068
          ],
          [
            123.90608,
            10.327012
          ],
          [
            123.906283,
            10.326889
          ],
          [
            123.906354,
            10.326847
          ],
          [
            123.90684,
            10.326473
          ],
          [
            123.907179,
            10.326223
          ],
          [
            123.907274,
            10.32615
          ],
          [
            123.907444,
            10.325955
          ],
          [
            123.90749,
            10.32591
          ],
          [
            123.907572,
            10.325816
          ],
          [
            123.907594,
            10.325778
          ],
          [
            123.907661,
            10.325657
          ],
          [
            123.90768,
            10.325621
          ],
          [
            123.907786,
            10.325423
          ],
          [
            123.907812,
            10.325373
          ],
          [
            123.908223,
            10.324744
          ],
          [
            123.908504,
            10.324275
          ],
          [
            123.908617,
            10.324089
          ],
          [
            123.908744,
            10.323886
          ],
          [
            123.908922,
            10.323595
          ],
          [
            123.909162,
            10.323207
          ],
          [
            123.909495,
            10.322673
          ],
          [
            123.909508,
            10.322651
          ],
          [
            123.909817,
            10.322142
          ],
          [
            123.909906,
            10.321995
          ],
          [
            123.909999,
            10.321848
          ],
          [
            123.910126,
            10.321643
          ],
          [
            123.910328,
            10.321314
          ],
          [
            123.910357,
            10.321265
          ],
          [
            123.910507,
            10.321016
          ],
          [
            123.910698,
            10.320703
          ],
          [
            123.910726,
            10.320656
          ],
          [
            123.910779,
            10.320569
          ],
          [
            123.910859,
            10.320439
          ],
          [
            123.911119,
            10.32001
          ],
          [
            123.911154,
            10.319954
          ],
          [
            123.911217,
            10.319855
          ],
          [
            123.911261,
            10.319783
          ],
          [
            123.911353,
            10.319631
          ],
          [
            123.911826,
            10.318849
          ],
          [
            123.911841,
            10.318833
          ],
          [
            123.911999,
            10.318571
          ],
          [
            123.912049,
            10.318485
          ],
          [
            123.9122,
            10.318242
          ],
          [
            123.912246,
            10.318155
          ],
          [
            123.912634,
            10.317551
          ],
          [
            123.912777,
            10.317323
          ],
          [
            123.912892,
            10.31714
          ],
          [
            123.91301,
            10.316942
          ],
          [
            123.913191,
            10.316651
          ],
          [
            123.91331,
            10.316453
          ],
          [
            123.913619,
            10.31594
          ],
          [
            123.91384,
            10.315573
          ],
          [
            123.914451,
            10.31462
          ],
          [
            123.914603,
            10.31436
          ],
          [
            123.914659,
            10.314264
          ],
          [
            123.914716,
            10.31416
          ],
          [
            123.914767,
            10.314063
          ],
          [
            123.914983,
            10.313734
          ],
          [
            123.91534,
            10.313303
          ],
          [
            123.915475,
            10.313151
          ],
          [
            123.915599,
            10.313012
          ],
          [
            123.915942,
            10.312612
          ],
          [
            123.916108,
            10.31242
          ],
          [
            123.916157,
            10.31236
          ],
          [
            123.916205,
            10.312304
          ],
          [
            123.916278,
            10.312218
          ],
          [
            123.916646,
            10.311776
          ],
          [
            123.916693,
            10.311718
          ],
          [
            123.916755,
            10.311644
          ],
          [
            123.916805,
            10.311581
          ],
          [
            123.916873,
            10.311501
          ],
          [
            123.917228,
            10.311076
          ],
          [
            123.917281,
            10.311011
          ],
          [
            123.91735,
            10.310926
          ],
          [
            123.917422,
            10.310838
          ],
          [
            123.917615,
            10.31061
          ],
          [
            123.917866,
            10.310313
          ],
          [
            123.917902,
            10.310267
          ],
          [
            123.917974,
            10.310179
          ],
          [
            123.918017,
            10.310126
          ],
          [
            123.918286,
            10.309805
          ],
          [
            123.918465,
            10.309579
          ],
          [
            123.918515,
            10.309518
          ],
          [
            123.91862,
            10.309582
          ],
          [
            123.918667,
            10.30961
          ],
          [
            123.918709,
            10.309641
          ],
          [
            123.918734,
            10.309661
          ],
          [
            123.918942,
            10.309829
          ],
          [
            123.9189,
            10.30988
          ],
          [
            123.918853,
            10.309938
          ],
          [
            123.918793,
            10.310015
          ],
          [
            123.918727,
            10.310095
          ],
          [
            123.918661,
            10.310178
          ],
          [
            123.918558,
            10.310095
          ],
          [
            123.918484,
            10.310189
          ],
          [
            123.918017,
            10.310749
          ],
          [
            123.917918,
            10.310869
          ],
          [
            123.917875,
            10.310922
          ],
          [
            123.917716,
            10.311115
          ]
        ]
      }
    },
    {
      "type": "Feature",
      "properties": {
        "route_id": "PH-17B",
        "route_name": "17B IT Park - Colon",
        "route_type": "PUJ",
        "route_ref": "17B",
        "origin_name": "Origin",
        "destination_name": "Destination",
        "region": "Cebu",
        "province": "Cebu"
      },
      "geometry": {
        "type": "LineString",
        "coordinates": [
          [
            123.906163,
            10.328462
          ],
          [
            123.906239,
            10.328585
          ],
          [
            123.906249,
            10.328601
          ],
          [
            123.906546,
            10.328431
          ],
          [
            123.906578,
            10.328412
          ],
          [
            123.906728,
            10.328323
          ],
          [
            123.906633,
            10.328165
          ],
          [
            123.906149,
            10.327359
          ],
          [
            123.906132,
            10.327332
          ],
          [
            123.906117,
            10.327307
          ],
          [
            123.906109,
            10.327295
          ],
          [
            123.905977,
            10.327068
          ],
          [
            123.905933,
            10.327092
          ],
          [
            123.905892,
            10.327116
          ],
          [
            123.905766,
            10.32719
          ],
          [
            123.90564,
            10.327262
          ],
          [
            123.905325,
            10.327442
          ],
          [
            123.905252,
            10.327485
          ],
          [
            123.905213,
            10.327507
          ],
          [
            123.90509,
            10.32758
          ],
          [
            123.904853,
            10.327716
          ],
          [
            123.904784,
            10.327755
          ],
          [
            123.904784,
            10.327689
          ],
          [
            123.904798,
            10.327623
          ],
          [
            123.904927,
            10.327543
          ],
          [
            123.905004,
            10.327504
          ],
          [
            123.905103,
            10.327473
          ],
          [
            123.905169,
            10.327476
          ],
          [
            123.905213,
            10.327507
          ],
          [
            123.905252,
            10.327485
          ],
          [
            123.905325,
            10.327442
          ],
          [
            123.90564,
            10.327262
          ],
          [
            123.905766,
            10.32719
          ],
          [
            123.905892,
            10.327116
          ],
          [
            123.905933,
            10.327092
          ],
          [
            123.905977,
            10.327068
          ],
          [
            123.90608,
            10.327012
          ],
          [
            123.906283,
            10.326889
          ],
          [
            123.906354,
            10.326847
          ],
          [
            123.90684,
            10.326473
          ],
          [
            123.907179,
            10.326223
          ],
          [
            123.907274,
            10.32615
          ],
          [
            123.907444,
            10.325955
          ],
          [
            123.90749,
            10.32591
          ],
          [
            123.90744,
            10.325859
          ],
          [
            123.907271,
            10.325684
          ],
          [
            123.907248,
            10.325662
          ],
          [
            123.907117,
            10.325505
          ],
          [
            123.906968,
            10.32529
          ],
          [
            123.90685,
            10.325119
          ],
          [
            123.906823,
            10.325089
          ],
          [
            123.906738,
            10.324953
          ],
          [
            123.906718,
            10.324928
          ],
          [
            123.906366,
            10.324374
          ],
          [
            123.906298,
            10.324232
          ],
          [
            123.906291,
            10.324218
          ],
          [
            123.906244,
            10.324118
          ],
          [
            123.906161,
            10.323986
          ],
          [
            123.906108,
            10.323912
          ],
          [
            123.906095,
            10.323894
          ],
          [
            123.906074,
            10.323863
          ],
          [
            123.905986,
            10.323726
          ],
          [
            123.905817,
            10.323468
          ],
          [
            123.905224,
            10.322561
          ],
          [
            123.905202,
            10.322526
          ],
          [
            123.905148,
            10.322444
          ],
          [
            123.90511,
            10.322387
          ],
          [
            123.905103,
            10.322376
          ],
          [
            123.904911,
            10.32209
          ],
          [
            123.904836,
            10.32198
          ],
          [
            123.904827,
            10.321966
          ],
          [
            123.904789,
            10.321902
          ],
          [
            123.904479,
            10.321438
          ],
          [
            123.904054,
            10.320767
          ],
          [
            123.903895,
            10.320512
          ],
          [
            123.903758,
            10.320246
          ],
          [
            123.90337,
            10.3194
          ],
          [
            123.903283,
            10.319172
          ],
          [
            123.903182,
            10.318961
          ],
          [
            123.903159,
            10.318912
          ],
          [
            123.903072,
            10.318731
          ],
          [
            123.902971,
            10.318502
          ],
          [
            123.90268,
            10.317901
          ],
          [
            123.902664,
            10.317862
          ],
          [
            123.902626,
            10.317771
          ],
          [
            123.902575,
            10.317659
          ],
          [
            123.902529,
            10.317557
          ],
          [
            123.90234,
            10.317162
          ],
          [
            123.902177,
            10.316795
          ],
          [
            123.902042,
            10.316454
          ],
          [
            123.902028,
            10.316418
          ],
          [
            123.90173,
            10.315551
          ],
          [
            123.901693,
            10.315423
          ],
          [
            123.901609,
            10.315364
          ],
          [
            123.901696,
            10.315174
          ],
          [
            123.901758,
            10.315059
          ],
          [
            123.901778,
            10.315022
          ],
          [
            123.901722,
            10.314968
          ],
          [
            123.901688,
            10.314886
          ],
          [
            123.901659,
            10.31476
          ],
          [
            123.901647,
            10.314608
          ],
          [
            123.90166,
            10.314416
          ],
          [
            123.901671,
            10.314209
          ],
          [
            123.90163,
            10.314088
          ],
          [
            123.901461,
            10.313762
          ],
          [
            123.90143,
            10.313708
          ],
          [
            123.901395,
            10.313645
          ],
          [
            123.901308,
            10.313564
          ],
          [
            123.901226,
            10.313493
          ],
          [
            123.901002,
            10.313297
          ],
          [
            123.900812,
            10.313131
          ],
          [
            123.900753,
            10.31308
          ],
          [
            123.900688,
            10.313017
          ],
          [
            123.900593,
            10.31288
          ],
          [
            123.900563,
            10.312816
          ],
          [
            123.900547,
            10.312747
          ],
          [
            123.90053,
            10.312622
          ],
          [
            123.900512,
            10.312512
          ],
          [
            123.900436,
            10.312318
          ],
          [
            123.90036,
            10.312217
          ],
          [
            123.90022,
            10.312032
          ],
          [
            123.900149,
            10.311939
          ],
          [
            123.899915,
            10.311631
          ],
          [
            123.899908,
            10.311621
          ],
          [
            123.899852,
            10.311547
          ],
          [
            123.899835,
            10.31151
          ],
          [
            123.899806,
            10.311385
          ],
          [
            123.899808,
            10.311261
          ],
          [
            123.8998,
            10.311103
          ],
          [
            123.899746,
            10.310717
          ],
          [
            123.899681,
            10.310355
          ],
          [
            123.899666,
            10.310292
          ],
          [
            123.89962,
            10.310136
          ],
          [
            123.899608,
            10.310037
          ],
          [
            123.899607,
            10.31
          ],
          [
            123.899615,
            10.309875
          ],
          [
            123.89963,
            10.309538
          ],
          [
            123.899634,
            10.309482
          ],
          [
            123.899636,
            10.309299
          ],
          [
            123.89964,
            10.309105
          ],
          [
            123.899644,
            10.309064
          ],
          [
            123.89965,
            10.308999
          ],
          [
            123.899663,
            10.308858
          ],
          [
            123.899668,
            10.308786
          ],
          [
            123.8997,
            10.308336
          ],
          [
            123.899697,
            10.307777
          ],
          [
            123.899686,
            10.307332
          ],
          [
            123.899686,
            10.307186
          ],
          [
            123.89969,
            10.307015
          ],
          [
            123.899702,
            10.306819
          ],
          [
            123.899719,
            10.306659
          ],
          [
            123.899723,
            10.306621
          ],
          [
            123.899773,
            10.306219
          ],
          [
            123.899784,
            10.306118
          ],
          [
            123.899843,
            10.305665
          ],
          [
            123.89987,
            10.30545
          ],
          [
            123.899883,
            10.305325
          ],
          [
            123.899892,
            10.305239
          ],
          [
            123.899886,
            10.305163
          ],
          [
            123.899351,
            10.305036
          ],
          [
            123.89842,
            10.304772
          ],
          [
            123.898286,
            10.304734
          ],
          [
            123.898161,
            10.304674
          ],
          [
            123.898164,
            10.304581
          ],
          [
            123.898214,
            10.303231
          ],
          [
            123.898216,
            10.303004
          ],
          [
            123.898216,
            10.302925
          ],
          [
            123.898142,
            10.302901
          ],
          [
            123.897827,
            10.302798
          ],
          [
            123.897776,
            10.302776
          ],
          [
            123.897714,
            10.302771
          ],
          [
            123.897044,
            10.302548
          ],
          [
            123.895997,
            10.302184
          ],
          [
            123.89596,
            10.302168
          ],
          [
            123.895883,
            10.30213
          ],
          [
            123.895828,
            10.302102
          ],
          [
            123.895858,
            10.302008
          ],
          [
            123.89615,
            10.301171
          ],
          [
            123.896243,
            10.300905
          ],
          [
            123.896421,
            10.300413
          ],
          [
            123.896518,
            10.300137
          ],
          [
            123.896628,
            10.299834
          ],
          [
            123.896693,
            10.299661
          ],
          [
            123.896764,
            10.299543
          ],
          [
            123.896815,
            10.299414
          ],
          [
            123.896876,
            10.299244
          ],
          [
            123.896981,
            10.298944
          ],
          [
            123.897,
            10.298893
          ],
          [
            123.897022,
            10.298826
          ],
          [
            123.897029,
            10.298806
          ],
          [
            123.897102,
            10.29861
          ],
          [
            123.897196,
            10.29835
          ],
          [
            123.89723,
            10.29825
          ],
          [
            123.897379,
            10.297824
          ],
          [
            123.897414,
            10.297728
          ],
          [
            123.897512,
            10.297679
          ],
          [
            123.897535,
            10.297632
          ],
          [
            123.897728,
            10.297253
          ],
          [
            123.897784,
            10.297141
          ],
          [
            123.898173,
            10.296414
          ],
          [
            123.898206,
            10.296372
          ],
          [
            123.898236,
            10.296336
          ],
          [
            123.89828,
            10.296302
          ],
          [
            123.89844,
            10.296221
          ],
          [
            123.898524,
            10.296187
          ],
          [
            123.898843,
            10.296038
          ],
          [
            123.89917,
            10.295901
          ],
          [
            123.89917,
            10.295901
          ]
        ]
      }
    },
    {
      "type": "Feature",
      "properties": {
        "route_id": "PH-17C",
        "route_name": "17C IT Park - Carbon",
        "route_type": "PUJ",
        "route_ref": "17C",
        "origin_name": "Origin",
        "destination_name": "Destination",
        "region": "Cebu",
        "province": "Cebu"
      },
      "geometry": {
        "type": "LineString",
        "coordinates": [
          [
            123.906163,
            10.328462
          ],
          [
            123.906239,
            10.328585
          ],
          [
            123.906249,
            10.328601
          ],
          [
            123.906546,
            10.328431
          ],
          [
            123.906578,
            10.328412
          ],
          [
            123.906728,
            10.328323
          ],
          [
            123.906633,
            10.328165
          ],
          [
            123.906149,
            10.327359
          ],
          [
            123.906132,
            10.327332
          ],
          [
            123.906117,
            10.327307
          ],
          [
            123.906109,
            10.327295
          ],
          [
            123.905977,
            10.327068
          ],
          [
            123.905933,
            10.327092
          ],
          [
            123.905892,
            10.327116
          ],
          [
            123.905766,
            10.32719
          ],
          [
            123.90564,
            10.327262
          ],
          [
            123.905325,
            10.327442
          ],
          [
            123.905252,
            10.327485
          ],
          [
            123.905213,
            10.327507
          ],
          [
            123.90509,
            10.32758
          ],
          [
            123.904853,
            10.327716
          ],
          [
            123.904784,
            10.327755
          ],
          [
            123.904784,
            10.327689
          ],
          [
            123.904798,
            10.327623
          ],
          [
            123.904927,
            10.327543
          ],
          [
            123.905004,
            10.327504
          ],
          [
            123.905103,
            10.327473
          ],
          [
            123.905169,
            10.327476
          ],
          [
            123.905213,
            10.327507
          ],
          [
            123.905252,
            10.327485
          ],
          [
            123.905325,
            10.327442
          ],
          [
            123.90564,
            10.327262
          ],
          [
            123.905766,
            10.32719
          ],
          [
            123.905892,
            10.327116
          ],
          [
            123.905933,
            10.327092
          ],
          [
            123.905977,
            10.327068
          ],
          [
            123.90608,
            10.327012
          ],
          [
            123.906283,
            10.326889
          ],
          [
            123.906354,
            10.326847
          ],
          [
            123.90684,
            10.326473
          ],
          [
            123.907179,
            10.326223
          ],
          [
            123.907274,
            10.32615
          ],
          [
            123.907444,
            10.325955
          ],
          [
            123.90749,
            10.32591
          ],
          [
            123.90744,
            10.325859
          ],
          [
            123.907271,
            10.325684
          ],
          [
            123.907248,
            10.325662
          ],
          [
            123.907117,
            10.325505
          ],
          [
            123.906968,
            10.32529
          ],
          [
            123.90685,
            10.325119
          ],
          [
            123.906823,
            10.325089
          ],
          [
            123.906738,
            10.324953
          ],
          [
            123.906718,
            10.324928
          ],
          [
            123.906366,
            10.324374
          ],
          [
            123.906298,
            10.324232
          ],
          [
            123.906291,
            10.324218
          ],
          [
            123.906244,
            10.324118
          ],
          [
            123.906161,
            10.323986
          ],
          [
            123.906108,
            10.323912
          ],
          [
            123.906095,
            10.323894
          ],
          [
            123.906074,
            10.323863
          ],
          [
            123.905986,
            10.323726
          ],
          [
            123.905817,
            10.323468
          ],
          [
            123.905224,
            10.322561
          ],
          [
            123.905202,
            10.322526
          ],
          [
            123.905148,
            10.322444
          ],
          [
            123.90511,
            10.322387
          ],
          [
            123.905103,
            10.322376
          ],
          [
            123.904911,
            10.32209
          ],
          [
            123.904836,
            10.32198
          ],
          [
            123.904827,
            10.321966
          ],
          [
            123.904789,
            10.321902
          ],
          [
            123.904479,
            10.321438
          ],
          [
            123.904054,
            10.320767
          ],
          [
            123.903895,
            10.320512
          ],
          [
            123.903758,
            10.320246
          ],
          [
            123.90337,
            10.3194
          ],
          [
            123.903283,
            10.319172
          ],
          [
            123.903182,
            10.318961
          ],
          [
            123.903159,
            10.318912
          ],
          [
            123.903072,
            10.318731
          ],
          [
            123.902971,
            10.318502
          ],
          [
            123.90268,
            10.317901
          ],
          [
            123.902664,
            10.317862
          ],
          [
            123.902626,
            10.317771
          ],
          [
            123.902575,
            10.317659
          ],
          [
            123.902529,
            10.317557
          ],
          [
            123.90234,
            10.317162
          ],
          [
            123.902177,
            10.316795
          ],
          [
            123.902042,
            10.316454
          ],
          [
            123.902028,
            10.316418
          ],
          [
            123.90173,
            10.315551
          ],
          [
            123.901693,
            10.315423
          ],
          [
            123.901609,
            10.315364
          ],
          [
            123.901696,
            10.315174
          ],
          [
            123.901758,
            10.315059
          ],
          [
            123.901778,
            10.315022
          ],
          [
            123.901722,
            10.314968
          ],
          [
            123.901688,
            10.314886
          ],
          [
            123.901659,
            10.31476
          ],
          [
            123.901647,
            10.314608
          ],
          [
            123.90166,
            10.314416
          ],
          [
            123.901671,
            10.314209
          ],
          [
            123.90163,
            10.314088
          ],
          [
            123.901461,
            10.313762
          ],
          [
            123.90143,
            10.313708
          ],
          [
            123.901395,
            10.313645
          ],
          [
            123.901308,
            10.313564
          ],
          [
            123.901226,
            10.313493
          ],
          [
            123.901002,
            10.313297
          ],
          [
            123.900812,
            10.313131
          ],
          [
            123.900753,
            10.31308
          ],
          [
            123.900688,
            10.313017
          ],
          [
            123.900593,
            10.31288
          ],
          [
            123.900563,
            10.312816
          ],
          [
            123.900547,
            10.312747
          ],
          [
            123.90053,
            10.312622
          ],
          [
            123.900512,
            10.312512
          ],
          [
            123.900436,
            10.312318
          ],
          [
            123.90036,
            10.312217
          ],
          [
            123.90022,
            10.312032
          ],
          [
            123.900149,
            10.311939
          ],
          [
            123.899915,
            10.311631
          ],
          [
            123.899908,
            10.311621
          ],
          [
            123.899852,
            10.311547
          ],
          [
            123.899835,
            10.31151
          ],
          [
            123.899806,
            10.311385
          ],
          [
            123.899808,
            10.311261
          ],
          [
            123.8998,
            10.311103
          ],
          [
            123.899746,
            10.310717
          ],
          [
            123.899681,
            10.310355
          ],
          [
            123.899666,
            10.310292
          ],
          [
            123.89962,
            10.310136
          ],
          [
            123.899608,
            10.310037
          ],
          [
            123.899607,
            10.31
          ],
          [
            123.899615,
            10.309875
          ],
          [
            123.89963,
            10.309538
          ],
          [
            123.899634,
            10.309482
          ],
          [
            123.899636,
            10.309299
          ],
          [
            123.89964,
            10.309105
          ],
          [
            123.899644,
            10.309064
          ],
          [
            123.89965,
            10.308999
          ],
          [
            123.899663,
            10.308858
          ],
          [
            123.899668,
            10.308786
          ],
          [
            123.8997,
            10.308336
          ],
          [
            123.899697,
            10.307777
          ],
          [
            123.899686,
            10.307332
          ],
          [
            123.899686,
            10.307186
          ],
          [
            123.89969,
            10.307015
          ],
          [
            123.899702,
            10.306819
          ],
          [
            123.899719,
            10.306659
          ],
          [
            123.899723,
            10.306621
          ],
          [
            123.899773,
            10.306219
          ],
          [
            123.899784,
            10.306118
          ],
          [
            123.899843,
            10.305665
          ],
          [
            123.89987,
            10.30545
          ],
          [
            123.899883,
            10.305325
          ],
          [
            123.899892,
            10.305239
          ],
          [
            123.899886,
            10.305163
          ],
          [
            123.899351,
            10.305036
          ],
          [
            123.89842,
            10.304772
          ],
          [
            123.898286,
            10.304734
          ],
          [
            123.898161,
            10.304674
          ],
          [
            123.898164,
            10.304581
          ],
          [
            123.898214,
            10.303231
          ],
          [
            123.898216,
            10.303004
          ],
          [
            123.898216,
            10.302925
          ],
          [
            123.898142,
            10.302901
          ],
          [
            123.897827,
            10.302798
          ],
          [
            123.897776,
            10.302776
          ],
          [
            123.897714,
            10.302771
          ],
          [
            123.897044,
            10.302548
          ],
          [
            123.895997,
            10.302184
          ],
          [
            123.89596,
            10.302168
          ],
          [
            123.895883,
            10.30213
          ],
          [
            123.895828,
            10.302102
          ],
          [
            123.895858,
            10.302008
          ],
          [
            123.89615,
            10.301171
          ],
          [
            123.896243,
            10.300905
          ],
          [
            123.896421,
            10.300413
          ],
          [
            123.896518,
            10.300137
          ],
          [
            123.896628,
            10.299834
          ],
          [
            123.896693,
            10.299661
          ],
          [
            123.896764,
            10.299543
          ],
          [
            123.896815,
            10.299414
          ],
          [
            123.896876,
            10.299244
          ],
          [
            123.896981,
            10.298944
          ],
          [
            123.897,
            10.298893
          ],
          [
            123.897022,
            10.298826
          ],
          [
            123.897029,
            10.298806
          ],
          [
            123.897102,
            10.29861
          ],
          [
            123.897196,
            10.29835
          ],
          [
            123.89723,
            10.29825
          ],
          [
            123.897379,
            10.297824
          ],
          [
            123.897414,
            10.297728
          ],
          [
            123.897512,
            10.297679
          ],
          [
            123.897535,
            10.297632
          ],
          [
            123.897728,
            10.297253
          ],
          [
            123.897784,
            10.297141
          ],
          [
            123.898173,
            10.296414
          ],
          [
            123.898206,
            10.296372
          ],
          [
            123.898236,
            10.296336
          ],
          [
            123.89828,
            10.296302
          ],
          [
            123.89844,
            10.296221
          ],
          [
            123.898524,
            10.296187
          ],
          [
            123.898843,
            10.296038
          ],
          [
            123.89917,
            10.295901
          ],
          [
            123.89941,
            10.295793
          ],
          [
            123.899521,
            10.295745
          ],
          [
            123.899451,
            10.295647
          ],
          [
            123.899267,
            10.295073
          ],
          [
            123.899085,
            10.294469
          ],
          [
            123.899049,
            10.294355
          ],
          [
            123.898787,
            10.293399
          ],
          [
            123.898734,
            10.293219
          ]
        ]
      }
    },
    {
      "type": "Feature",
      "properties": {
        "route_id": "PH-01K",
        "route_name": "01K Urgello - Parkmall",
        "route_type": "PUJ",
        "route_ref": "01K",
        "origin_name": "Origin",
        "destination_name": "Destination",
        "region": "Cebu",
        "province": "Cebu"
      },
      "geometry": {
        "type": "LineString",
        "coordinates": [
          [
            123.894994,
            10.301742
          ],
          [
            123.895136,
            10.301802
          ],
          [
            123.895196,
            10.301829
          ],
          [
            123.895771,
            10.302077
          ],
          [
            123.895828,
            10.302102
          ],
          [
            123.895858,
            10.302008
          ],
          [
            123.89615,
            10.301171
          ],
          [
            123.896243,
            10.300905
          ],
          [
            123.896421,
            10.300413
          ],
          [
            123.896518,
            10.300137
          ],
          [
            123.896628,
            10.299834
          ],
          [
            123.896693,
            10.299661
          ],
          [
            123.896764,
            10.299543
          ],
          [
            123.896796,
            10.29956
          ],
          [
            123.896868,
            10.299597
          ],
          [
            123.896948,
            10.299639
          ],
          [
            123.897091,
            10.299712
          ],
          [
            123.897409,
            10.299877
          ],
          [
            123.897422,
            10.299884
          ],
          [
            123.897851,
            10.300106
          ],
          [
            123.897949,
            10.300156
          ],
          [
            123.898019,
            10.300194
          ],
          [
            123.898107,
            10.300237
          ],
          [
            123.898639,
            10.300519
          ],
          [
            123.898866,
            10.30064
          ],
          [
            123.898929,
            10.300675
          ],
          [
            123.899013,
            10.300723
          ],
          [
            123.899186,
            10.300821
          ],
          [
            123.899246,
            10.300855
          ],
          [
            123.899691,
            10.301089
          ],
          [
            123.900277,
            10.301409
          ],
          [
            123.90042,
            10.301436
          ],
          [
            123.900613,
            10.301514
          ],
          [
            123.900755,
            10.301561
          ],
          [
            123.900834,
            10.301585
          ],
          [
            123.900934,
            10.301614
          ],
          [
            123.901051,
            10.301648
          ],
          [
            123.901327,
            10.301722
          ],
          [
            123.901517,
            10.301773
          ],
          [
            123.901757,
            10.301839
          ],
          [
            123.901773,
            10.301844
          ],
          [
            123.901908,
            10.301854
          ],
          [
            123.902102,
            10.301867
          ],
          [
            123.902256,
            10.301824
          ],
          [
            123.902362,
            10.301651
          ],
          [
            123.902504,
            10.301671
          ],
          [
            123.902658,
            10.301683
          ],
          [
            123.902943,
            10.301698
          ],
          [
            123.903455,
            10.301741
          ],
          [
            123.903718,
            10.301754
          ],
          [
            123.90382,
            10.301753
          ],
          [
            123.903899,
            10.301757
          ],
          [
            123.904039,
            10.301769
          ],
          [
            123.9046,
            10.301803
          ],
          [
            123.905447,
            10.301864
          ],
          [
            123.905524,
            10.301865
          ],
          [
            123.905807,
            10.301883
          ],
          [
            123.906318,
            10.30191
          ],
          [
            123.906486,
            10.301919
          ],
          [
            123.906568,
            10.301923
          ],
          [
            123.906645,
            10.301926
          ],
          [
            123.907323,
            10.301958
          ],
          [
            123.907908,
            10.301948
          ],
          [
            123.908327,
            10.30193
          ],
          [
            123.908465,
            10.30193
          ],
          [
            123.908545,
            10.301929
          ],
          [
            123.908976,
            10.301913
          ],
          [
            123.909699,
            10.3019
          ],
          [
            123.909907,
            10.301876
          ],
          [
            123.910081,
            10.301812
          ],
          [
            123.910189,
            10.301723
          ],
          [
            123.910244,
            10.301664
          ],
          [
            123.910282,
            10.301609
          ],
          [
            123.910347,
            10.301673
          ],
          [
            123.910431,
            10.301747
          ],
          [
            123.910765,
            10.302018
          ],
          [
            123.91086,
            10.302095
          ],
          [
            123.911244,
            10.302406
          ],
          [
            123.911383,
            10.302524
          ],
          [
            123.912427,
            10.303335
          ],
          [
            123.912625,
            10.303489
          ],
          [
            123.912699,
            10.30355
          ],
          [
            123.912795,
            10.303631
          ],
          [
            123.912882,
            10.303701
          ],
          [
            123.913863,
            10.304493
          ],
          [
            123.915248,
            10.305616
          ],
          [
            123.915781,
            10.306052
          ],
          [
            123.915858,
            10.306116
          ],
          [
            123.916526,
            10.306661
          ],
          [
            123.917221,
            10.307231
          ],
          [
            123.918846,
            10.308552
          ],
          [
            123.919049,
            10.308716
          ],
          [
            123.919132,
            10.308783
          ],
          [
            123.919223,
            10.30886
          ],
          [
            123.919301,
            10.308924
          ],
          [
            123.920436,
            10.309857
          ],
          [
            123.921335,
            10.310579
          ],
          [
            123.921638,
            10.310823
          ],
          [
            123.922392,
            10.311446
          ],
          [
            123.922512,
            10.311545
          ],
          [
            123.922584,
            10.311607
          ],
          [
            123.922711,
            10.311708
          ],
          [
            123.923124,
            10.312032
          ],
          [
            123.923887,
            10.312637
          ],
          [
            123.924317,
            10.312986
          ],
          [
            123.924406,
            10.313056
          ],
          [
            123.924695,
            10.313281
          ],
          [
            123.924744,
            10.31332
          ],
          [
            123.924785,
            10.313352
          ],
          [
            123.924875,
            10.313422
          ],
          [
            123.925484,
            10.313898
          ],
          [
            123.925809,
            10.314147
          ],
          [
            123.925886,
            10.314206
          ],
          [
            123.926041,
            10.314334
          ],
          [
            123.926113,
            10.31439
          ],
          [
            123.926288,
            10.314526
          ],
          [
            123.926297,
            10.314533
          ],
          [
            123.926353,
            10.314577
          ],
          [
            123.926384,
            10.314603
          ],
          [
            123.92647,
            10.314668
          ],
          [
            123.92661,
            10.314777
          ],
          [
            123.926771,
            10.314907
          ],
          [
            123.926962,
            10.315053
          ],
          [
            123.927406,
            10.315403
          ],
          [
            123.927551,
            10.315514
          ],
          [
            123.927675,
            10.315611
          ],
          [
            123.928203,
            10.316032
          ],
          [
            123.928511,
            10.316276
          ],
          [
            123.928525,
            10.316286
          ],
          [
            123.928763,
            10.316473
          ],
          [
            123.928815,
            10.316515
          ],
          [
            123.928899,
            10.316588
          ],
          [
            123.928942,
            10.316638
          ],
          [
            123.928966,
            10.316665
          ],
          [
            123.929029,
            10.316736
          ],
          [
            123.929074,
            10.316793
          ],
          [
            123.929196,
            10.316952
          ],
          [
            123.929263,
            10.317042
          ],
          [
            123.929357,
            10.317198
          ],
          [
            123.929549,
            10.317516
          ],
          [
            123.929861,
            10.318
          ],
          [
            123.930134,
            10.318424
          ],
          [
            123.930283,
            10.318667
          ],
          [
            123.930475,
            10.318981
          ],
          [
            123.930672,
            10.319301
          ],
          [
            123.930696,
            10.319337
          ],
          [
            123.930768,
            10.31945
          ],
          [
            123.930891,
            10.319648
          ],
          [
            123.930988,
            10.319803
          ],
          [
            123.931156,
            10.32005
          ],
          [
            123.931833,
            10.320776
          ],
          [
            123.932186,
            10.321156
          ],
          [
            123.932291,
            10.321268
          ],
          [
            123.932714,
            10.321725
          ],
          [
            123.93283,
            10.321846
          ],
          [
            123.93293,
            10.321953
          ],
          [
            123.932988,
            10.322015
          ],
          [
            123.933663,
            10.322729
          ],
          [
            123.933779,
            10.322851
          ],
          [
            123.934396,
            10.323503
          ],
          [
            123.934593,
            10.323664
          ],
          [
            123.935867,
            10.324648
          ],
          [
            123.936007,
            10.324757
          ],
          [
            123.936082,
            10.324814
          ],
          [
            123.936188,
            10.324888
          ],
          [
            123.936069,
            10.325056
          ],
          [
            123.935891,
            10.325265
          ],
          [
            123.935856,
            10.32531
          ],
          [
            123.935757,
            10.325434
          ],
          [
            123.935401,
            10.325879
          ],
          [
            123.935353,
            10.32594
          ],
          [
            123.935233,
            10.326091
          ],
          [
            123.935167,
            10.326174
          ]
        ]
      }
    },
    {
      "type": "Feature",
      "properties": {
        "route_id": "PH-21B",
        "route_name": "21B Mandaue - Manalili",
        "route_type": "PUJ",
        "route_ref": "21B",
        "origin_name": "Origin",
        "destination_name": "Destination",
        "region": "Cebu",
        "province": "Cebu"
      },
      "geometry": {
        "type": "LineString",
        "coordinates": [
          [
            123.942906,
            10.33425
          ],
          [
            123.942519,
            10.333796
          ],
          [
            123.942444,
            10.33384
          ],
          [
            123.942389,
            10.333872
          ],
          [
            123.942089,
            10.334046
          ],
          [
            123.941584,
            10.334348
          ],
          [
            123.941557,
            10.334363
          ],
          [
            123.941531,
            10.334377
          ],
          [
            123.941378,
            10.334456
          ],
          [
            123.940984,
            10.33464
          ],
          [
            123.940944,
            10.334658
          ],
          [
            123.940873,
            10.334688
          ],
          [
            123.940809,
            10.334613
          ],
          [
            123.940526,
            10.334335
          ],
          [
            123.940438,
            10.334237
          ],
          [
            123.939914,
            10.333631
          ],
          [
            123.939539,
            10.33334
          ],
          [
            123.939088,
            10.332988
          ],
          [
            123.938969,
            10.332901
          ],
          [
            123.938846,
            10.332811
          ],
          [
            123.938541,
            10.332585
          ],
          [
            123.938513,
            10.332563
          ],
          [
            123.938188,
            10.332347
          ],
          [
            123.938032,
            10.332244
          ],
          [
            123.937901,
            10.332141
          ],
          [
            123.937566,
            10.331878
          ],
          [
            123.937067,
            10.331416
          ],
          [
            123.936858,
            10.331203
          ],
          [
            123.936686,
            10.331027
          ],
          [
            123.936209,
            10.330458
          ],
          [
            123.936001,
            10.330487
          ],
          [
            123.935839,
            10.330492
          ],
          [
            123.935731,
            10.330495
          ],
          [
            123.935679,
            10.330492
          ],
          [
            123.935659,
            10.330491
          ],
          [
            123.93527,
            10.330458
          ],
          [
            123.935234,
            10.330453
          ],
          [
            123.935188,
            10.330448
          ],
          [
            123.934945,
            10.33039
          ],
          [
            123.934736,
            10.330329
          ],
          [
            123.934202,
            10.33013
          ],
          [
            123.933865,
            10.329984
          ],
          [
            123.933784,
            10.329946
          ],
          [
            123.932756,
            10.329499
          ],
          [
            123.93269,
            10.329471
          ],
          [
            123.932633,
            10.329446
          ],
          [
            123.932846,
            10.329137
          ],
          [
            123.933173,
            10.328688
          ],
          [
            123.933227,
            10.32861
          ],
          [
            123.933346,
            10.328454
          ],
          [
            123.933543,
            10.328188
          ],
          [
            123.933884,
            10.32773
          ],
          [
            123.933923,
            10.327682
          ],
          [
            123.934012,
            10.327559
          ],
          [
            123.934042,
            10.327518
          ],
          [
            123.934144,
            10.327381
          ],
          [
            123.934476,
            10.326933
          ],
          [
            123.934509,
            10.326884
          ],
          [
            123.934533,
            10.326758
          ],
          [
            123.934617,
            10.326654
          ],
          [
            123.934629,
            10.326639
          ],
          [
            123.935124,
            10.326015
          ],
          [
            123.935235,
            10.325875
          ],
          [
            123.935246,
            10.32586
          ],
          [
            123.935284,
            10.325814
          ],
          [
            123.935291,
            10.325806
          ],
          [
            123.935911,
            10.325026
          ],
          [
            123.935949,
            10.324979
          ],
          [
            123.935872,
            10.324918
          ],
          [
            123.935536,
            10.324635
          ],
          [
            123.934983,
            10.324169
          ],
          [
            123.934548,
            10.323831
          ],
          [
            123.934425,
            10.323738
          ],
          [
            123.934344,
            10.323677
          ],
          [
            123.93424,
            10.323583
          ],
          [
            123.933933,
            10.323255
          ],
          [
            123.933811,
            10.323125
          ],
          [
            123.933638,
            10.322947
          ],
          [
            123.932695,
            10.321932
          ],
          [
            123.932313,
            10.321524
          ],
          [
            123.932273,
            10.321481
          ],
          [
            123.932126,
            10.321323
          ],
          [
            123.932062,
            10.321252
          ],
          [
            123.931965,
            10.321149
          ],
          [
            123.931487,
            10.320638
          ],
          [
            123.93143,
            10.320578
          ],
          [
            123.931311,
            10.320449
          ],
          [
            123.931205,
            10.320333
          ],
          [
            123.931077,
            10.320198
          ],
          [
            123.931029,
            10.320147
          ],
          [
            123.930985,
            10.320101
          ],
          [
            123.9308,
            10.319804
          ],
          [
            123.930616,
            10.319506
          ],
          [
            123.930546,
            10.319396
          ],
          [
            123.930528,
            10.319368
          ],
          [
            123.930416,
            10.319192
          ],
          [
            123.930367,
            10.319115
          ],
          [
            123.929652,
            10.317996
          ],
          [
            123.929526,
            10.317796
          ],
          [
            123.928977,
            10.316915
          ],
          [
            123.928844,
            10.316761
          ],
          [
            123.928837,
            10.316754
          ],
          [
            123.928801,
            10.316714
          ],
          [
            123.92872,
            10.31663
          ],
          [
            123.928666,
            10.316589
          ],
          [
            123.927616,
            10.315798
          ],
          [
            123.927178,
            10.315436
          ],
          [
            123.926971,
            10.315282
          ],
          [
            123.926349,
            10.314819
          ],
          [
            123.926277,
            10.314766
          ],
          [
            123.926174,
            10.314687
          ],
          [
            123.925633,
            10.31426
          ],
          [
            123.925305,
            10.314001
          ],
          [
            123.925134,
            10.313866
          ],
          [
            123.924931,
            10.313706
          ],
          [
            123.924305,
            10.313212
          ],
          [
            123.924209,
            10.313128
          ],
          [
            123.9242,
            10.313121
          ],
          [
            123.924174,
            10.313101
          ],
          [
            123.923766,
            10.312777
          ],
          [
            123.923719,
            10.312737
          ],
          [
            123.922641,
            10.311804
          ],
          [
            123.922511,
            10.31169
          ],
          [
            123.92244,
            10.31163
          ],
          [
            123.922322,
            10.311533
          ],
          [
            123.922164,
            10.311403
          ],
          [
            123.921566,
            10.310909
          ],
          [
            123.921234,
            10.310646
          ],
          [
            123.920359,
            10.309952
          ],
          [
            123.919477,
            10.309228
          ],
          [
            123.919226,
            10.309022
          ],
          [
            123.919141,
            10.308953
          ],
          [
            123.919048,
            10.308873
          ],
          [
            123.918968,
            10.308807
          ],
          [
            123.918802,
            10.308672
          ],
          [
            123.917146,
            10.307319
          ],
          [
            123.917055,
            10.307247
          ],
          [
            123.916444,
            10.306764
          ],
          [
            123.916203,
            10.306563
          ],
          [
            123.915187,
            10.305715
          ],
          [
            123.913793,
            10.304595
          ],
          [
            123.913753,
            10.304563
          ],
          [
            123.91324,
            10.304152
          ],
          [
            123.9128,
            10.3038
          ],
          [
            123.912716,
            10.303733
          ],
          [
            123.912621,
            10.303653
          ],
          [
            123.912542,
            10.303588
          ],
          [
            123.912435,
            10.303499
          ],
          [
            123.912222,
            10.303322
          ],
          [
            123.911679,
            10.30287
          ],
          [
            123.911333,
            10.302583
          ],
          [
            123.911199,
            10.30247
          ],
          [
            123.911151,
            10.302431
          ],
          [
            123.911042,
            10.302341
          ],
          [
            123.910863,
            10.302191
          ],
          [
            123.910713,
            10.302067
          ],
          [
            123.910441,
            10.30184
          ],
          [
            123.910387,
            10.301799
          ],
          [
            123.910306,
            10.301726
          ],
          [
            123.910244,
            10.301664
          ],
          [
            123.910178,
            10.301587
          ],
          [
            123.910117,
            10.301511
          ],
          [
            123.910081,
            10.301462
          ],
          [
            123.91002,
            10.301377
          ],
          [
            123.909897,
            10.301204
          ],
          [
            123.909832,
            10.301097
          ],
          [
            123.909636,
            10.300758
          ],
          [
            123.909498,
            10.300515
          ],
          [
            123.909357,
            10.300266
          ],
          [
            123.909273,
            10.300113
          ],
          [
            123.909261,
            10.30009
          ],
          [
            123.909085,
            10.299769
          ],
          [
            123.909045,
            10.299696
          ],
          [
            123.908716,
            10.299091
          ],
          [
            123.908618,
            10.298919
          ],
          [
            123.908424,
            10.298577
          ],
          [
            123.908366,
            10.298474
          ],
          [
            123.908312,
            10.298376
          ],
          [
            123.908282,
            10.298316
          ],
          [
            123.907863,
            10.297529
          ],
          [
            123.907771,
            10.297367
          ],
          [
            123.907746,
            10.297318
          ],
          [
            123.907676,
            10.297183
          ],
          [
            123.907643,
            10.297122
          ],
          [
            123.907163,
            10.296107
          ],
          [
            123.906993,
            10.295944
          ],
          [
            123.906656,
            10.295321
          ],
          [
            123.906224,
            10.294527
          ],
          [
            123.906021,
            10.294154
          ],
          [
            123.905955,
            10.294034
          ],
          [
            123.905299,
            10.294374
          ],
          [
            123.905173,
            10.294435
          ],
          [
            123.905141,
            10.29445
          ],
          [
            123.905071,
            10.294484
          ],
          [
            123.904996,
            10.294526
          ],
          [
            123.904932,
            10.29438
          ],
          [
            123.904842,
            10.294193
          ],
          [
            123.90477,
            10.294222
          ],
          [
            123.904599,
            10.294301
          ],
          [
            123.904168,
            10.294498
          ],
          [
            123.904091,
            10.294538
          ],
          [
            123.904031,
            10.294568
          ],
          [
            123.903581,
            10.294795
          ],
          [
            123.903434,
            10.29487
          ],
          [
            123.903359,
            10.294908
          ],
          [
            123.903244,
            10.294964
          ],
          [
            123.902959,
            10.295084
          ],
          [
            123.902619,
            10.295219
          ],
          [
            123.902576,
            10.295239
          ],
          [
            123.902315,
            10.29535
          ],
          [
            123.902216,
            10.295389
          ]
        ]
      }
    },
    {
      "type": "Feature",
      "properties": {
        "route_id": "PH-21A",
        "route_name": "21A Mandaue - Manalili (via Mabolo)",
        "route_type": "PUJ",
        "route_ref": "21A",
        "origin_name": "Origin",
        "destination_name": "Destination",
        "region": "Cebu",
        "province": "Cebu"
      },
      "geometry": {
        "type": "LineString",
        "coordinates": [
          [
            123.942906,
            10.33425
          ],
          [
            123.942519,
            10.333796
          ],
          [
            123.942444,
            10.33384
          ],
          [
            123.942389,
            10.333872
          ],
          [
            123.942089,
            10.334046
          ],
          [
            123.941584,
            10.334348
          ],
          [
            123.941557,
            10.334363
          ],
          [
            123.941531,
            10.334377
          ],
          [
            123.941378,
            10.334456
          ],
          [
            123.940984,
            10.33464
          ],
          [
            123.940944,
            10.334658
          ],
          [
            123.940873,
            10.334688
          ],
          [
            123.940809,
            10.334613
          ],
          [
            123.940526,
            10.334335
          ],
          [
            123.940438,
            10.334237
          ],
          [
            123.939914,
            10.333631
          ],
          [
            123.939539,
            10.33334
          ],
          [
            123.939088,
            10.332988
          ],
          [
            123.938969,
            10.332901
          ],
          [
            123.938846,
            10.332811
          ],
          [
            123.938541,
            10.332585
          ],
          [
            123.938513,
            10.332563
          ],
          [
            123.938188,
            10.332347
          ],
          [
            123.938032,
            10.332244
          ],
          [
            123.937901,
            10.332141
          ],
          [
            123.937566,
            10.331878
          ],
          [
            123.937067,
            10.331416
          ],
          [
            123.936858,
            10.331203
          ],
          [
            123.936686,
            10.331027
          ],
          [
            123.936209,
            10.330458
          ],
          [
            123.936001,
            10.330487
          ],
          [
            123.935839,
            10.330492
          ],
          [
            123.935731,
            10.330495
          ],
          [
            123.935679,
            10.330492
          ],
          [
            123.935659,
            10.330491
          ],
          [
            123.93527,
            10.330458
          ],
          [
            123.935234,
            10.330453
          ],
          [
            123.935188,
            10.330448
          ],
          [
            123.934945,
            10.33039
          ],
          [
            123.934736,
            10.330329
          ],
          [
            123.934202,
            10.33013
          ],
          [
            123.933865,
            10.329984
          ],
          [
            123.933784,
            10.329946
          ],
          [
            123.932756,
            10.329499
          ],
          [
            123.93269,
            10.329471
          ],
          [
            123.932633,
            10.329446
          ],
          [
            123.932846,
            10.329137
          ],
          [
            123.933173,
            10.328688
          ],
          [
            123.933227,
            10.32861
          ],
          [
            123.933346,
            10.328454
          ],
          [
            123.933543,
            10.328188
          ],
          [
            123.933884,
            10.32773
          ],
          [
            123.933923,
            10.327682
          ],
          [
            123.934012,
            10.327559
          ],
          [
            123.934042,
            10.327518
          ],
          [
            123.934144,
            10.327381
          ],
          [
            123.934476,
            10.326933
          ],
          [
            123.934509,
            10.326884
          ],
          [
            123.934533,
            10.326758
          ],
          [
            123.934617,
            10.326654
          ],
          [
            123.934629,
            10.326639
          ],
          [
            123.935124,
            10.326015
          ],
          [
            123.935235,
            10.325875
          ],
          [
            123.935246,
            10.32586
          ],
          [
            123.935284,
            10.325814
          ],
          [
            123.935291,
            10.325806
          ],
          [
            123.935911,
            10.325026
          ],
          [
            123.935949,
            10.324979
          ],
          [
            123.935872,
            10.324918
          ],
          [
            123.935536,
            10.324635
          ],
          [
            123.934983,
            10.324169
          ],
          [
            123.934548,
            10.323831
          ],
          [
            123.934425,
            10.323738
          ],
          [
            123.934344,
            10.323677
          ],
          [
            123.93424,
            10.323583
          ],
          [
            123.933933,
            10.323255
          ],
          [
            123.933811,
            10.323125
          ],
          [
            123.933638,
            10.322947
          ],
          [
            123.932695,
            10.321932
          ],
          [
            123.932313,
            10.321524
          ],
          [
            123.932273,
            10.321481
          ],
          [
            123.932126,
            10.321323
          ],
          [
            123.932062,
            10.321252
          ],
          [
            123.931965,
            10.321149
          ],
          [
            123.931487,
            10.320638
          ],
          [
            123.93143,
            10.320578
          ],
          [
            123.931311,
            10.320449
          ],
          [
            123.931205,
            10.320333
          ],
          [
            123.931077,
            10.320198
          ],
          [
            123.931029,
            10.320147
          ],
          [
            123.930985,
            10.320101
          ],
          [
            123.9308,
            10.319804
          ],
          [
            123.930616,
            10.319506
          ],
          [
            123.930546,
            10.319396
          ],
          [
            123.930528,
            10.319368
          ],
          [
            123.930416,
            10.319192
          ],
          [
            123.930367,
            10.319115
          ],
          [
            123.929652,
            10.317996
          ],
          [
            123.929526,
            10.317796
          ],
          [
            123.928977,
            10.316915
          ],
          [
            123.928844,
            10.316761
          ],
          [
            123.928837,
            10.316754
          ],
          [
            123.928801,
            10.316714
          ],
          [
            123.92872,
            10.31663
          ],
          [
            123.928666,
            10.316589
          ],
          [
            123.927616,
            10.315798
          ],
          [
            123.927178,
            10.315436
          ],
          [
            123.926971,
            10.315282
          ],
          [
            123.926349,
            10.314819
          ],
          [
            123.926277,
            10.314766
          ],
          [
            123.926174,
            10.314687
          ],
          [
            123.925633,
            10.31426
          ],
          [
            123.925305,
            10.314001
          ],
          [
            123.925134,
            10.313866
          ],
          [
            123.924931,
            10.313706
          ],
          [
            123.924305,
            10.313212
          ],
          [
            123.924209,
            10.313128
          ],
          [
            123.9242,
            10.313121
          ],
          [
            123.924174,
            10.313101
          ],
          [
            123.923766,
            10.312777
          ],
          [
            123.923719,
            10.312737
          ],
          [
            123.922641,
            10.311804
          ],
          [
            123.922511,
            10.31169
          ],
          [
            123.92244,
            10.31163
          ],
          [
            123.922322,
            10.311533
          ],
          [
            123.922164,
            10.311403
          ],
          [
            123.921566,
            10.310909
          ],
          [
            123.921234,
            10.310646
          ],
          [
            123.920359,
            10.309952
          ],
          [
            123.919477,
            10.309228
          ],
          [
            123.919226,
            10.309022
          ],
          [
            123.919141,
            10.308953
          ],
          [
            123.919048,
            10.308873
          ],
          [
            123.918968,
            10.308807
          ],
          [
            123.918802,
            10.308672
          ],
          [
            123.917146,
            10.307319
          ],
          [
            123.917055,
            10.307247
          ],
          [
            123.916444,
            10.306764
          ],
          [
            123.916203,
            10.306563
          ],
          [
            123.915187,
            10.305715
          ],
          [
            123.913793,
            10.304595
          ],
          [
            123.913753,
            10.304563
          ],
          [
            123.91324,
            10.304152
          ],
          [
            123.9128,
            10.3038
          ],
          [
            123.912716,
            10.303733
          ],
          [
            123.912621,
            10.303653
          ],
          [
            123.912542,
            10.303588
          ],
          [
            123.912435,
            10.303499
          ],
          [
            123.912222,
            10.303322
          ],
          [
            123.911679,
            10.30287
          ],
          [
            123.911333,
            10.302583
          ],
          [
            123.911199,
            10.30247
          ],
          [
            123.911151,
            10.302431
          ],
          [
            123.911042,
            10.302341
          ],
          [
            123.910863,
            10.302191
          ],
          [
            123.910713,
            10.302067
          ],
          [
            123.910441,
            10.30184
          ],
          [
            123.910387,
            10.301799
          ],
          [
            123.910306,
            10.301726
          ],
          [
            123.910244,
            10.301664
          ],
          [
            123.910178,
            10.301587
          ],
          [
            123.910117,
            10.301511
          ],
          [
            123.910081,
            10.301462
          ],
          [
            123.91002,
            10.301377
          ],
          [
            123.909897,
            10.301204
          ],
          [
            123.909832,
            10.301097
          ],
          [
            123.909636,
            10.300758
          ],
          [
            123.909498,
            10.300515
          ],
          [
            123.909357,
            10.300266
          ],
          [
            123.909273,
            10.300113
          ],
          [
            123.909261,
            10.30009
          ],
          [
            123.909085,
            10.299769
          ],
          [
            123.909045,
            10.299696
          ],
          [
            123.908716,
            10.299091
          ],
          [
            123.908618,
            10.298919
          ],
          [
            123.908424,
            10.298577
          ],
          [
            123.908366,
            10.298474
          ],
          [
            123.908312,
            10.298376
          ],
          [
            123.908282,
            10.298316
          ],
          [
            123.907863,
            10.297529
          ],
          [
            123.907771,
            10.297367
          ],
          [
            123.907746,
            10.297318
          ],
          [
            123.907676,
            10.297183
          ],
          [
            123.907643,
            10.297122
          ],
          [
            123.907163,
            10.296107
          ],
          [
            123.906993,
            10.295944
          ],
          [
            123.906656,
            10.295321
          ],
          [
            123.906224,
            10.294527
          ],
          [
            123.906021,
            10.294154
          ],
          [
            123.905955,
            10.294034
          ],
          [
            123.905299,
            10.294374
          ],
          [
            123.905173,
            10.294435
          ],
          [
            123.905141,
            10.29445
          ],
          [
            123.905071,
            10.294484
          ],
          [
            123.904996,
            10.294526
          ],
          [
            123.904932,
            10.29438
          ],
          [
            123.904842,
            10.294193
          ],
          [
            123.90477,
            10.294222
          ],
          [
            123.904599,
            10.294301
          ],
          [
            123.904168,
            10.294498
          ],
          [
            123.904091,
            10.294538
          ],
          [
            123.904031,
            10.294568
          ],
          [
            123.903581,
            10.294795
          ],
          [
            123.903434,
            10.29487
          ],
          [
            123.903359,
            10.294908
          ],
          [
            123.903244,
            10.294964
          ],
          [
            123.902959,
            10.295084
          ],
          [
            123.902619,
            10.295219
          ],
          [
            123.902576,
            10.295239
          ],
          [
            123.902315,
            10.29535
          ],
          [
            123.902216,
            10.295389
          ]
        ]
      }
    },
    {
      "type": "Feature",
      "properties": {
        "route_id": "PH-03B",
        "route_name": "03B Mabolo - Colon",
        "route_type": "PUJ",
        "route_ref": "03B",
        "origin_name": "Origin",
        "destination_name": "Destination",
        "region": "Cebu",
        "province": "Cebu"
      },
      "geometry": {
        "type": "LineString",
        "coordinates": [
          [
            123.913086,
            10.315124
          ],
          [
            123.913351,
            10.315276
          ],
          [
            123.913581,
            10.315416
          ],
          [
            123.91384,
            10.315573
          ],
          [
            123.914451,
            10.31462
          ],
          [
            123.914603,
            10.31436
          ],
          [
            123.914659,
            10.314264
          ],
          [
            123.914581,
            10.314223
          ],
          [
            123.914148,
            10.314011
          ],
          [
            123.914092,
            10.313983
          ],
          [
            123.914014,
            10.313944
          ],
          [
            123.913923,
            10.313901
          ],
          [
            123.913728,
            10.313802
          ],
          [
            123.913649,
            10.313762
          ],
          [
            123.912892,
            10.313377
          ],
          [
            123.912809,
            10.313336
          ],
          [
            123.912581,
            10.313224
          ],
          [
            123.91213,
            10.313004
          ],
          [
            123.911471,
            10.312709
          ],
          [
            123.911448,
            10.312699
          ],
          [
            123.911411,
            10.312682
          ],
          [
            123.911243,
            10.312598
          ],
          [
            123.911212,
            10.312584
          ],
          [
            123.911141,
            10.312551
          ],
          [
            123.910884,
            10.312419
          ],
          [
            123.910733,
            10.312348
          ],
          [
            123.910606,
            10.312282
          ],
          [
            123.910452,
            10.312211
          ],
          [
            123.910352,
            10.312161
          ],
          [
            123.910096,
            10.31201
          ],
          [
            123.90986,
            10.311862
          ],
          [
            123.909769,
            10.311784
          ],
          [
            123.909615,
            10.31164
          ],
          [
            123.909338,
            10.311394
          ],
          [
            123.909224,
            10.311285
          ],
          [
            123.909112,
            10.31117
          ],
          [
            123.909056,
            10.31111
          ],
          [
            123.90867,
            10.310684
          ],
          [
            123.90859,
            10.310585
          ],
          [
            123.908563,
            10.310551
          ],
          [
            123.90849,
            10.310462
          ],
          [
            123.908337,
            10.310269
          ],
          [
            123.908047,
            10.309877
          ],
          [
            123.907908,
            10.309693
          ],
          [
            123.907706,
            10.30942
          ],
          [
            123.907692,
            10.309402
          ],
          [
            123.907397,
            10.309
          ],
          [
            123.907271,
            10.308831
          ],
          [
            123.907264,
            10.308823
          ],
          [
            123.907132,
            10.308756
          ],
          [
            123.907069,
            10.308687
          ],
          [
            123.906957,
            10.308567
          ],
          [
            123.906772,
            10.308348
          ],
          [
            123.906688,
            10.308249
          ],
          [
            123.906577,
            10.308121
          ],
          [
            123.906395,
            10.30791
          ],
          [
            123.905972,
            10.30741
          ],
          [
            123.905789,
            10.30718
          ],
          [
            123.905588,
            10.306914
          ],
          [
            123.905524,
            10.306837
          ],
          [
            123.905479,
            10.306783
          ],
          [
            123.905442,
            10.306733
          ],
          [
            123.905,
            10.306135
          ],
          [
            123.904946,
            10.306062
          ],
          [
            123.904882,
            10.305975
          ],
          [
            123.904678,
            10.305699
          ],
          [
            123.904402,
            10.30533
          ],
          [
            123.90382,
            10.304522
          ],
          [
            123.903681,
            10.304329
          ],
          [
            123.903557,
            10.304157
          ],
          [
            123.903419,
            10.303966
          ],
          [
            123.902649,
            10.302917
          ],
          [
            123.90243,
            10.302592
          ],
          [
            123.902307,
            10.302408
          ],
          [
            123.902223,
            10.302287
          ],
          [
            123.902218,
            10.30228
          ],
          [
            123.902173,
            10.30222
          ],
          [
            123.902151,
            10.302191
          ],
          [
            123.902145,
            10.302184
          ],
          [
            123.902084,
            10.30211
          ],
          [
            123.902111,
            10.302064
          ],
          [
            123.90214,
            10.302017
          ],
          [
            123.902256,
            10.301824
          ],
          [
            123.902362,
            10.301651
          ],
          [
            123.90239,
            10.301605
          ],
          [
            123.902476,
            10.30146
          ],
          [
            123.902578,
            10.301299
          ],
          [
            123.90267,
            10.301152
          ],
          [
            123.902814,
            10.300889
          ],
          [
            123.902937,
            10.300648
          ],
          [
            123.902977,
            10.300548
          ],
          [
            123.903038,
            10.30038
          ],
          [
            123.903144,
            10.300025
          ],
          [
            123.903219,
            10.299773
          ],
          [
            123.903247,
            10.299457
          ],
          [
            123.903265,
            10.299255
          ],
          [
            123.903373,
            10.299045
          ],
          [
            123.903426,
            10.298942
          ],
          [
            123.903684,
            10.298427
          ],
          [
            123.903702,
            10.298205
          ],
          [
            123.903718,
            10.298066
          ],
          [
            123.903246,
            10.29791
          ],
          [
            123.903097,
            10.297896
          ],
          [
            123.902817,
            10.297868
          ],
          [
            123.902173,
            10.297801
          ],
          [
            123.902058,
            10.297794
          ],
          [
            123.901945,
            10.297785
          ],
          [
            123.90188,
            10.297779
          ],
          [
            123.901689,
            10.297764
          ],
          [
            123.901498,
            10.297749
          ],
          [
            123.901166,
            10.297713
          ],
          [
            123.90095,
            10.297676
          ],
          [
            123.900763,
            10.297639
          ],
          [
            123.900639,
            10.297608
          ],
          [
            123.900525,
            10.297571
          ],
          [
            123.900302,
            10.297478
          ],
          [
            123.899929,
            10.297273
          ],
          [
            123.899825,
            10.297208
          ]
        ]
      }
    },
    {
      "type": "Feature",
      "properties": {
        "route_id": "PH-04B",
        "route_name": "04B Lahug - Carbon",
        "route_type": "PUJ",
        "route_ref": "04B",
        "origin_name": "Origin",
        "destination_name": "Destination",
        "region": "Cebu",
        "province": "Cebu"
      },
      "geometry": {
        "type": "LineString",
        "coordinates": [
          [
            123.898767,
            10.328502
          ],
          [
            123.898658,
            10.328694
          ],
          [
            123.898582,
            10.328815
          ],
          [
            123.898489,
            10.328958
          ],
          [
            123.898421,
            10.329028
          ],
          [
            123.898354,
            10.329055
          ],
          [
            123.898236,
            10.329115
          ],
          [
            123.898138,
            10.329183
          ],
          [
            123.898209,
            10.329414
          ],
          [
            123.897773,
            10.329577
          ],
          [
            123.897597,
            10.329645
          ],
          [
            123.89746,
            10.329192
          ],
          [
            123.897408,
            10.328984
          ],
          [
            123.897382,
            10.328726
          ],
          [
            123.897373,
            10.328614
          ],
          [
            123.897399,
            10.328518
          ],
          [
            123.897423,
            10.328438
          ],
          [
            123.897474,
            10.328267
          ],
          [
            123.89788,
            10.327025
          ],
          [
            123.897903,
            10.326949
          ],
          [
            123.897918,
            10.3269
          ],
          [
            123.897933,
            10.326804
          ],
          [
            123.89799,
            10.32642
          ],
          [
            123.898087,
            10.325512
          ],
          [
            123.898103,
            10.32536
          ],
          [
            123.898125,
            10.325231
          ],
          [
            123.898224,
            10.324697
          ],
          [
            123.898238,
            10.324634
          ],
          [
            123.898317,
            10.324297
          ],
          [
            123.898401,
            10.323908
          ],
          [
            123.898492,
            10.323498
          ],
          [
            123.898552,
            10.32323
          ],
          [
            123.898612,
            10.322962
          ],
          [
            123.898634,
            10.322866
          ],
          [
            123.89866,
            10.322749
          ],
          [
            123.898673,
            10.322689
          ],
          [
            123.898781,
            10.322207
          ],
          [
            123.89882,
            10.322031
          ],
          [
            123.89884,
            10.321941
          ],
          [
            123.898857,
            10.321874
          ],
          [
            123.898927,
            10.321554
          ],
          [
            123.898954,
            10.321434
          ],
          [
            123.898971,
            10.321356
          ],
          [
            123.898987,
            10.321285
          ],
          [
            123.899051,
            10.320999
          ],
          [
            123.899142,
            10.320591
          ],
          [
            123.899178,
            10.320439
          ],
          [
            123.899223,
            10.320249
          ],
          [
            123.899243,
            10.320167
          ],
          [
            123.899281,
            10.319978
          ],
          [
            123.899308,
            10.319903
          ],
          [
            123.899328,
            10.31985
          ],
          [
            123.899523,
            10.319426
          ],
          [
            123.899879,
            10.318696
          ],
          [
            123.89994,
            10.318572
          ],
          [
            123.899875,
            10.31856
          ],
          [
            123.899809,
            10.318548
          ],
          [
            123.899736,
            10.318529
          ],
          [
            123.89929,
            10.31841
          ],
          [
            123.89878,
            10.31829
          ],
          [
            123.898686,
            10.318268
          ],
          [
            123.89864,
            10.318258
          ],
          [
            123.898211,
            10.318163
          ],
          [
            123.898172,
            10.318155
          ],
          [
            123.897887,
            10.318092
          ],
          [
            123.897364,
            10.317999
          ],
          [
            123.897106,
            10.317953
          ],
          [
            123.896662,
            10.317874
          ],
          [
            123.896641,
            10.31787
          ],
          [
            123.896403,
            10.317828
          ],
          [
            123.896227,
            10.317797
          ],
          [
            123.896179,
            10.317788
          ],
          [
            123.895971,
            10.317751
          ],
          [
            123.89576,
            10.317714
          ],
          [
            123.895689,
            10.317701
          ],
          [
            123.895397,
            10.317649
          ],
          [
            123.894733,
            10.317531
          ],
          [
            123.894695,
            10.317524
          ],
          [
            123.894641,
            10.317545
          ],
          [
            123.894561,
            10.317533
          ],
          [
            123.894546,
            10.31753
          ],
          [
            123.894379,
            10.317481
          ],
          [
            123.894337,
            10.317468
          ],
          [
            123.894064,
            10.317374
          ],
          [
            123.893859,
            10.317304
          ],
          [
            123.893728,
            10.317259
          ],
          [
            123.893355,
            10.317125
          ],
          [
            123.89329,
            10.317102
          ],
          [
            123.89321,
            10.317075
          ],
          [
            123.892843,
            10.31695
          ],
          [
            123.892786,
            10.31693
          ],
          [
            123.892447,
            10.316815
          ],
          [
            123.891976,
            10.316654
          ],
          [
            123.891878,
            10.31662
          ],
          [
            123.891532,
            10.316502
          ],
          [
            123.891,
            10.316311
          ],
          [
            123.890942,
            10.316291
          ],
          [
            123.890853,
            10.316262
          ],
          [
            123.890794,
            10.316242
          ],
          [
            123.890826,
            10.316155
          ],
          [
            123.890854,
            10.316079
          ],
          [
            123.890972,
            10.315753
          ],
          [
            123.891228,
            10.315033
          ],
          [
            123.891296,
            10.314846
          ],
          [
            123.891327,
            10.314765
          ],
          [
            123.891352,
            10.314693
          ],
          [
            123.8919,
            10.313155
          ],
          [
            123.891939,
            10.313047
          ],
          [
            123.89195,
            10.313014
          ],
          [
            123.891975,
            10.312944
          ],
          [
            123.892012,
            10.312842
          ],
          [
            123.892266,
            10.312122
          ],
          [
            123.892467,
            10.311554
          ],
          [
            123.892531,
            10.31138
          ],
          [
            123.892566,
            10.311273
          ],
          [
            123.892594,
            10.311187
          ],
          [
            123.892791,
            10.310654
          ],
          [
            123.892815,
            10.310579
          ],
          [
            123.892807,
            10.310544
          ],
          [
            123.892787,
            10.310495
          ],
          [
            123.892722,
            10.310373
          ],
          [
            123.892638,
            10.310302
          ],
          [
            123.892567,
            10.310218
          ],
          [
            123.892511,
            10.310124
          ],
          [
            123.892471,
            10.310023
          ],
          [
            123.892462,
            10.309978
          ],
          [
            123.892453,
            10.309929
          ],
          [
            123.892444,
            10.309836
          ],
          [
            123.892449,
            10.309756
          ],
          [
            123.892455,
            10.30972
          ],
          [
            123.892463,
            10.309677
          ],
          [
            123.892487,
            10.309601
          ],
          [
            123.892521,
            10.309527
          ],
          [
            123.892563,
            10.309459
          ],
          [
            123.892618,
            10.309391
          ],
          [
            123.892695,
            10.309318
          ],
          [
            123.892774,
            10.309264
          ],
          [
            123.89286,
            10.309221
          ],
          [
            123.892884,
            10.309213
          ],
          [
            123.892923,
            10.309199
          ],
          [
            123.892988,
            10.309183
          ],
          [
            123.893055,
            10.309173
          ],
          [
            123.893199,
            10.309133
          ],
          [
            123.893269,
            10.309097
          ],
          [
            123.893308,
            10.309042
          ],
          [
            123.893343,
            10.308979
          ],
          [
            123.893516,
            10.30851
          ],
          [
            123.893551,
            10.30842
          ],
          [
            123.893696,
            10.308026
          ],
          [
            123.893779,
            10.30781
          ],
          [
            123.893892,
            10.307487
          ],
          [
            123.894017,
            10.307137
          ],
          [
            123.894037,
            10.307086
          ],
          [
            123.894063,
            10.30702
          ],
          [
            123.894071,
            10.306998
          ],
          [
            123.894422,
            10.306074
          ],
          [
            123.894552,
            10.3057
          ],
          [
            123.894587,
            10.305594
          ],
          [
            123.894616,
            10.305511
          ],
          [
            123.894693,
            10.305294
          ],
          [
            123.894798,
            10.304997
          ],
          [
            123.894901,
            10.304708
          ],
          [
            123.894945,
            10.304591
          ],
          [
            123.895077,
            10.304202
          ],
          [
            123.895091,
            10.304161
          ],
          [
            123.89524,
            10.303764
          ],
          [
            123.895263,
            10.303698
          ],
          [
            123.895608,
            10.30274
          ],
          [
            123.89564,
            10.302649
          ],
          [
            123.895713,
            10.302437
          ],
          [
            123.895795,
            10.302198
          ],
          [
            123.895828,
            10.302102
          ],
          [
            123.895858,
            10.302008
          ],
          [
            123.89615,
            10.301171
          ],
          [
            123.896243,
            10.300905
          ],
          [
            123.896421,
            10.300413
          ],
          [
            123.896518,
            10.300137
          ],
          [
            123.896628,
            10.299834
          ],
          [
            123.896693,
            10.299661
          ],
          [
            123.896764,
            10.299543
          ],
          [
            123.896815,
            10.299414
          ],
          [
            123.896876,
            10.299244
          ],
          [
            123.896981,
            10.298944
          ],
          [
            123.897,
            10.298893
          ],
          [
            123.897022,
            10.298826
          ],
          [
            123.897029,
            10.298806
          ],
          [
            123.897102,
            10.29861
          ],
          [
            123.897196,
            10.29835
          ],
          [
            123.89723,
            10.29825
          ],
          [
            123.897379,
            10.297824
          ],
          [
            123.897414,
            10.297728
          ],
          [
            123.897512,
            10.297679
          ],
          [
            123.897535,
            10.297632
          ],
          [
            123.897728,
            10.297253
          ],
          [
            123.897784,
            10.297141
          ],
          [
            123.898173,
            10.296414
          ],
          [
            123.898206,
            10.296372
          ],
          [
            123.898236,
            10.296336
          ],
          [
            123.89828,
            10.296302
          ],
          [
            123.89844,
            10.296221
          ],
          [
            123.898524,
            10.296187
          ],
          [
            123.898843,
            10.296038
          ],
          [
            123.89917,
            10.295901
          ],
          [
            123.89941,
            10.295793
          ],
          [
            123.899521,
            10.295745
          ],
          [
            123.899451,
            10.295647
          ],
          [
            123.899267,
            10.295073
          ],
          [
            123.899085,
            10.294469
          ],
          [
            123.899049,
            10.294355
          ],
          [
            123.898787,
            10.293399
          ],
          [
            123.898734,
            10.293219
          ]
        ]
      }
    },
    {
      "type": "Feature",
      "properties": {
        "route_id": "PH-04C",
        "route_name": "04C Lahug - Ramos",
        "route_type": "PUJ",
        "route_ref": "04C",
        "origin_name": "Origin",
        "destination_name": "Destination",
        "region": "Cebu",
        "province": "Cebu"
      },
      "geometry": {
        "type": "LineString",
        "coordinates": [
          [
            123.898767,
            10.328502
          ],
          [
            123.898658,
            10.328694
          ],
          [
            123.898582,
            10.328815
          ],
          [
            123.898489,
            10.328958
          ],
          [
            123.898421,
            10.329028
          ],
          [
            123.898354,
            10.329055
          ],
          [
            123.898236,
            10.329115
          ],
          [
            123.898138,
            10.329183
          ],
          [
            123.898209,
            10.329414
          ],
          [
            123.897773,
            10.329577
          ],
          [
            123.897597,
            10.329645
          ],
          [
            123.89746,
            10.329192
          ],
          [
            123.897408,
            10.328984
          ],
          [
            123.897382,
            10.328726
          ],
          [
            123.897373,
            10.328614
          ],
          [
            123.897399,
            10.328518
          ],
          [
            123.897423,
            10.328438
          ],
          [
            123.897474,
            10.328267
          ],
          [
            123.89788,
            10.327025
          ],
          [
            123.897903,
            10.326949
          ],
          [
            123.897918,
            10.3269
          ],
          [
            123.897933,
            10.326804
          ],
          [
            123.89799,
            10.32642
          ],
          [
            123.898087,
            10.325512
          ],
          [
            123.898103,
            10.32536
          ],
          [
            123.898125,
            10.325231
          ],
          [
            123.898224,
            10.324697
          ],
          [
            123.898238,
            10.324634
          ],
          [
            123.898317,
            10.324297
          ],
          [
            123.898401,
            10.323908
          ],
          [
            123.898492,
            10.323498
          ],
          [
            123.898552,
            10.32323
          ],
          [
            123.898612,
            10.322962
          ],
          [
            123.898634,
            10.322866
          ],
          [
            123.89866,
            10.322749
          ],
          [
            123.898673,
            10.322689
          ],
          [
            123.898781,
            10.322207
          ],
          [
            123.89882,
            10.322031
          ],
          [
            123.89884,
            10.321941
          ],
          [
            123.898857,
            10.321874
          ],
          [
            123.898927,
            10.321554
          ],
          [
            123.898954,
            10.321434
          ],
          [
            123.898971,
            10.321356
          ],
          [
            123.898987,
            10.321285
          ],
          [
            123.899051,
            10.320999
          ],
          [
            123.899142,
            10.320591
          ],
          [
            123.899178,
            10.320439
          ],
          [
            123.899223,
            10.320249
          ],
          [
            123.899243,
            10.320167
          ],
          [
            123.899281,
            10.319978
          ],
          [
            123.899308,
            10.319903
          ],
          [
            123.899328,
            10.31985
          ],
          [
            123.899523,
            10.319426
          ],
          [
            123.899879,
            10.318696
          ],
          [
            123.89994,
            10.318572
          ],
          [
            123.899992,
            10.318456
          ],
          [
            123.900287,
            10.317877
          ],
          [
            123.900407,
            10.317648
          ],
          [
            123.900465,
            10.317543
          ],
          [
            123.90059,
            10.317297
          ],
          [
            123.900812,
            10.316871
          ],
          [
            123.900905,
            10.316698
          ],
          [
            123.901108,
            10.316317
          ],
          [
            123.901535,
            10.315506
          ],
          [
            123.901609,
            10.315364
          ],
          [
            123.901696,
            10.315174
          ],
          [
            123.901758,
            10.315059
          ],
          [
            123.901778,
            10.315022
          ],
          [
            123.901722,
            10.314968
          ],
          [
            123.901688,
            10.314886
          ],
          [
            123.901659,
            10.31476
          ],
          [
            123.901647,
            10.314608
          ],
          [
            123.90166,
            10.314416
          ],
          [
            123.901671,
            10.314209
          ],
          [
            123.90163,
            10.314088
          ],
          [
            123.901461,
            10.313762
          ],
          [
            123.90143,
            10.313708
          ],
          [
            123.901395,
            10.313645
          ],
          [
            123.901308,
            10.313564
          ],
          [
            123.901226,
            10.313493
          ],
          [
            123.901002,
            10.313297
          ],
          [
            123.900812,
            10.313131
          ],
          [
            123.900753,
            10.31308
          ],
          [
            123.900688,
            10.313017
          ],
          [
            123.900593,
            10.31288
          ],
          [
            123.900563,
            10.312816
          ],
          [
            123.900547,
            10.312747
          ],
          [
            123.90053,
            10.312622
          ],
          [
            123.900512,
            10.312512
          ],
          [
            123.900436,
            10.312318
          ],
          [
            123.90036,
            10.312217
          ],
          [
            123.90022,
            10.312032
          ],
          [
            123.900149,
            10.311939
          ],
          [
            123.899915,
            10.311631
          ],
          [
            123.899908,
            10.311621
          ],
          [
            123.899852,
            10.311547
          ],
          [
            123.899835,
            10.31151
          ],
          [
            123.899806,
            10.311385
          ],
          [
            123.899808,
            10.311261
          ],
          [
            123.8998,
            10.311103
          ],
          [
            123.899746,
            10.310717
          ],
          [
            123.899681,
            10.310355
          ],
          [
            123.899666,
            10.310292
          ],
          [
            123.89962,
            10.310136
          ],
          [
            123.899608,
            10.310037
          ],
          [
            123.899607,
            10.31
          ],
          [
            123.899615,
            10.309875
          ],
          [
            123.89963,
            10.309538
          ],
          [
            123.899634,
            10.309482
          ],
          [
            123.899636,
            10.309299
          ],
          [
            123.89964,
            10.309105
          ],
          [
            123.899588,
            10.309099
          ],
          [
            123.899516,
            10.309092
          ],
          [
            123.899302,
            10.309076
          ],
          [
            123.899279,
            10.309125
          ],
          [
            123.899246,
            10.309158
          ],
          [
            123.899209,
            10.309175
          ],
          [
            123.899095,
            10.309167
          ]
        ]
      }
    },
    {
      "type": "Feature",
      "properties": {
        "route_id": "PH-04H",
        "route_name": "04H Lahug - Plaza Housing",
        "route_type": "PUJ",
        "route_ref": "04H",
        "origin_name": "Origin",
        "destination_name": "Destination",
        "region": "Cebu",
        "province": "Cebu"
      },
      "geometry": {
        "type": "LineString",
        "coordinates": [
          [
            123.898767,
            10.328502
          ],
          [
            123.898658,
            10.328694
          ],
          [
            123.898582,
            10.328815
          ],
          [
            123.898489,
            10.328958
          ],
          [
            123.898421,
            10.329028
          ],
          [
            123.898354,
            10.329055
          ],
          [
            123.898236,
            10.329115
          ],
          [
            123.898138,
            10.329183
          ],
          [
            123.898209,
            10.329414
          ],
          [
            123.897773,
            10.329577
          ],
          [
            123.897597,
            10.329645
          ],
          [
            123.897667,
            10.32988
          ],
          [
            123.897687,
            10.32995
          ],
          [
            123.89771,
            10.33003
          ],
          [
            123.897726,
            10.33008
          ],
          [
            123.897748,
            10.33015
          ],
          [
            123.897798,
            10.330328
          ],
          [
            123.897808,
            10.330361
          ],
          [
            123.897843,
            10.330486
          ],
          [
            123.897857,
            10.330527
          ],
          [
            123.897889,
            10.330618
          ],
          [
            123.897956,
            10.330808
          ],
          [
            123.897974,
            10.330859
          ],
          [
            123.898039,
            10.331042
          ],
          [
            123.898058,
            10.33109
          ],
          [
            123.898086,
            10.331153
          ],
          [
            123.897973,
            10.331239
          ],
          [
            123.897642,
            10.331417
          ],
          [
            123.897499,
            10.331496
          ],
          [
            123.897379,
            10.331576
          ],
          [
            123.895827,
            10.333144
          ],
          [
            123.895651,
            10.333315
          ],
          [
            123.895441,
            10.333549
          ],
          [
            123.895396,
            10.33359
          ],
          [
            123.89515,
            10.3337
          ],
          [
            123.895076,
            10.333723
          ],
          [
            123.894921,
            10.33377
          ],
          [
            123.89447,
            10.333904
          ],
          [
            123.894347,
            10.333963
          ],
          [
            123.894173,
            10.334046
          ],
          [
            123.894068,
            10.334116
          ],
          [
            123.894007,
            10.334151
          ],
          [
            123.893953,
            10.334197
          ],
          [
            123.893843,
            10.33428
          ],
          [
            123.893508,
            10.334627
          ],
          [
            123.893338,
            10.334804
          ],
          [
            123.893283,
            10.334829
          ],
          [
            123.893049,
            10.334868
          ],
          [
            123.892936,
            10.334884
          ],
          [
            123.892838,
            10.334914
          ],
          [
            123.892787,
            10.334981
          ],
          [
            123.892743,
            10.335072
          ],
          [
            123.892709,
            10.335156
          ],
          [
            123.892693,
            10.335273
          ],
          [
            123.892653,
            10.335607
          ],
          [
            123.892615,
            10.335648
          ],
          [
            123.89255,
            10.335658
          ],
          [
            123.892317,
            10.335644
          ],
          [
            123.89212,
            10.33563
          ],
          [
            123.892068,
            10.335657
          ],
          [
            123.892022,
            10.335692
          ],
          [
            123.891805,
            10.336028
          ],
          [
            123.891701,
            10.336187
          ],
          [
            123.891383,
            10.336682
          ],
          [
            123.891112,
            10.337146
          ],
          [
            123.890904,
            10.337503
          ],
          [
            123.890824,
            10.337643
          ],
          [
            123.890673,
            10.337921
          ],
          [
            123.89053,
            10.338163
          ],
          [
            123.890325,
            10.338544
          ],
          [
            123.890309,
            10.338573
          ],
          [
            123.890231,
            10.338708
          ],
          [
            123.890139,
            10.338869
          ],
          [
            123.890065,
            10.339016
          ],
          [
            123.890153,
            10.339056
          ],
          [
            123.890258,
            10.339125
          ],
          [
            123.890265,
            10.339151
          ],
          [
            123.890259,
            10.33918
          ],
          [
            123.890123,
            10.339404
          ],
          [
            123.890066,
            10.339506
          ],
          [
            123.889999,
            10.339605
          ],
          [
            123.889966,
            10.339623
          ],
          [
            123.889933,
            10.339637
          ],
          [
            123.889726,
            10.339626
          ],
          [
            123.889685,
            10.33966
          ],
          [
            123.889581,
            10.339748
          ],
          [
            123.889548,
            10.339779
          ],
          [
            123.889525,
            10.339804
          ],
          [
            123.88949,
            10.339875
          ],
          [
            123.889416,
            10.340024
          ],
          [
            123.889344,
            10.340213
          ],
          [
            123.889333,
            10.340246
          ],
          [
            123.889306,
            10.340317
          ],
          [
            123.889284,
            10.340377
          ],
          [
            123.889203,
            10.340676
          ],
          [
            123.889195,
            10.340704
          ],
          [
            123.889139,
            10.340957
          ],
          [
            123.889067,
            10.34124
          ],
          [
            123.889057,
            10.341296
          ],
          [
            123.889069,
            10.341339
          ],
          [
            123.889097,
            10.341405
          ],
          [
            123.889127,
            10.341475
          ],
          [
            123.889168,
            10.341554
          ],
          [
            123.889229,
            10.341682
          ],
          [
            123.889246,
            10.341835
          ],
          [
            123.889219,
            10.342111
          ]
        ]
      }
    },
    {
      "type": "Feature",
      "properties": {
        "route_id": "PH-06B",
        "route_name": "06B Guadalupe - Carbon",
        "route_type": "PUJ",
        "route_ref": "06B",
        "origin_name": "Origin",
        "destination_name": "Destination",
        "region": "Cebu",
        "province": "Cebu"
      },
      "geometry": {
        "type": "LineString",
        "coordinates": [
          [
            123.883108,
            10.322155
          ],
          [
            123.883234,
            10.322137
          ],
          [
            123.883279,
            10.322098
          ],
          [
            123.883324,
            10.321736
          ],
          [
            123.883395,
            10.321457
          ],
          [
            123.884141,
            10.321608
          ],
          [
            123.884186,
            10.321401
          ],
          [
            123.884187,
            10.321394
          ],
          [
            123.884189,
            10.321388
          ],
          [
            123.88419,
            10.321381
          ],
          [
            123.884214,
            10.321271
          ],
          [
            123.884334,
            10.320718
          ],
          [
            123.884409,
            10.320387
          ],
          [
            123.884422,
            10.320325
          ],
          [
            123.884432,
            10.320274
          ],
          [
            123.884447,
            10.320209
          ],
          [
            123.884543,
            10.319761
          ],
          [
            123.884573,
            10.319625
          ],
          [
            123.884651,
            10.319263
          ],
          [
            123.884797,
            10.318543
          ],
          [
            123.884804,
            10.318507
          ],
          [
            123.884811,
            10.318469
          ],
          [
            123.884821,
            10.318425
          ],
          [
            123.88489,
            10.318095
          ],
          [
            123.885007,
            10.317591
          ],
          [
            123.885093,
            10.31723
          ],
          [
            123.885141,
            10.317047
          ],
          [
            123.885158,
            10.316959
          ],
          [
            123.885198,
            10.316781
          ],
          [
            123.885248,
            10.316569
          ],
          [
            123.885325,
            10.316177
          ],
          [
            123.885358,
            10.316053
          ],
          [
            123.885403,
            10.315826
          ],
          [
            123.885422,
            10.315738
          ],
          [
            123.885504,
            10.315766
          ],
          [
            123.885771,
            10.315865
          ],
          [
            123.885927,
            10.315919
          ],
          [
            123.886463,
            10.316111
          ],
          [
            123.886675,
            10.316187
          ],
          [
            123.886796,
            10.31623
          ],
          [
            123.886908,
            10.31627
          ],
          [
            123.886977,
            10.316292
          ],
          [
            123.887497,
            10.316463
          ],
          [
            123.887909,
            10.316619
          ],
          [
            123.887991,
            10.316644
          ],
          [
            123.888096,
            10.316682
          ],
          [
            123.888379,
            10.316779
          ],
          [
            123.888728,
            10.316893
          ],
          [
            123.889183,
            10.317027
          ],
          [
            123.889292,
            10.317059
          ],
          [
            123.889468,
            10.317095
          ],
          [
            123.889577,
            10.317111
          ],
          [
            123.889647,
            10.317112
          ],
          [
            123.889702,
            10.317103
          ],
          [
            123.889763,
            10.317057
          ],
          [
            123.889802,
            10.317012
          ],
          [
            123.889833,
            10.316952
          ],
          [
            123.889894,
            10.316799
          ],
          [
            123.890153,
            10.316148
          ],
          [
            123.890229,
            10.315955
          ],
          [
            123.890257,
            10.315876
          ],
          [
            123.890696,
            10.314646
          ],
          [
            123.890728,
            10.314557
          ],
          [
            123.89075,
            10.314495
          ],
          [
            123.891106,
            10.313499
          ],
          [
            123.891351,
            10.312812
          ],
          [
            123.891379,
            10.312733
          ],
          [
            123.891407,
            10.312655
          ],
          [
            123.891941,
            10.31116
          ],
          [
            123.891976,
            10.311061
          ],
          [
            123.892334,
            10.310061
          ],
          [
            123.892373,
            10.30995
          ],
          [
            123.892455,
            10.30972
          ],
          [
            123.892463,
            10.309677
          ],
          [
            123.892487,
            10.309601
          ],
          [
            123.892521,
            10.309527
          ],
          [
            123.892563,
            10.309459
          ],
          [
            123.892618,
            10.309391
          ],
          [
            123.892695,
            10.309318
          ],
          [
            123.892774,
            10.309264
          ],
          [
            123.89286,
            10.309221
          ],
          [
            123.892884,
            10.309213
          ],
          [
            123.892923,
            10.309199
          ],
          [
            123.892988,
            10.309183
          ],
          [
            123.893055,
            10.309173
          ],
          [
            123.893199,
            10.309133
          ],
          [
            123.893269,
            10.309097
          ],
          [
            123.893308,
            10.309042
          ],
          [
            123.893343,
            10.308979
          ],
          [
            123.893516,
            10.30851
          ],
          [
            123.893551,
            10.30842
          ],
          [
            123.893696,
            10.308026
          ],
          [
            123.893779,
            10.30781
          ],
          [
            123.893892,
            10.307487
          ],
          [
            123.894017,
            10.307137
          ],
          [
            123.894037,
            10.307086
          ],
          [
            123.894063,
            10.30702
          ],
          [
            123.894071,
            10.306998
          ],
          [
            123.894422,
            10.306074
          ],
          [
            123.894552,
            10.3057
          ],
          [
            123.894587,
            10.305594
          ],
          [
            123.894616,
            10.305511
          ],
          [
            123.894693,
            10.305294
          ],
          [
            123.894798,
            10.304997
          ],
          [
            123.894901,
            10.304708
          ],
          [
            123.894945,
            10.304591
          ],
          [
            123.895077,
            10.304202
          ],
          [
            123.895091,
            10.304161
          ],
          [
            123.89524,
            10.303764
          ],
          [
            123.895263,
            10.303698
          ],
          [
            123.895608,
            10.30274
          ],
          [
            123.89564,
            10.302649
          ],
          [
            123.895713,
            10.302437
          ],
          [
            123.895795,
            10.302198
          ],
          [
            123.895828,
            10.302102
          ],
          [
            123.895858,
            10.302008
          ],
          [
            123.89615,
            10.301171
          ],
          [
            123.896243,
            10.300905
          ],
          [
            123.896421,
            10.300413
          ],
          [
            123.896518,
            10.300137
          ],
          [
            123.896628,
            10.299834
          ],
          [
            123.896693,
            10.299661
          ],
          [
            123.896764,
            10.299543
          ],
          [
            123.896815,
            10.299414
          ],
          [
            123.896876,
            10.299244
          ],
          [
            123.896981,
            10.298944
          ],
          [
            123.897,
            10.298893
          ],
          [
            123.897022,
            10.298826
          ],
          [
            123.897029,
            10.298806
          ],
          [
            123.897102,
            10.29861
          ],
          [
            123.897196,
            10.29835
          ],
          [
            123.89723,
            10.29825
          ],
          [
            123.897379,
            10.297824
          ],
          [
            123.897414,
            10.297728
          ],
          [
            123.897512,
            10.297679
          ],
          [
            123.897535,
            10.297632
          ],
          [
            123.897728,
            10.297253
          ],
          [
            123.897784,
            10.297141
          ],
          [
            123.898173,
            10.296414
          ],
          [
            123.898206,
            10.296372
          ],
          [
            123.898236,
            10.296336
          ],
          [
            123.89828,
            10.296302
          ],
          [
            123.89844,
            10.296221
          ],
          [
            123.898524,
            10.296187
          ],
          [
            123.898843,
            10.296038
          ],
          [
            123.89917,
            10.295901
          ],
          [
            123.89941,
            10.295793
          ],
          [
            123.899521,
            10.295745
          ],
          [
            123.899451,
            10.295647
          ],
          [
            123.899267,
            10.295073
          ],
          [
            123.899085,
            10.294469
          ],
          [
            123.899049,
            10.294355
          ],
          [
            123.898787,
            10.293399
          ],
          [
            123.898734,
            10.293219
          ]
        ]
      }
    },
    {
      "type": "Feature",
      "properties": {
        "route_id": "PH-06C",
        "route_name": "06C Guadalupe - Colon",
        "route_type": "PUJ",
        "route_ref": "06C",
        "origin_name": "Origin",
        "destination_name": "Destination",
        "region": "Cebu",
        "province": "Cebu"
      },
      "geometry": {
        "type": "LineString",
        "coordinates": [
          [
            123.883108,
            10.322155
          ],
          [
            123.883234,
            10.322137
          ],
          [
            123.883279,
            10.322098
          ],
          [
            123.883324,
            10.321736
          ],
          [
            123.883395,
            10.321457
          ],
          [
            123.884141,
            10.321608
          ],
          [
            123.884186,
            10.321401
          ],
          [
            123.884187,
            10.321394
          ],
          [
            123.884189,
            10.321388
          ],
          [
            123.88419,
            10.321381
          ],
          [
            123.884214,
            10.321271
          ],
          [
            123.884334,
            10.320718
          ],
          [
            123.884409,
            10.320387
          ],
          [
            123.884422,
            10.320325
          ],
          [
            123.884432,
            10.320274
          ],
          [
            123.884447,
            10.320209
          ],
          [
            123.884543,
            10.319761
          ],
          [
            123.884573,
            10.319625
          ],
          [
            123.884651,
            10.319263
          ],
          [
            123.884797,
            10.318543
          ],
          [
            123.884804,
            10.318507
          ],
          [
            123.884811,
            10.318469
          ],
          [
            123.884821,
            10.318425
          ],
          [
            123.88489,
            10.318095
          ],
          [
            123.885007,
            10.317591
          ],
          [
            123.885093,
            10.31723
          ],
          [
            123.885141,
            10.317047
          ],
          [
            123.885158,
            10.316959
          ],
          [
            123.885198,
            10.316781
          ],
          [
            123.885248,
            10.316569
          ],
          [
            123.885325,
            10.316177
          ],
          [
            123.885358,
            10.316053
          ],
          [
            123.885403,
            10.315826
          ],
          [
            123.885422,
            10.315738
          ],
          [
            123.885504,
            10.315766
          ],
          [
            123.885771,
            10.315865
          ],
          [
            123.885927,
            10.315919
          ],
          [
            123.886463,
            10.316111
          ],
          [
            123.886675,
            10.316187
          ],
          [
            123.886796,
            10.31623
          ],
          [
            123.886908,
            10.31627
          ],
          [
            123.886977,
            10.316292
          ],
          [
            123.887497,
            10.316463
          ],
          [
            123.887909,
            10.316619
          ],
          [
            123.887991,
            10.316644
          ],
          [
            123.888096,
            10.316682
          ],
          [
            123.888379,
            10.316779
          ],
          [
            123.888728,
            10.316893
          ],
          [
            123.889183,
            10.317027
          ],
          [
            123.889292,
            10.317059
          ],
          [
            123.889468,
            10.317095
          ],
          [
            123.889577,
            10.317111
          ],
          [
            123.889647,
            10.317112
          ],
          [
            123.889702,
            10.317103
          ],
          [
            123.889763,
            10.317057
          ],
          [
            123.889802,
            10.317012
          ],
          [
            123.889833,
            10.316952
          ],
          [
            123.889894,
            10.316799
          ],
          [
            123.890153,
            10.316148
          ],
          [
            123.890229,
            10.315955
          ],
          [
            123.890257,
            10.315876
          ],
          [
            123.890696,
            10.314646
          ],
          [
            123.890728,
            10.314557
          ],
          [
            123.89075,
            10.314495
          ],
          [
            123.891106,
            10.313499
          ],
          [
            123.891351,
            10.312812
          ],
          [
            123.891379,
            10.312733
          ],
          [
            123.891407,
            10.312655
          ],
          [
            123.891941,
            10.31116
          ],
          [
            123.891976,
            10.311061
          ],
          [
            123.892334,
            10.310061
          ],
          [
            123.892373,
            10.30995
          ],
          [
            123.892455,
            10.30972
          ],
          [
            123.892463,
            10.309677
          ],
          [
            123.892487,
            10.309601
          ],
          [
            123.892521,
            10.309527
          ],
          [
            123.892563,
            10.309459
          ],
          [
            123.892618,
            10.309391
          ],
          [
            123.892695,
            10.309318
          ],
          [
            123.892774,
            10.309264
          ],
          [
            123.89286,
            10.309221
          ],
          [
            123.892884,
            10.309213
          ],
          [
            123.892923,
            10.309199
          ],
          [
            123.892988,
            10.309183
          ],
          [
            123.893055,
            10.309173
          ],
          [
            123.893199,
            10.309133
          ],
          [
            123.893269,
            10.309097
          ],
          [
            123.893308,
            10.309042
          ],
          [
            123.893343,
            10.308979
          ],
          [
            123.893516,
            10.30851
          ],
          [
            123.893551,
            10.30842
          ],
          [
            123.893696,
            10.308026
          ],
          [
            123.893779,
            10.30781
          ],
          [
            123.893892,
            10.307487
          ],
          [
            123.894017,
            10.307137
          ],
          [
            123.894037,
            10.307086
          ],
          [
            123.894063,
            10.30702
          ],
          [
            123.894071,
            10.306998
          ],
          [
            123.894422,
            10.306074
          ],
          [
            123.894552,
            10.3057
          ],
          [
            123.894587,
            10.305594
          ],
          [
            123.894616,
            10.305511
          ],
          [
            123.894693,
            10.305294
          ],
          [
            123.894798,
            10.304997
          ],
          [
            123.894901,
            10.304708
          ],
          [
            123.894945,
            10.304591
          ],
          [
            123.895077,
            10.304202
          ],
          [
            123.895091,
            10.304161
          ],
          [
            123.89524,
            10.303764
          ],
          [
            123.895263,
            10.303698
          ],
          [
            123.895608,
            10.30274
          ],
          [
            123.89564,
            10.302649
          ],
          [
            123.895713,
            10.302437
          ],
          [
            123.895795,
            10.302198
          ],
          [
            123.895828,
            10.302102
          ],
          [
            123.895858,
            10.302008
          ],
          [
            123.89615,
            10.301171
          ],
          [
            123.896243,
            10.300905
          ],
          [
            123.896421,
            10.300413
          ],
          [
            123.896518,
            10.300137
          ],
          [
            123.896628,
            10.299834
          ],
          [
            123.896693,
            10.299661
          ],
          [
            123.896764,
            10.299543
          ],
          [
            123.896796,
            10.29956
          ],
          [
            123.896868,
            10.299597
          ],
          [
            123.896948,
            10.299639
          ],
          [
            123.897091,
            10.299712
          ],
          [
            123.897409,
            10.299877
          ],
          [
            123.897422,
            10.299884
          ],
          [
            123.897851,
            10.300106
          ],
          [
            123.897949,
            10.300156
          ],
          [
            123.898019,
            10.300194
          ],
          [
            123.898107,
            10.300237
          ],
          [
            123.898639,
            10.300519
          ],
          [
            123.898866,
            10.30064
          ],
          [
            123.898929,
            10.300675
          ],
          [
            123.898957,
            10.300624
          ],
          [
            123.89915,
            10.300261
          ],
          [
            123.899227,
            10.300131
          ],
          [
            123.899438,
            10.299766
          ],
          [
            123.899689,
            10.299353
          ],
          [
            123.899771,
            10.299192
          ],
          [
            123.899915,
            10.298948
          ],
          [
            123.899949,
            10.29888
          ],
          [
            123.900001,
            10.298787
          ],
          [
            123.900153,
            10.298516
          ],
          [
            123.900158,
            10.298507
          ],
          [
            123.900462,
            10.297936
          ],
          [
            123.900639,
            10.297608
          ],
          [
            123.900525,
            10.297571
          ],
          [
            123.900302,
            10.297478
          ],
          [
            123.899929,
            10.297273
          ],
          [
            123.899825,
            10.297208
          ]
        ]
      }
    },
    {
      "type": "Feature",
      "properties": {
        "route_id": "PH-06G",
        "route_name": "06G Taboan - Guadalupe",
        "route_type": "PUJ",
        "route_ref": "06G",
        "origin_name": "Origin",
        "destination_name": "Destination",
        "region": "Cebu",
        "province": "Cebu"
      },
      "geometry": {
        "type": "LineString",
        "coordinates": [
          [
            123.889098,
            10.295118
          ],
          [
            123.889116,
            10.295119
          ],
          [
            123.8893,
            10.29515
          ],
          [
            123.889249,
            10.295419
          ],
          [
            123.889148,
            10.296018
          ],
          [
            123.88914,
            10.296127
          ],
          [
            123.889136,
            10.296179
          ],
          [
            123.889158,
            10.296232
          ],
          [
            123.889133,
            10.296262
          ],
          [
            123.888862,
            10.296576
          ],
          [
            123.888649,
            10.296799
          ],
          [
            123.888617,
            10.296832
          ],
          [
            123.888295,
            10.296767
          ],
          [
            123.887917,
            10.296695
          ],
          [
            123.88757,
            10.296619
          ],
          [
            123.887395,
            10.296577
          ],
          [
            123.887008,
            10.296485
          ],
          [
            123.886987,
            10.296612
          ],
          [
            123.886925,
            10.29699
          ],
          [
            123.886996,
            10.297002
          ],
          [
            123.887245,
            10.297035
          ],
          [
            123.88747,
            10.297064
          ],
          [
            123.887982,
            10.297128
          ],
          [
            123.888216,
            10.297157
          ],
          [
            123.888344,
            10.297175
          ],
          [
            123.888258,
            10.297302
          ],
          [
            123.888238,
            10.297336
          ],
          [
            123.887978,
            10.297791
          ],
          [
            123.887754,
            10.298233
          ],
          [
            123.887624,
            10.298461
          ],
          [
            123.887571,
            10.29856
          ],
          [
            123.88753,
            10.298634
          ],
          [
            123.887435,
            10.29882
          ],
          [
            123.887354,
            10.298977
          ],
          [
            123.887241,
            10.299197
          ],
          [
            123.887198,
            10.299284
          ],
          [
            123.8871,
            10.299464
          ],
          [
            123.88708,
            10.299499
          ],
          [
            123.886957,
            10.299775
          ],
          [
            123.886935,
            10.29982
          ],
          [
            123.886927,
            10.299837
          ],
          [
            123.886855,
            10.299992
          ],
          [
            123.886794,
            10.300122
          ],
          [
            123.886773,
            10.300177
          ],
          [
            123.886739,
            10.300293
          ],
          [
            123.886724,
            10.300351
          ],
          [
            123.886691,
            10.300485
          ],
          [
            123.886684,
            10.300547
          ],
          [
            123.886684,
            10.300566
          ],
          [
            123.886673,
            10.300631
          ],
          [
            123.886662,
            10.300779
          ],
          [
            123.886679,
            10.301425
          ],
          [
            123.886682,
            10.301503
          ],
          [
            123.886691,
            10.301745
          ],
          [
            123.886697,
            10.301892
          ],
          [
            123.886705,
            10.302104
          ],
          [
            123.886706,
            10.302142
          ],
          [
            123.886708,
            10.302178
          ],
          [
            123.886728,
            10.302686
          ],
          [
            123.88673,
            10.302759
          ],
          [
            123.886734,
            10.302948
          ],
          [
            123.886737,
            10.303111
          ],
          [
            123.886744,
            10.303443
          ],
          [
            123.886747,
            10.303529
          ],
          [
            123.886754,
            10.303984
          ],
          [
            123.886713,
            10.30468
          ],
          [
            123.886704,
            10.304768
          ],
          [
            123.886672,
            10.305049
          ],
          [
            123.886661,
            10.305367
          ],
          [
            123.886658,
            10.305621
          ],
          [
            123.886679,
            10.306711
          ],
          [
            123.886686,
            10.306845
          ],
          [
            123.886682,
            10.307759
          ],
          [
            123.886681,
            10.307871
          ],
          [
            123.88668,
            10.307969
          ],
          [
            123.886676,
            10.308026
          ],
          [
            123.886649,
            10.30835
          ],
          [
            123.886628,
            10.308591
          ],
          [
            123.886624,
            10.308666
          ],
          [
            123.886604,
            10.30886
          ],
          [
            123.886593,
            10.308965
          ],
          [
            123.886522,
            10.309528
          ],
          [
            123.886512,
            10.309651
          ],
          [
            123.886491,
            10.309832
          ],
          [
            123.886436,
            10.310287
          ],
          [
            123.886426,
            10.310345
          ],
          [
            123.886344,
            10.311092
          ],
          [
            123.88629,
            10.311478
          ],
          [
            123.886286,
            10.311543
          ],
          [
            123.886263,
            10.311771
          ],
          [
            123.886214,
            10.312078
          ],
          [
            123.886183,
            10.312282
          ],
          [
            123.886151,
            10.312424
          ],
          [
            123.88606,
            10.312862
          ],
          [
            123.886032,
            10.312972
          ],
          [
            123.885958,
            10.313339
          ],
          [
            123.885889,
            10.313645
          ],
          [
            123.885846,
            10.313845
          ],
          [
            123.885751,
            10.314268
          ],
          [
            123.885697,
            10.314514
          ],
          [
            123.885623,
            10.314848
          ],
          [
            123.885579,
            10.31503
          ],
          [
            123.885516,
            10.315331
          ],
          [
            123.885489,
            10.315464
          ],
          [
            123.885481,
            10.315498
          ],
          [
            123.885462,
            10.315576
          ],
          [
            123.885422,
            10.315738
          ],
          [
            123.885403,
            10.315826
          ],
          [
            123.885358,
            10.316053
          ],
          [
            123.885325,
            10.316177
          ],
          [
            123.885248,
            10.316569
          ],
          [
            123.885198,
            10.316781
          ],
          [
            123.885158,
            10.316959
          ],
          [
            123.885141,
            10.317047
          ],
          [
            123.885093,
            10.31723
          ],
          [
            123.885007,
            10.317591
          ],
          [
            123.88489,
            10.318095
          ],
          [
            123.884821,
            10.318425
          ],
          [
            123.884811,
            10.318469
          ],
          [
            123.884804,
            10.318507
          ],
          [
            123.884797,
            10.318543
          ],
          [
            123.884651,
            10.319263
          ],
          [
            123.884573,
            10.319625
          ],
          [
            123.884543,
            10.319761
          ],
          [
            123.884447,
            10.320209
          ],
          [
            123.884432,
            10.320274
          ],
          [
            123.884422,
            10.320325
          ],
          [
            123.884409,
            10.320387
          ],
          [
            123.884334,
            10.320718
          ],
          [
            123.884214,
            10.321271
          ],
          [
            123.88419,
            10.321381
          ],
          [
            123.884189,
            10.321388
          ],
          [
            123.884187,
            10.321394
          ],
          [
            123.884186,
            10.321401
          ],
          [
            123.884141,
            10.321608
          ],
          [
            123.883395,
            10.321457
          ],
          [
            123.883324,
            10.321736
          ],
          [
            123.883279,
            10.322098
          ],
          [
            123.883234,
            10.322137
          ],
          [
            123.883108,
            10.322155
          ]
        ]
      }
    },
    {
      "type": "Feature",
      "properties": {
        "route_id": "PH-07B",
        "route_name": "07B Banawa - Carbon",
        "route_type": "PUJ",
        "route_ref": "07B",
        "origin_name": "Origin",
        "destination_name": "Destination",
        "region": "Cebu",
        "province": "Cebu"
      },
      "geometry": {
        "type": "LineString",
        "coordinates": [
          [
            123.88153,
            10.315249
          ],
          [
            123.881802,
            10.314486
          ],
          [
            123.882083,
            10.314562
          ],
          [
            123.882348,
            10.314629
          ],
          [
            123.882802,
            10.314763
          ],
          [
            123.883096,
            10.314839
          ],
          [
            123.883194,
            10.314865
          ],
          [
            123.883324,
            10.314899
          ],
          [
            123.883505,
            10.314948
          ],
          [
            123.883554,
            10.314967
          ],
          [
            123.883798,
            10.315074
          ],
          [
            123.883989,
            10.315162
          ],
          [
            123.884091,
            10.315223
          ],
          [
            123.884186,
            10.315281
          ],
          [
            123.884216,
            10.315298
          ],
          [
            123.884249,
            10.315317
          ],
          [
            123.884363,
            10.315383
          ],
          [
            123.884448,
            10.315424
          ],
          [
            123.884547,
            10.315472
          ],
          [
            123.884588,
            10.315491
          ],
          [
            123.884715,
            10.315537
          ],
          [
            123.884842,
            10.31557
          ],
          [
            123.884985,
            10.315608
          ],
          [
            123.885292,
            10.315694
          ],
          [
            123.885422,
            10.315738
          ],
          [
            123.885504,
            10.315766
          ],
          [
            123.885771,
            10.315865
          ],
          [
            123.885927,
            10.315919
          ],
          [
            123.886463,
            10.316111
          ],
          [
            123.886675,
            10.316187
          ],
          [
            123.886796,
            10.31623
          ],
          [
            123.886908,
            10.31627
          ],
          [
            123.886977,
            10.316292
          ],
          [
            123.887497,
            10.316463
          ],
          [
            123.887909,
            10.316619
          ],
          [
            123.887991,
            10.316644
          ],
          [
            123.888096,
            10.316682
          ],
          [
            123.888379,
            10.316779
          ],
          [
            123.888728,
            10.316893
          ],
          [
            123.889183,
            10.317027
          ],
          [
            123.889292,
            10.317059
          ],
          [
            123.889468,
            10.317095
          ],
          [
            123.889577,
            10.317111
          ],
          [
            123.889647,
            10.317112
          ],
          [
            123.889702,
            10.317103
          ],
          [
            123.889763,
            10.317057
          ],
          [
            123.889802,
            10.317012
          ],
          [
            123.889833,
            10.316952
          ],
          [
            123.889894,
            10.316799
          ],
          [
            123.890153,
            10.316148
          ],
          [
            123.890229,
            10.315955
          ],
          [
            123.890257,
            10.315876
          ],
          [
            123.890696,
            10.314646
          ],
          [
            123.890728,
            10.314557
          ],
          [
            123.89075,
            10.314495
          ],
          [
            123.891106,
            10.313499
          ],
          [
            123.891351,
            10.312812
          ],
          [
            123.891379,
            10.312733
          ],
          [
            123.891407,
            10.312655
          ],
          [
            123.891941,
            10.31116
          ],
          [
            123.891976,
            10.311061
          ],
          [
            123.892334,
            10.310061
          ],
          [
            123.892373,
            10.30995
          ],
          [
            123.892455,
            10.30972
          ],
          [
            123.892463,
            10.309677
          ],
          [
            123.892487,
            10.309601
          ],
          [
            123.892521,
            10.309527
          ],
          [
            123.892563,
            10.309459
          ],
          [
            123.892618,
            10.309391
          ],
          [
            123.892695,
            10.309318
          ],
          [
            123.892774,
            10.309264
          ],
          [
            123.89286,
            10.309221
          ],
          [
            123.892884,
            10.309213
          ],
          [
            123.892923,
            10.309199
          ],
          [
            123.892988,
            10.309183
          ],
          [
            123.893055,
            10.309173
          ],
          [
            123.893199,
            10.309133
          ],
          [
            123.893269,
            10.309097
          ],
          [
            123.893308,
            10.309042
          ],
          [
            123.893343,
            10.308979
          ],
          [
            123.893516,
            10.30851
          ],
          [
            123.893551,
            10.30842
          ],
          [
            123.893696,
            10.308026
          ],
          [
            123.893779,
            10.30781
          ],
          [
            123.893892,
            10.307487
          ],
          [
            123.894017,
            10.307137
          ],
          [
            123.894037,
            10.307086
          ],
          [
            123.894063,
            10.30702
          ],
          [
            123.894071,
            10.306998
          ],
          [
            123.894422,
            10.306074
          ],
          [
            123.894552,
            10.3057
          ],
          [
            123.894587,
            10.305594
          ],
          [
            123.894616,
            10.305511
          ],
          [
            123.894693,
            10.305294
          ],
          [
            123.894798,
            10.304997
          ],
          [
            123.894901,
            10.304708
          ],
          [
            123.894945,
            10.304591
          ],
          [
            123.895077,
            10.304202
          ],
          [
            123.895091,
            10.304161
          ],
          [
            123.89524,
            10.303764
          ],
          [
            123.895263,
            10.303698
          ],
          [
            123.895608,
            10.30274
          ],
          [
            123.89564,
            10.302649
          ],
          [
            123.895713,
            10.302437
          ],
          [
            123.895795,
            10.302198
          ],
          [
            123.895828,
            10.302102
          ],
          [
            123.895858,
            10.302008
          ],
          [
            123.89615,
            10.301171
          ],
          [
            123.896243,
            10.300905
          ],
          [
            123.896421,
            10.300413
          ],
          [
            123.896518,
            10.300137
          ],
          [
            123.896628,
            10.299834
          ],
          [
            123.896693,
            10.299661
          ],
          [
            123.896764,
            10.299543
          ],
          [
            123.896815,
            10.299414
          ],
          [
            123.896876,
            10.299244
          ],
          [
            123.896981,
            10.298944
          ],
          [
            123.897,
            10.298893
          ],
          [
            123.897022,
            10.298826
          ],
          [
            123.897029,
            10.298806
          ],
          [
            123.897102,
            10.29861
          ],
          [
            123.897196,
            10.29835
          ],
          [
            123.89723,
            10.29825
          ],
          [
            123.897379,
            10.297824
          ],
          [
            123.897414,
            10.297728
          ],
          [
            123.897512,
            10.297679
          ],
          [
            123.897535,
            10.297632
          ],
          [
            123.897728,
            10.297253
          ],
          [
            123.897784,
            10.297141
          ],
          [
            123.898173,
            10.296414
          ],
          [
            123.898206,
            10.296372
          ],
          [
            123.898236,
            10.296336
          ],
          [
            123.89828,
            10.296302
          ],
          [
            123.89844,
            10.296221
          ],
          [
            123.898524,
            10.296187
          ],
          [
            123.898843,
            10.296038
          ],
          [
            123.89917,
            10.295901
          ],
          [
            123.89941,
            10.295793
          ],
          [
            123.899521,
            10.295745
          ],
          [
            123.899451,
            10.295647
          ],
          [
            123.899267,
            10.295073
          ],
          [
            123.899085,
            10.294469
          ],
          [
            123.899049,
            10.294355
          ],
          [
            123.898787,
            10.293399
          ],
          [
            123.898734,
            10.293219
          ]
        ]
      }
    },
    {
      "type": "Feature",
      "properties": {
        "route_id": "PH-08G",
        "route_name": "08G Alumnos - Colon",
        "route_type": "PUJ",
        "route_ref": "08G",
        "origin_name": "Origin",
        "destination_name": "Destination",
        "region": "Cebu",
        "province": "Cebu"
      },
      "geometry": {
        "type": "LineString",
        "coordinates": [
          [
            123.880506,
            10.284743
          ],
          [
            123.880419,
            10.284883
          ],
          [
            123.880362,
            10.285006
          ],
          [
            123.880301,
            10.285164
          ],
          [
            123.880194,
            10.285531
          ],
          [
            123.88017,
            10.285624
          ],
          [
            123.880143,
            10.285726
          ],
          [
            123.88012,
            10.285808
          ],
          [
            123.88009,
            10.285921
          ],
          [
            123.88007,
            10.285997
          ],
          [
            123.879894,
            10.286618
          ],
          [
            123.87988,
            10.286661
          ],
          [
            123.879803,
            10.286855
          ],
          [
            123.879761,
            10.286954
          ],
          [
            123.879551,
            10.287383
          ],
          [
            123.879384,
            10.287725
          ],
          [
            123.879135,
            10.288243
          ],
          [
            123.879056,
            10.288403
          ],
          [
            123.878849,
            10.28883
          ],
          [
            123.87877,
            10.288997
          ],
          [
            123.878744,
            10.289051
          ],
          [
            123.878698,
            10.289145
          ],
          [
            123.878622,
            10.289273
          ],
          [
            123.878551,
            10.289362
          ],
          [
            123.878439,
            10.289487
          ],
          [
            123.878256,
            10.28969
          ],
          [
            123.878211,
            10.289752
          ],
          [
            123.878176,
            10.289804
          ],
          [
            123.878147,
            10.289844
          ],
          [
            123.877998,
            10.290076
          ],
          [
            123.877574,
            10.290764
          ],
          [
            123.877325,
            10.291088
          ],
          [
            123.87761,
            10.291277
          ],
          [
            123.877645,
            10.291306
          ],
          [
            123.878032,
            10.291576
          ],
          [
            123.878844,
            10.292184
          ],
          [
            123.878967,
            10.292272
          ],
          [
            123.879203,
            10.292502
          ],
          [
            123.879342,
            10.292637
          ],
          [
            123.87959,
            10.292803
          ],
          [
            123.879633,
            10.292838
          ],
          [
            123.879726,
            10.2929
          ],
          [
            123.880086,
            10.29316
          ],
          [
            123.88024,
            10.293268
          ],
          [
            123.880435,
            10.293413
          ],
          [
            123.880529,
            10.293444
          ],
          [
            123.880617,
            10.293471
          ],
          [
            123.880641,
            10.293487
          ],
          [
            123.880964,
            10.293707
          ],
          [
            123.881032,
            10.293754
          ],
          [
            123.881283,
            10.293929
          ],
          [
            123.881442,
            10.294046
          ],
          [
            123.881532,
            10.294112
          ],
          [
            123.881654,
            10.294196
          ],
          [
            123.882271,
            10.294632
          ],
          [
            123.882535,
            10.294816
          ],
          [
            123.882686,
            10.294922
          ],
          [
            123.882707,
            10.294938
          ],
          [
            123.882788,
            10.295
          ],
          [
            123.882849,
            10.295044
          ],
          [
            123.883405,
            10.295439
          ],
          [
            123.883427,
            10.295455
          ],
          [
            123.883607,
            10.295585
          ],
          [
            123.883715,
            10.295657
          ],
          [
            123.883922,
            10.295804
          ],
          [
            123.884109,
            10.295922
          ],
          [
            123.884398,
            10.29609
          ],
          [
            123.884694,
            10.296252
          ],
          [
            123.885148,
            10.296466
          ],
          [
            123.885501,
            10.296607
          ],
          [
            123.885732,
            10.296677
          ],
          [
            123.885818,
            10.296704
          ],
          [
            123.885895,
            10.296729
          ],
          [
            123.886136,
            10.296805
          ],
          [
            123.886473,
            10.296893
          ],
          [
            123.886708,
            10.296949
          ],
          [
            123.88677,
            10.29696
          ],
          [
            123.886925,
            10.29699
          ],
          [
            123.886996,
            10.297002
          ],
          [
            123.887245,
            10.297035
          ],
          [
            123.88747,
            10.297064
          ],
          [
            123.887982,
            10.297128
          ],
          [
            123.888216,
            10.297157
          ],
          [
            123.888344,
            10.297175
          ],
          [
            123.888456,
            10.29719
          ],
          [
            123.888984,
            10.297249
          ],
          [
            123.889413,
            10.297296
          ],
          [
            123.889527,
            10.297309
          ],
          [
            123.889661,
            10.297323
          ],
          [
            123.890079,
            10.297394
          ],
          [
            123.890311,
            10.297447
          ],
          [
            123.890538,
            10.297509
          ],
          [
            123.89083,
            10.297609
          ],
          [
            123.891463,
            10.297903
          ],
          [
            123.891547,
            10.297944
          ],
          [
            123.891617,
            10.297975
          ],
          [
            123.891774,
            10.298057
          ],
          [
            123.891872,
            10.298108
          ],
          [
            123.892037,
            10.298179
          ],
          [
            123.892124,
            10.298216
          ],
          [
            123.892132,
            10.298219
          ],
          [
            123.892219,
            10.298254
          ],
          [
            123.892334,
            10.298283
          ],
          [
            123.892432,
            10.298306
          ],
          [
            123.892526,
            10.298326
          ],
          [
            123.892774,
            10.298374
          ],
          [
            123.8929,
            10.298393
          ],
          [
            123.893124,
            10.29842
          ],
          [
            123.893487,
            10.298456
          ],
          [
            123.893511,
            10.298458
          ],
          [
            123.893644,
            10.298469
          ],
          [
            123.894435,
            10.298553
          ],
          [
            123.89498,
            10.298614
          ],
          [
            123.895237,
            10.298651
          ],
          [
            123.895263,
            10.298653
          ],
          [
            123.895292,
            10.298655
          ],
          [
            123.895313,
            10.298656
          ],
          [
            123.895339,
            10.298655
          ],
          [
            123.895362,
            10.298654
          ],
          [
            123.895386,
            10.298651
          ],
          [
            123.895414,
            10.298646
          ],
          [
            123.895444,
            10.298638
          ],
          [
            123.895468,
            10.298631
          ],
          [
            123.895492,
            10.298622
          ],
          [
            123.895522,
            10.298607
          ],
          [
            123.895549,
            10.298591
          ],
          [
            123.895578,
            10.298572
          ],
          [
            123.895601,
            10.298554
          ],
          [
            123.895627,
            10.298532
          ],
          [
            123.895658,
            10.298501
          ],
          [
            123.89581,
            10.297982
          ],
          [
            123.895981,
            10.297383
          ],
          [
            123.896001,
            10.297312
          ],
          [
            123.896488,
            10.295645
          ],
          [
            123.89654,
            10.295463
          ],
          [
            123.896739,
            10.295563
          ],
          [
            123.897326,
            10.295823
          ],
          [
            123.897929,
            10.296109
          ],
          [
            123.898071,
            10.296182
          ],
          [
            123.898191,
            10.296251
          ],
          [
            123.89828,
            10.296302
          ],
          [
            123.898425,
            10.296389
          ],
          [
            123.898535,
            10.296452
          ],
          [
            123.898622,
            10.296502
          ],
          [
            123.89897,
            10.2967
          ],
          [
            123.899045,
            10.296738
          ],
          [
            123.899204,
            10.296823
          ],
          [
            123.899331,
            10.296895
          ],
          [
            123.899577,
            10.297053
          ],
          [
            123.899607,
            10.29707
          ],
          [
            123.899825,
            10.297208
          ]
        ]
      }
    },
    {
      "type": "Feature",
      "properties": {
        "route_id": "PH-09C",
        "route_name": "09C Basak - Colon",
        "route_type": "PUJ",
        "route_ref": "09C",
        "origin_name": "Origin",
        "destination_name": "Destination",
        "region": "Cebu",
        "province": "Cebu"
      },
      "geometry": {
        "type": "LineString",
        "coordinates": [
          [
            123.875972,
            10.288344
          ],
          [
            123.875885,
            10.2883
          ],
          [
            123.875543,
            10.288144
          ],
          [
            123.875416,
            10.288079
          ],
          [
            123.875302,
            10.288045
          ],
          [
            123.875177,
            10.288021
          ],
          [
            123.875088,
            10.288025
          ],
          [
            123.87502,
            10.288029
          ],
          [
            123.874963,
            10.28802
          ],
          [
            123.874672,
            10.287924
          ],
          [
            123.874639,
            10.288049
          ],
          [
            123.87449,
            10.288571
          ],
          [
            123.874415,
            10.288824
          ],
          [
            123.874352,
            10.289057
          ],
          [
            123.875174,
            10.289631
          ],
          [
            123.875562,
            10.289906
          ],
          [
            123.876006,
            10.29023
          ],
          [
            123.876146,
            10.290326
          ],
          [
            123.876199,
            10.290357
          ],
          [
            123.876267,
            10.290391
          ],
          [
            123.876316,
            10.290413
          ],
          [
            123.876506,
            10.290493
          ],
          [
            123.876765,
            10.290594
          ],
          [
            123.876895,
            10.290623
          ],
          [
            123.877049,
            10.290653
          ],
          [
            123.877467,
            10.290741
          ],
          [
            123.877574,
            10.290764
          ],
          [
            123.877692,
            10.290786
          ],
          [
            123.878315,
            10.290907
          ],
          [
            123.878803,
            10.291008
          ],
          [
            123.879494,
            10.291189
          ],
          [
            123.879553,
            10.291207
          ],
          [
            123.880113,
            10.291353
          ],
          [
            123.880485,
            10.29146
          ],
          [
            123.880768,
            10.291533
          ],
          [
            123.880941,
            10.291585
          ],
          [
            123.881117,
            10.291636
          ],
          [
            123.881784,
            10.291859
          ],
          [
            123.881897,
            10.291893
          ],
          [
            123.882194,
            10.291981
          ],
          [
            123.882431,
            10.292046
          ],
          [
            123.882842,
            10.29217
          ],
          [
            123.883588,
            10.292369
          ],
          [
            123.883635,
            10.292382
          ],
          [
            123.883691,
            10.292395
          ],
          [
            123.883911,
            10.292455
          ],
          [
            123.884241,
            10.292548
          ],
          [
            123.884597,
            10.292639
          ],
          [
            123.884657,
            10.292655
          ],
          [
            123.884869,
            10.29271
          ],
          [
            123.885147,
            10.292783
          ],
          [
            123.88534,
            10.292824
          ],
          [
            123.885779,
            10.292922
          ],
          [
            123.885941,
            10.292958
          ],
          [
            123.886227,
            10.293019
          ],
          [
            123.886343,
            10.293043
          ],
          [
            123.886823,
            10.293143
          ],
          [
            123.886932,
            10.293166
          ],
          [
            123.887036,
            10.293187
          ],
          [
            123.886929,
            10.293711
          ],
          [
            123.886884,
            10.293967
          ],
          [
            123.886807,
            10.294402
          ],
          [
            123.887648,
            10.29452
          ],
          [
            123.888111,
            10.294585
          ],
          [
            123.888159,
            10.294591
          ],
          [
            123.888367,
            10.294615
          ],
          [
            123.888511,
            10.294632
          ],
          [
            123.888847,
            10.294674
          ],
          [
            123.889372,
            10.29473
          ],
          [
            123.889851,
            10.294782
          ],
          [
            123.890512,
            10.29488
          ],
          [
            123.890617,
            10.294899
          ],
          [
            123.890903,
            10.294942
          ],
          [
            123.891234,
            10.294979
          ],
          [
            123.891243,
            10.29498
          ],
          [
            123.891535,
            10.295008
          ],
          [
            123.891665,
            10.29502
          ],
          [
            123.891731,
            10.295018
          ],
          [
            123.891814,
            10.295009
          ],
          [
            123.892448,
            10.295103
          ],
          [
            123.892901,
            10.29517
          ],
          [
            123.892941,
            10.295101
          ],
          [
            123.892979,
            10.295034
          ],
          [
            123.893036,
            10.294947
          ],
          [
            123.893301,
            10.294451
          ],
          [
            123.893349,
            10.294376
          ],
          [
            123.893421,
            10.29428
          ],
          [
            123.893553,
            10.294311
          ],
          [
            123.893773,
            10.294393
          ],
          [
            123.894016,
            10.294481
          ],
          [
            123.894154,
            10.294526
          ],
          [
            123.894275,
            10.294569
          ],
          [
            123.894344,
            10.294594
          ],
          [
            123.894923,
            10.294801
          ],
          [
            123.895272,
            10.294927
          ],
          [
            123.895378,
            10.294972
          ],
          [
            123.895674,
            10.29509
          ],
          [
            123.895918,
            10.295187
          ],
          [
            123.896056,
            10.295249
          ],
          [
            123.896333,
            10.295357
          ],
          [
            123.89654,
            10.295463
          ],
          [
            123.896739,
            10.295563
          ],
          [
            123.897326,
            10.295823
          ],
          [
            123.897929,
            10.296109
          ],
          [
            123.898071,
            10.296182
          ],
          [
            123.898191,
            10.296251
          ],
          [
            123.89828,
            10.296302
          ],
          [
            123.898425,
            10.296389
          ],
          [
            123.898535,
            10.296452
          ],
          [
            123.898622,
            10.296502
          ],
          [
            123.89897,
            10.2967
          ],
          [
            123.899045,
            10.296738
          ],
          [
            123.899204,
            10.296823
          ],
          [
            123.899331,
            10.296895
          ],
          [
            123.899577,
            10.297053
          ],
          [
            123.899607,
            10.29707
          ],
          [
            123.899825,
            10.297208
          ]
        ]
      }
    },
    {
      "type": "Feature",
      "properties": {
        "route_id": "PH-10H",
        "route_name": "10H Bulacao - SM",
        "route_type": "PUJ",
        "route_ref": "10H",
        "origin_name": "Origin",
        "destination_name": "Destination",
        "region": "Cebu",
        "province": "Cebu"
      },
      "geometry": {
        "type": "LineString",
        "coordinates": [
          [
            123.856082,
            10.278149
          ],
          [
            123.856172,
            10.278181
          ],
          [
            123.856507,
            10.277805
          ],
          [
            123.857099,
            10.277125
          ],
          [
            123.85735,
            10.276888
          ],
          [
            123.857379,
            10.277196
          ],
          [
            123.857446,
            10.277708
          ],
          [
            123.857482,
            10.277987
          ],
          [
            123.857505,
            10.278167
          ],
          [
            123.857514,
            10.278228
          ],
          [
            123.857545,
            10.27844
          ],
          [
            123.857642,
            10.279103
          ],
          [
            123.856964,
            10.279715
          ],
          [
            123.856897,
            10.279784
          ],
          [
            123.856648,
            10.280028
          ],
          [
            123.856424,
            10.280235
          ],
          [
            123.856205,
            10.280444
          ],
          [
            123.856235,
            10.280478
          ],
          [
            123.856631,
            10.280937
          ],
          [
            123.856891,
            10.281218
          ],
          [
            123.856982,
            10.281317
          ],
          [
            123.857027,
            10.281366
          ],
          [
            123.857887,
            10.282341
          ],
          [
            123.858029,
            10.282506
          ],
          [
            123.858056,
            10.282535
          ],
          [
            123.858159,
            10.282648
          ],
          [
            123.858268,
            10.282711
          ],
          [
            123.858511,
            10.283015
          ],
          [
            123.858577,
            10.283092
          ],
          [
            123.858684,
            10.283211
          ],
          [
            123.858815,
            10.283358
          ],
          [
            123.859011,
            10.283576
          ],
          [
            123.859739,
            10.284418
          ],
          [
            123.859999,
            10.284729
          ],
          [
            123.860029,
            10.284764
          ],
          [
            123.860113,
            10.28486
          ],
          [
            123.860405,
            10.285192
          ],
          [
            123.860505,
            10.285307
          ],
          [
            123.860724,
            10.285556
          ],
          [
            123.861061,
            10.28594
          ],
          [
            123.861468,
            10.286387
          ],
          [
            123.861522,
            10.286447
          ],
          [
            123.861699,
            10.28662
          ],
          [
            123.861906,
            10.286784
          ],
          [
            123.862195,
            10.286998
          ],
          [
            123.862408,
            10.287134
          ],
          [
            123.862536,
            10.287201
          ],
          [
            123.862719,
            10.287297
          ],
          [
            123.862827,
            10.28735
          ],
          [
            123.862931,
            10.2874
          ],
          [
            123.862982,
            10.287425
          ],
          [
            123.863044,
            10.28745
          ],
          [
            123.863156,
            10.287496
          ],
          [
            123.86328,
            10.287552
          ],
          [
            123.863903,
            10.28781
          ],
          [
            123.864635,
            10.288125
          ],
          [
            123.86475,
            10.288172
          ],
          [
            123.864831,
            10.288206
          ],
          [
            123.865115,
            10.288333
          ],
          [
            123.865241,
            10.288389
          ],
          [
            123.865377,
            10.288439
          ],
          [
            123.865804,
            10.288591
          ],
          [
            123.866154,
            10.288703
          ],
          [
            123.866244,
            10.288732
          ],
          [
            123.866392,
            10.28877
          ],
          [
            123.866682,
            10.288843
          ],
          [
            123.86737,
            10.289013
          ],
          [
            123.867401,
            10.28902
          ],
          [
            123.867681,
            10.289095
          ],
          [
            123.867718,
            10.289105
          ],
          [
            123.867801,
            10.28913
          ],
          [
            123.868163,
            10.289269
          ],
          [
            123.869451,
            10.289595
          ],
          [
            123.869719,
            10.28967
          ],
          [
            123.870102,
            10.289742
          ],
          [
            123.870543,
            10.28978
          ],
          [
            123.871097,
            10.289804
          ],
          [
            123.871293,
            10.289809
          ],
          [
            123.871702,
            10.289822
          ],
          [
            123.872431,
            10.28984
          ],
          [
            123.872739,
            10.289868
          ],
          [
            123.873001,
            10.28986
          ],
          [
            123.87369,
            10.289981
          ],
          [
            123.874165,
            10.290062
          ],
          [
            123.875128,
            10.290231
          ],
          [
            123.875349,
            10.29027
          ],
          [
            123.875878,
            10.290408
          ],
          [
            123.876172,
            10.290493
          ],
          [
            123.876395,
            10.290576
          ],
          [
            123.876667,
            10.290719
          ],
          [
            123.87708,
            10.291016
          ],
          [
            123.877312,
            10.291181
          ],
          [
            123.877531,
            10.291334
          ],
          [
            123.877963,
            10.291634
          ],
          [
            123.878919,
            10.29233
          ],
          [
            123.879194,
            10.29253
          ],
          [
            123.879342,
            10.292637
          ],
          [
            123.87959,
            10.292803
          ],
          [
            123.879633,
            10.292838
          ],
          [
            123.879726,
            10.2929
          ],
          [
            123.880086,
            10.29316
          ],
          [
            123.88024,
            10.293268
          ],
          [
            123.880435,
            10.293413
          ],
          [
            123.880529,
            10.293444
          ],
          [
            123.880617,
            10.293471
          ],
          [
            123.880641,
            10.293487
          ],
          [
            123.880964,
            10.293707
          ],
          [
            123.881032,
            10.293754
          ],
          [
            123.881283,
            10.293929
          ],
          [
            123.881442,
            10.294046
          ],
          [
            123.881532,
            10.294112
          ],
          [
            123.881654,
            10.294196
          ],
          [
            123.882271,
            10.294632
          ],
          [
            123.882535,
            10.294816
          ],
          [
            123.882686,
            10.294922
          ],
          [
            123.882707,
            10.294938
          ],
          [
            123.882788,
            10.295
          ],
          [
            123.882849,
            10.295044
          ],
          [
            123.883405,
            10.295439
          ],
          [
            123.883427,
            10.295455
          ],
          [
            123.883607,
            10.295585
          ],
          [
            123.883715,
            10.295657
          ],
          [
            123.883922,
            10.295804
          ],
          [
            123.884109,
            10.295922
          ],
          [
            123.884398,
            10.29609
          ],
          [
            123.884694,
            10.296252
          ],
          [
            123.885148,
            10.296466
          ],
          [
            123.885501,
            10.296607
          ],
          [
            123.885732,
            10.296677
          ],
          [
            123.885818,
            10.296704
          ],
          [
            123.885895,
            10.296729
          ],
          [
            123.886136,
            10.296805
          ],
          [
            123.886473,
            10.296893
          ],
          [
            123.886708,
            10.296949
          ],
          [
            123.88677,
            10.29696
          ],
          [
            123.886925,
            10.29699
          ],
          [
            123.886996,
            10.297002
          ],
          [
            123.887245,
            10.297035
          ],
          [
            123.88747,
            10.297064
          ],
          [
            123.887982,
            10.297128
          ],
          [
            123.888216,
            10.297157
          ],
          [
            123.888344,
            10.297175
          ],
          [
            123.888456,
            10.29719
          ],
          [
            123.888984,
            10.297249
          ],
          [
            123.889413,
            10.297296
          ],
          [
            123.889527,
            10.297309
          ],
          [
            123.889661,
            10.297323
          ],
          [
            123.890079,
            10.297394
          ],
          [
            123.890311,
            10.297447
          ],
          [
            123.890538,
            10.297509
          ],
          [
            123.89083,
            10.297609
          ],
          [
            123.891463,
            10.297903
          ],
          [
            123.891547,
            10.297944
          ],
          [
            123.891617,
            10.297975
          ],
          [
            123.891774,
            10.298057
          ],
          [
            123.891872,
            10.298108
          ],
          [
            123.892037,
            10.298179
          ],
          [
            123.892124,
            10.298216
          ],
          [
            123.892132,
            10.298219
          ],
          [
            123.892219,
            10.298254
          ],
          [
            123.892334,
            10.298283
          ],
          [
            123.892432,
            10.298306
          ],
          [
            123.892526,
            10.298326
          ],
          [
            123.892774,
            10.298374
          ],
          [
            123.8929,
            10.298393
          ],
          [
            123.893124,
            10.29842
          ],
          [
            123.893487,
            10.298456
          ],
          [
            123.893511,
            10.298458
          ],
          [
            123.893644,
            10.298469
          ],
          [
            123.894435,
            10.298553
          ],
          [
            123.89498,
            10.298614
          ],
          [
            123.895092,
            10.298645
          ],
          [
            123.895129,
            10.298657
          ],
          [
            123.895227,
            10.298691
          ],
          [
            123.895285,
            10.298715
          ],
          [
            123.895349,
            10.298742
          ],
          [
            123.895543,
            10.298855
          ],
          [
            123.895586,
            10.298942
          ],
          [
            123.895636,
            10.298962
          ],
          [
            123.895859,
            10.299069
          ],
          [
            123.89599,
            10.299133
          ],
          [
            123.89638,
            10.299346
          ],
          [
            123.896477,
            10.299397
          ],
          [
            123.896493,
            10.299405
          ],
          [
            123.896688,
            10.299504
          ],
          [
            123.896764,
            10.299543
          ],
          [
            123.896796,
            10.29956
          ],
          [
            123.896868,
            10.299597
          ],
          [
            123.896948,
            10.299639
          ],
          [
            123.897091,
            10.299712
          ],
          [
            123.897409,
            10.299877
          ],
          [
            123.897422,
            10.299884
          ],
          [
            123.897851,
            10.300106
          ],
          [
            123.897949,
            10.300156
          ],
          [
            123.898019,
            10.300194
          ],
          [
            123.898107,
            10.300237
          ],
          [
            123.898639,
            10.300519
          ],
          [
            123.898866,
            10.30064
          ],
          [
            123.898929,
            10.300675
          ],
          [
            123.899013,
            10.300723
          ],
          [
            123.899186,
            10.300821
          ],
          [
            123.899246,
            10.300855
          ],
          [
            123.899691,
            10.301089
          ],
          [
            123.900277,
            10.301409
          ],
          [
            123.90042,
            10.301436
          ],
          [
            123.900613,
            10.301514
          ],
          [
            123.900755,
            10.301561
          ],
          [
            123.900834,
            10.301585
          ],
          [
            123.900934,
            10.301614
          ],
          [
            123.901051,
            10.301648
          ],
          [
            123.901327,
            10.301722
          ],
          [
            123.901517,
            10.301773
          ],
          [
            123.901757,
            10.301839
          ],
          [
            123.901773,
            10.301844
          ],
          [
            123.901908,
            10.301854
          ],
          [
            123.902102,
            10.301867
          ],
          [
            123.902256,
            10.301824
          ],
          [
            123.902362,
            10.301651
          ],
          [
            123.902504,
            10.301671
          ],
          [
            123.902658,
            10.301683
          ],
          [
            123.902943,
            10.301698
          ],
          [
            123.903455,
            10.301741
          ],
          [
            123.903718,
            10.301754
          ],
          [
            123.90382,
            10.301753
          ],
          [
            123.903899,
            10.301757
          ],
          [
            123.904039,
            10.301769
          ],
          [
            123.9046,
            10.301803
          ],
          [
            123.905447,
            10.301864
          ],
          [
            123.905524,
            10.301865
          ],
          [
            123.905807,
            10.301883
          ],
          [
            123.906318,
            10.30191
          ],
          [
            123.906486,
            10.301919
          ],
          [
            123.906568,
            10.301923
          ],
          [
            123.906645,
            10.301926
          ],
          [
            123.907323,
            10.301958
          ],
          [
            123.907908,
            10.301948
          ],
          [
            123.908327,
            10.30193
          ],
          [
            123.908465,
            10.30193
          ],
          [
            123.908545,
            10.301929
          ],
          [
            123.908976,
            10.301913
          ],
          [
            123.909699,
            10.3019
          ],
          [
            123.909907,
            10.301876
          ],
          [
            123.910081,
            10.301812
          ],
          [
            123.910189,
            10.301723
          ],
          [
            123.910244,
            10.301664
          ],
          [
            123.910282,
            10.301609
          ],
          [
            123.910347,
            10.301673
          ],
          [
            123.910431,
            10.301747
          ],
          [
            123.910765,
            10.302018
          ],
          [
            123.91086,
            10.302095
          ],
          [
            123.911244,
            10.302406
          ],
          [
            123.911383,
            10.302524
          ],
          [
            123.912427,
            10.303335
          ],
          [
            123.912625,
            10.303489
          ],
          [
            123.912699,
            10.30355
          ],
          [
            123.912795,
            10.303631
          ],
          [
            123.912882,
            10.303701
          ],
          [
            123.913863,
            10.304493
          ],
          [
            123.915248,
            10.305616
          ],
          [
            123.915781,
            10.306052
          ],
          [
            123.915858,
            10.306116
          ],
          [
            123.916526,
            10.306661
          ],
          [
            123.917221,
            10.307231
          ],
          [
            123.918846,
            10.308552
          ],
          [
            123.919049,
            10.308716
          ],
          [
            123.919132,
            10.308783
          ],
          [
            123.919223,
            10.30886
          ],
          [
            123.919141,
            10.308953
          ],
          [
            123.919069,
            10.309037
          ],
          [
            123.91862,
            10.309582
          ],
          [
            123.918573,
            10.309639
          ],
          [
            123.918337,
            10.309915
          ],
          [
            123.918386,
            10.309955
          ],
          [
            123.918558,
            10.310095
          ],
          [
            123.918484,
            10.310189
          ],
          [
            123.918017,
            10.310749
          ],
          [
            123.917918,
            10.310869
          ],
          [
            123.917875,
            10.310922
          ],
          [
            123.917716,
            10.311115
          ]
        ]
      }
    },
    {
      "type": "Feature",
      "properties": {
        "route_id": "PH-10M",
        "route_name": "10M Bulacao - SM (via Ayala)",
        "route_type": "PUJ",
        "route_ref": "10M",
        "origin_name": "Origin",
        "destination_name": "Destination",
        "region": "Cebu",
        "province": "Cebu"
      },
      "geometry": {
        "type": "LineString",
        "coordinates": [
          [
            123.856082,
            10.278149
          ],
          [
            123.856172,
            10.278181
          ],
          [
            123.856507,
            10.277805
          ],
          [
            123.857099,
            10.277125
          ],
          [
            123.85735,
            10.276888
          ],
          [
            123.857379,
            10.277196
          ],
          [
            123.857446,
            10.277708
          ],
          [
            123.857482,
            10.277987
          ],
          [
            123.857505,
            10.278167
          ],
          [
            123.857514,
            10.278228
          ],
          [
            123.857545,
            10.27844
          ],
          [
            123.857642,
            10.279103
          ],
          [
            123.856964,
            10.279715
          ],
          [
            123.856897,
            10.279784
          ],
          [
            123.856648,
            10.280028
          ],
          [
            123.856424,
            10.280235
          ],
          [
            123.856205,
            10.280444
          ],
          [
            123.856235,
            10.280478
          ],
          [
            123.856631,
            10.280937
          ],
          [
            123.856891,
            10.281218
          ],
          [
            123.856982,
            10.281317
          ],
          [
            123.857027,
            10.281366
          ],
          [
            123.857887,
            10.282341
          ],
          [
            123.858029,
            10.282506
          ],
          [
            123.858056,
            10.282535
          ],
          [
            123.858159,
            10.282648
          ],
          [
            123.858268,
            10.282711
          ],
          [
            123.858511,
            10.283015
          ],
          [
            123.858577,
            10.283092
          ],
          [
            123.858684,
            10.283211
          ],
          [
            123.858815,
            10.283358
          ],
          [
            123.859011,
            10.283576
          ],
          [
            123.859739,
            10.284418
          ],
          [
            123.859999,
            10.284729
          ],
          [
            123.860029,
            10.284764
          ],
          [
            123.860113,
            10.28486
          ],
          [
            123.860405,
            10.285192
          ],
          [
            123.860505,
            10.285307
          ],
          [
            123.860724,
            10.285556
          ],
          [
            123.861061,
            10.28594
          ],
          [
            123.861468,
            10.286387
          ],
          [
            123.861522,
            10.286447
          ],
          [
            123.861699,
            10.28662
          ],
          [
            123.861906,
            10.286784
          ],
          [
            123.862195,
            10.286998
          ],
          [
            123.862408,
            10.287134
          ],
          [
            123.862536,
            10.287201
          ],
          [
            123.862719,
            10.287297
          ],
          [
            123.862827,
            10.28735
          ],
          [
            123.862931,
            10.2874
          ],
          [
            123.862982,
            10.287425
          ],
          [
            123.863044,
            10.28745
          ],
          [
            123.863156,
            10.287496
          ],
          [
            123.86328,
            10.287552
          ],
          [
            123.863903,
            10.28781
          ],
          [
            123.864635,
            10.288125
          ],
          [
            123.86475,
            10.288172
          ],
          [
            123.864831,
            10.288206
          ],
          [
            123.865115,
            10.288333
          ],
          [
            123.865241,
            10.288389
          ],
          [
            123.865377,
            10.288439
          ],
          [
            123.865804,
            10.288591
          ],
          [
            123.866154,
            10.288703
          ],
          [
            123.866244,
            10.288732
          ],
          [
            123.866392,
            10.28877
          ],
          [
            123.866682,
            10.288843
          ],
          [
            123.86737,
            10.289013
          ],
          [
            123.867401,
            10.28902
          ],
          [
            123.867681,
            10.289095
          ],
          [
            123.867718,
            10.289105
          ],
          [
            123.867801,
            10.28913
          ],
          [
            123.868163,
            10.289269
          ],
          [
            123.869451,
            10.289595
          ],
          [
            123.869719,
            10.28967
          ],
          [
            123.870102,
            10.289742
          ],
          [
            123.870543,
            10.28978
          ],
          [
            123.871097,
            10.289804
          ],
          [
            123.871293,
            10.289809
          ],
          [
            123.871702,
            10.289822
          ],
          [
            123.872431,
            10.28984
          ],
          [
            123.872739,
            10.289868
          ],
          [
            123.873001,
            10.28986
          ],
          [
            123.87369,
            10.289981
          ],
          [
            123.874165,
            10.290062
          ],
          [
            123.875128,
            10.290231
          ],
          [
            123.875349,
            10.29027
          ],
          [
            123.875878,
            10.290408
          ],
          [
            123.876172,
            10.290493
          ],
          [
            123.876395,
            10.290576
          ],
          [
            123.876667,
            10.290719
          ],
          [
            123.87708,
            10.291016
          ],
          [
            123.877312,
            10.291181
          ],
          [
            123.877531,
            10.291334
          ],
          [
            123.877963,
            10.291634
          ],
          [
            123.878919,
            10.29233
          ],
          [
            123.879194,
            10.29253
          ],
          [
            123.879342,
            10.292637
          ],
          [
            123.87959,
            10.292803
          ],
          [
            123.879633,
            10.292838
          ],
          [
            123.879726,
            10.2929
          ],
          [
            123.880086,
            10.29316
          ],
          [
            123.88024,
            10.293268
          ],
          [
            123.880435,
            10.293413
          ],
          [
            123.880529,
            10.293444
          ],
          [
            123.880617,
            10.293471
          ],
          [
            123.880641,
            10.293487
          ],
          [
            123.880964,
            10.293707
          ],
          [
            123.881032,
            10.293754
          ],
          [
            123.881283,
            10.293929
          ],
          [
            123.881442,
            10.294046
          ],
          [
            123.881532,
            10.294112
          ],
          [
            123.881654,
            10.294196
          ],
          [
            123.882271,
            10.294632
          ],
          [
            123.882535,
            10.294816
          ],
          [
            123.882686,
            10.294922
          ],
          [
            123.882707,
            10.294938
          ],
          [
            123.882788,
            10.295
          ],
          [
            123.882849,
            10.295044
          ],
          [
            123.883405,
            10.295439
          ],
          [
            123.883427,
            10.295455
          ],
          [
            123.883607,
            10.295585
          ],
          [
            123.883715,
            10.295657
          ],
          [
            123.883922,
            10.295804
          ],
          [
            123.884109,
            10.295922
          ],
          [
            123.884398,
            10.29609
          ],
          [
            123.884694,
            10.296252
          ],
          [
            123.885148,
            10.296466
          ],
          [
            123.885501,
            10.296607
          ],
          [
            123.885732,
            10.296677
          ],
          [
            123.885818,
            10.296704
          ],
          [
            123.885895,
            10.296729
          ],
          [
            123.886136,
            10.296805
          ],
          [
            123.886473,
            10.296893
          ],
          [
            123.886708,
            10.296949
          ],
          [
            123.88677,
            10.29696
          ],
          [
            123.886925,
            10.29699
          ],
          [
            123.886996,
            10.297002
          ],
          [
            123.887245,
            10.297035
          ],
          [
            123.88747,
            10.297064
          ],
          [
            123.887982,
            10.297128
          ],
          [
            123.888216,
            10.297157
          ],
          [
            123.888344,
            10.297175
          ],
          [
            123.888456,
            10.29719
          ],
          [
            123.888984,
            10.297249
          ],
          [
            123.889413,
            10.297296
          ],
          [
            123.889527,
            10.297309
          ],
          [
            123.889661,
            10.297323
          ],
          [
            123.890079,
            10.297394
          ],
          [
            123.890311,
            10.297447
          ],
          [
            123.890538,
            10.297509
          ],
          [
            123.89083,
            10.297609
          ],
          [
            123.891463,
            10.297903
          ],
          [
            123.891547,
            10.297944
          ],
          [
            123.891617,
            10.297975
          ],
          [
            123.891774,
            10.298057
          ],
          [
            123.891872,
            10.298108
          ],
          [
            123.892037,
            10.298179
          ],
          [
            123.892124,
            10.298216
          ],
          [
            123.892132,
            10.298219
          ],
          [
            123.892219,
            10.298254
          ],
          [
            123.892334,
            10.298283
          ],
          [
            123.892432,
            10.298306
          ],
          [
            123.892526,
            10.298326
          ],
          [
            123.892774,
            10.298374
          ],
          [
            123.8929,
            10.298393
          ],
          [
            123.893124,
            10.29842
          ],
          [
            123.893487,
            10.298456
          ],
          [
            123.893511,
            10.298458
          ],
          [
            123.893644,
            10.298469
          ],
          [
            123.894435,
            10.298553
          ],
          [
            123.89498,
            10.298614
          ],
          [
            123.895092,
            10.298645
          ],
          [
            123.895129,
            10.298657
          ],
          [
            123.895227,
            10.298691
          ],
          [
            123.895285,
            10.298715
          ],
          [
            123.895349,
            10.298742
          ],
          [
            123.895543,
            10.298855
          ],
          [
            123.895586,
            10.298942
          ],
          [
            123.895636,
            10.298962
          ],
          [
            123.895859,
            10.299069
          ],
          [
            123.89599,
            10.299133
          ],
          [
            123.89638,
            10.299346
          ],
          [
            123.896477,
            10.299397
          ],
          [
            123.896493,
            10.299405
          ],
          [
            123.896688,
            10.299504
          ],
          [
            123.896764,
            10.299543
          ],
          [
            123.896796,
            10.29956
          ],
          [
            123.896868,
            10.299597
          ],
          [
            123.896948,
            10.299639
          ],
          [
            123.897091,
            10.299712
          ],
          [
            123.897409,
            10.299877
          ],
          [
            123.897422,
            10.299884
          ],
          [
            123.897851,
            10.300106
          ],
          [
            123.897949,
            10.300156
          ],
          [
            123.898019,
            10.300194
          ],
          [
            123.898107,
            10.300237
          ],
          [
            123.898639,
            10.300519
          ],
          [
            123.898866,
            10.30064
          ],
          [
            123.898929,
            10.300675
          ],
          [
            123.899013,
            10.300723
          ],
          [
            123.899186,
            10.300821
          ],
          [
            123.899246,
            10.300855
          ],
          [
            123.899691,
            10.301089
          ],
          [
            123.900277,
            10.301409
          ],
          [
            123.90042,
            10.301436
          ],
          [
            123.900613,
            10.301514
          ],
          [
            123.900755,
            10.301561
          ],
          [
            123.900834,
            10.301585
          ],
          [
            123.900934,
            10.301614
          ],
          [
            123.901051,
            10.301648
          ],
          [
            123.901327,
            10.301722
          ],
          [
            123.901517,
            10.301773
          ],
          [
            123.901757,
            10.301839
          ],
          [
            123.901773,
            10.301844
          ],
          [
            123.901908,
            10.301854
          ],
          [
            123.902102,
            10.301867
          ],
          [
            123.902256,
            10.301824
          ],
          [
            123.902362,
            10.301651
          ],
          [
            123.902504,
            10.301671
          ],
          [
            123.902658,
            10.301683
          ],
          [
            123.902943,
            10.301698
          ],
          [
            123.903455,
            10.301741
          ],
          [
            123.903718,
            10.301754
          ],
          [
            123.90382,
            10.301753
          ],
          [
            123.903899,
            10.301757
          ],
          [
            123.904039,
            10.301769
          ],
          [
            123.9046,
            10.301803
          ],
          [
            123.905447,
            10.301864
          ],
          [
            123.905524,
            10.301865
          ],
          [
            123.905807,
            10.301883
          ],
          [
            123.906318,
            10.30191
          ],
          [
            123.906486,
            10.301919
          ],
          [
            123.906568,
            10.301923
          ],
          [
            123.906645,
            10.301926
          ],
          [
            123.907323,
            10.301958
          ],
          [
            123.907908,
            10.301948
          ],
          [
            123.908327,
            10.30193
          ],
          [
            123.908465,
            10.30193
          ],
          [
            123.908545,
            10.301929
          ],
          [
            123.908976,
            10.301913
          ],
          [
            123.909699,
            10.3019
          ],
          [
            123.909907,
            10.301876
          ],
          [
            123.910081,
            10.301812
          ],
          [
            123.910189,
            10.301723
          ],
          [
            123.910244,
            10.301664
          ],
          [
            123.910282,
            10.301609
          ],
          [
            123.910347,
            10.301673
          ],
          [
            123.910431,
            10.301747
          ],
          [
            123.910765,
            10.302018
          ],
          [
            123.91086,
            10.302095
          ],
          [
            123.911244,
            10.302406
          ],
          [
            123.911383,
            10.302524
          ],
          [
            123.912427,
            10.303335
          ],
          [
            123.912625,
            10.303489
          ],
          [
            123.912699,
            10.30355
          ],
          [
            123.912795,
            10.303631
          ],
          [
            123.912882,
            10.303701
          ],
          [
            123.913863,
            10.304493
          ],
          [
            123.915248,
            10.305616
          ],
          [
            123.915781,
            10.306052
          ],
          [
            123.915858,
            10.306116
          ],
          [
            123.916526,
            10.306661
          ],
          [
            123.917221,
            10.307231
          ],
          [
            123.918846,
            10.308552
          ],
          [
            123.919049,
            10.308716
          ],
          [
            123.919132,
            10.308783
          ],
          [
            123.919223,
            10.30886
          ],
          [
            123.919141,
            10.308953
          ],
          [
            123.919069,
            10.309037
          ],
          [
            123.91862,
            10.309582
          ],
          [
            123.918573,
            10.309639
          ],
          [
            123.918337,
            10.309915
          ],
          [
            123.918386,
            10.309955
          ],
          [
            123.918558,
            10.310095
          ],
          [
            123.918484,
            10.310189
          ],
          [
            123.918017,
            10.310749
          ],
          [
            123.917918,
            10.310869
          ],
          [
            123.917875,
            10.310922
          ],
          [
            123.917716,
            10.311115
          ]
        ]
      }
    },
    {
      "type": "Feature",
      "properties": {
        "route_id": "PH-12G",
        "route_name": "12G Labangon - SM",
        "route_type": "PUJ",
        "route_ref": "12G",
        "origin_name": "Origin",
        "destination_name": "Destination",
        "region": "Cebu",
        "province": "Cebu"
      },
      "geometry": {
        "type": "LineString",
        "coordinates": [
          [
            123.876171,
            10.301125
          ],
          [
            123.876152,
            10.301176
          ],
          [
            123.876118,
            10.301325
          ],
          [
            123.876115,
            10.301336
          ],
          [
            123.875867,
            10.301266
          ],
          [
            123.875086,
            10.30112
          ],
          [
            123.875109,
            10.300896
          ],
          [
            123.875822,
            10.30073
          ],
          [
            123.875901,
            10.300705
          ],
          [
            123.875964,
            10.300661
          ],
          [
            123.875992,
            10.300613
          ],
          [
            123.876088,
            10.30044
          ],
          [
            123.876086,
            10.300384
          ],
          [
            123.876153,
            10.300229
          ],
          [
            123.876209,
            10.300216
          ],
          [
            123.876678,
            10.3001
          ],
          [
            123.876921,
            10.300041
          ],
          [
            123.877105,
            10.299997
          ],
          [
            123.877109,
            10.299996
          ],
          [
            123.87835,
            10.299696
          ],
          [
            123.878606,
            10.299634
          ],
          [
            123.878729,
            10.299604
          ],
          [
            123.878834,
            10.299579
          ],
          [
            123.878944,
            10.299552
          ],
          [
            123.879066,
            10.299522
          ],
          [
            123.880221,
            10.299239
          ],
          [
            123.880288,
            10.299222
          ],
          [
            123.880323,
            10.299214
          ],
          [
            123.880351,
            10.299207
          ],
          [
            123.880546,
            10.299159
          ],
          [
            123.880576,
            10.299152
          ],
          [
            123.881012,
            10.299042
          ],
          [
            123.881315,
            10.298967
          ],
          [
            123.881395,
            10.298947
          ],
          [
            123.881427,
            10.298938
          ],
          [
            123.882192,
            10.298752
          ],
          [
            123.882533,
            10.29867
          ],
          [
            123.882648,
            10.298641
          ],
          [
            123.882793,
            10.298606
          ],
          [
            123.882856,
            10.298591
          ],
          [
            123.883915,
            10.298328
          ],
          [
            123.884364,
            10.298221
          ],
          [
            123.884512,
            10.298185
          ],
          [
            123.884515,
            10.298184
          ],
          [
            123.884997,
            10.298066
          ],
          [
            123.88506,
            10.29805
          ],
          [
            123.88508,
            10.297873
          ],
          [
            123.885154,
            10.297732
          ],
          [
            123.885253,
            10.297672
          ],
          [
            123.88533,
            10.297602
          ],
          [
            123.8854,
            10.297488
          ],
          [
            123.885514,
            10.297309
          ],
          [
            123.885523,
            10.297295
          ],
          [
            123.88558,
            10.297192
          ],
          [
            123.885659,
            10.297052
          ],
          [
            123.885762,
            10.296826
          ],
          [
            123.885818,
            10.296704
          ],
          [
            123.885895,
            10.296729
          ],
          [
            123.886136,
            10.296805
          ],
          [
            123.886473,
            10.296893
          ],
          [
            123.886708,
            10.296949
          ],
          [
            123.88677,
            10.29696
          ],
          [
            123.886925,
            10.29699
          ],
          [
            123.886996,
            10.297002
          ],
          [
            123.887245,
            10.297035
          ],
          [
            123.88747,
            10.297064
          ],
          [
            123.887982,
            10.297128
          ],
          [
            123.888216,
            10.297157
          ],
          [
            123.888344,
            10.297175
          ],
          [
            123.888456,
            10.29719
          ],
          [
            123.888984,
            10.297249
          ],
          [
            123.889413,
            10.297296
          ],
          [
            123.889527,
            10.297309
          ],
          [
            123.889661,
            10.297323
          ],
          [
            123.890079,
            10.297394
          ],
          [
            123.890311,
            10.297447
          ],
          [
            123.890538,
            10.297509
          ],
          [
            123.89083,
            10.297609
          ],
          [
            123.891463,
            10.297903
          ],
          [
            123.891547,
            10.297944
          ],
          [
            123.891617,
            10.297975
          ],
          [
            123.891774,
            10.298057
          ],
          [
            123.891872,
            10.298108
          ],
          [
            123.892037,
            10.298179
          ],
          [
            123.892124,
            10.298216
          ],
          [
            123.892132,
            10.298219
          ],
          [
            123.892219,
            10.298254
          ],
          [
            123.892334,
            10.298283
          ],
          [
            123.892432,
            10.298306
          ],
          [
            123.892526,
            10.298326
          ],
          [
            123.892774,
            10.298374
          ],
          [
            123.8929,
            10.298393
          ],
          [
            123.893124,
            10.29842
          ],
          [
            123.893487,
            10.298456
          ],
          [
            123.893511,
            10.298458
          ],
          [
            123.893644,
            10.298469
          ],
          [
            123.894435,
            10.298553
          ],
          [
            123.89498,
            10.298614
          ],
          [
            123.895092,
            10.298645
          ],
          [
            123.895129,
            10.298657
          ],
          [
            123.895227,
            10.298691
          ],
          [
            123.895285,
            10.298715
          ],
          [
            123.895349,
            10.298742
          ],
          [
            123.895543,
            10.298855
          ],
          [
            123.895586,
            10.298942
          ],
          [
            123.895636,
            10.298962
          ],
          [
            123.895859,
            10.299069
          ],
          [
            123.89599,
            10.299133
          ],
          [
            123.89638,
            10.299346
          ],
          [
            123.896477,
            10.299397
          ],
          [
            123.896493,
            10.299405
          ],
          [
            123.896688,
            10.299504
          ],
          [
            123.896764,
            10.299543
          ],
          [
            123.896796,
            10.29956
          ],
          [
            123.896868,
            10.299597
          ],
          [
            123.896948,
            10.299639
          ],
          [
            123.897091,
            10.299712
          ],
          [
            123.897409,
            10.299877
          ],
          [
            123.897422,
            10.299884
          ],
          [
            123.897851,
            10.300106
          ],
          [
            123.897949,
            10.300156
          ],
          [
            123.898019,
            10.300194
          ],
          [
            123.898107,
            10.300237
          ],
          [
            123.898639,
            10.300519
          ],
          [
            123.898866,
            10.30064
          ],
          [
            123.898929,
            10.300675
          ],
          [
            123.899013,
            10.300723
          ],
          [
            123.899186,
            10.300821
          ],
          [
            123.899246,
            10.300855
          ],
          [
            123.899691,
            10.301089
          ],
          [
            123.900277,
            10.301409
          ],
          [
            123.90042,
            10.301436
          ],
          [
            123.900613,
            10.301514
          ],
          [
            123.900755,
            10.301561
          ],
          [
            123.900834,
            10.301585
          ],
          [
            123.900934,
            10.301614
          ],
          [
            123.901051,
            10.301648
          ],
          [
            123.901327,
            10.301722
          ],
          [
            123.901517,
            10.301773
          ],
          [
            123.901757,
            10.301839
          ],
          [
            123.901773,
            10.301844
          ],
          [
            123.901908,
            10.301854
          ],
          [
            123.902102,
            10.301867
          ],
          [
            123.902256,
            10.301824
          ],
          [
            123.902362,
            10.301651
          ],
          [
            123.902504,
            10.301671
          ],
          [
            123.902658,
            10.301683
          ],
          [
            123.902943,
            10.301698
          ],
          [
            123.903455,
            10.301741
          ],
          [
            123.903718,
            10.301754
          ],
          [
            123.90382,
            10.301753
          ],
          [
            123.903899,
            10.301757
          ],
          [
            123.904039,
            10.301769
          ],
          [
            123.9046,
            10.301803
          ],
          [
            123.905447,
            10.301864
          ],
          [
            123.905524,
            10.301865
          ],
          [
            123.905807,
            10.301883
          ],
          [
            123.906318,
            10.30191
          ],
          [
            123.906486,
            10.301919
          ],
          [
            123.906568,
            10.301923
          ],
          [
            123.906645,
            10.301926
          ],
          [
            123.907323,
            10.301958
          ],
          [
            123.907908,
            10.301948
          ],
          [
            123.908327,
            10.30193
          ],
          [
            123.908465,
            10.30193
          ],
          [
            123.908545,
            10.301929
          ],
          [
            123.908976,
            10.301913
          ],
          [
            123.909699,
            10.3019
          ],
          [
            123.909907,
            10.301876
          ],
          [
            123.910081,
            10.301812
          ],
          [
            123.910189,
            10.301723
          ],
          [
            123.910244,
            10.301664
          ],
          [
            123.910282,
            10.301609
          ],
          [
            123.910347,
            10.301673
          ],
          [
            123.910431,
            10.301747
          ],
          [
            123.910765,
            10.302018
          ],
          [
            123.91086,
            10.302095
          ],
          [
            123.911244,
            10.302406
          ],
          [
            123.911383,
            10.302524
          ],
          [
            123.912427,
            10.303335
          ],
          [
            123.912625,
            10.303489
          ],
          [
            123.912699,
            10.30355
          ],
          [
            123.912795,
            10.303631
          ],
          [
            123.912882,
            10.303701
          ],
          [
            123.913863,
            10.304493
          ],
          [
            123.915248,
            10.305616
          ],
          [
            123.915781,
            10.306052
          ],
          [
            123.915858,
            10.306116
          ],
          [
            123.916526,
            10.306661
          ],
          [
            123.917221,
            10.307231
          ],
          [
            123.918846,
            10.308552
          ],
          [
            123.919049,
            10.308716
          ],
          [
            123.919132,
            10.308783
          ],
          [
            123.919223,
            10.30886
          ],
          [
            123.919141,
            10.308953
          ],
          [
            123.919069,
            10.309037
          ],
          [
            123.91862,
            10.309582
          ],
          [
            123.918573,
            10.309639
          ],
          [
            123.918337,
            10.309915
          ],
          [
            123.918386,
            10.309955
          ],
          [
            123.918558,
            10.310095
          ],
          [
            123.918484,
            10.310189
          ],
          [
            123.918017,
            10.310749
          ],
          [
            123.917918,
            10.310869
          ],
          [
            123.917875,
            10.310922
          ],
          [
            123.917716,
            10.311115
          ]
        ]
      }
    },
    {
      "type": "Feature",
      "properties": {
        "route_id": "PH-12L",
        "route_name": "12L Labangon - Ayala",
        "route_type": "PUJ",
        "route_ref": "12L",
        "origin_name": "Origin",
        "destination_name": "Destination",
        "region": "Cebu",
        "province": "Cebu"
      },
      "geometry": {
        "type": "LineString",
        "coordinates": [
          [
            123.876171,
            10.301125
          ],
          [
            123.876152,
            10.301176
          ],
          [
            123.876118,
            10.301325
          ],
          [
            123.876115,
            10.301336
          ],
          [
            123.875867,
            10.301266
          ],
          [
            123.875086,
            10.30112
          ],
          [
            123.875109,
            10.300896
          ],
          [
            123.875822,
            10.30073
          ],
          [
            123.875901,
            10.300705
          ],
          [
            123.875964,
            10.300661
          ],
          [
            123.875992,
            10.300613
          ],
          [
            123.876088,
            10.30044
          ],
          [
            123.876086,
            10.300384
          ],
          [
            123.876153,
            10.300229
          ],
          [
            123.876209,
            10.300216
          ],
          [
            123.876678,
            10.3001
          ],
          [
            123.876921,
            10.300041
          ],
          [
            123.877105,
            10.299997
          ],
          [
            123.877109,
            10.299996
          ],
          [
            123.87835,
            10.299696
          ],
          [
            123.878606,
            10.299634
          ],
          [
            123.878729,
            10.299604
          ],
          [
            123.878834,
            10.299579
          ],
          [
            123.8788,
            10.299692
          ],
          [
            123.878769,
            10.29979
          ],
          [
            123.878639,
            10.300211
          ],
          [
            123.878609,
            10.300307
          ],
          [
            123.878479,
            10.300727
          ],
          [
            123.878386,
            10.301027
          ],
          [
            123.878366,
            10.301091
          ],
          [
            123.878356,
            10.301123
          ],
          [
            123.878311,
            10.301267
          ],
          [
            123.878259,
            10.301437
          ],
          [
            123.878196,
            10.30164
          ],
          [
            123.878132,
            10.301846
          ],
          [
            123.878093,
            10.301971
          ],
          [
            123.878044,
            10.30213
          ],
          [
            123.87799,
            10.302306
          ],
          [
            123.877975,
            10.302354
          ],
          [
            123.877941,
            10.302464
          ],
          [
            123.877917,
            10.30254
          ],
          [
            123.877854,
            10.302744
          ],
          [
            123.87785,
            10.302758
          ],
          [
            123.877827,
            10.302826
          ],
          [
            123.877742,
            10.303052
          ],
          [
            123.877614,
            10.303344
          ],
          [
            123.877473,
            10.303602
          ],
          [
            123.877458,
            10.303626
          ],
          [
            123.87738,
            10.303757
          ],
          [
            123.877333,
            10.303836
          ],
          [
            123.877214,
            10.304028
          ],
          [
            123.877115,
            10.304186
          ],
          [
            123.877098,
            10.304215
          ],
          [
            123.876987,
            10.304388
          ],
          [
            123.876687,
            10.30486
          ],
          [
            123.876532,
            10.305107
          ],
          [
            123.876513,
            10.305143
          ],
          [
            123.876482,
            10.3052
          ],
          [
            123.876451,
            10.305272
          ],
          [
            123.87641,
            10.305369
          ],
          [
            123.876356,
            10.305517
          ],
          [
            123.876311,
            10.305659
          ],
          [
            123.876267,
            10.305805
          ],
          [
            123.876216,
            10.306006
          ],
          [
            123.876177,
            10.30616
          ],
          [
            123.876125,
            10.306365
          ],
          [
            123.87605,
            10.306717
          ],
          [
            123.875994,
            10.30706
          ],
          [
            123.875969,
            10.307269
          ],
          [
            123.875962,
            10.307343
          ],
          [
            123.875955,
            10.30797
          ],
          [
            123.875957,
            10.308018
          ],
          [
            123.875964,
            10.308242
          ],
          [
            123.87597,
            10.308357
          ],
          [
            123.875976,
            10.308484
          ],
          [
            123.875989,
            10.308715
          ],
          [
            123.87599,
            10.308752
          ],
          [
            123.875992,
            10.308783
          ],
          [
            123.875994,
            10.308849
          ],
          [
            123.876006,
            10.309136
          ],
          [
            123.876008,
            10.309164
          ],
          [
            123.87601,
            10.309222
          ],
          [
            123.876017,
            10.309354
          ],
          [
            123.876022,
            10.309421
          ],
          [
            123.876029,
            10.309517
          ],
          [
            123.876033,
            10.309553
          ],
          [
            123.876057,
            10.309758
          ],
          [
            123.876063,
            10.309785
          ],
          [
            123.876068,
            10.309805
          ],
          [
            123.876119,
            10.310027
          ],
          [
            123.876177,
            10.310184
          ],
          [
            123.876285,
            10.310373
          ],
          [
            123.876414,
            10.310582
          ],
          [
            123.876499,
            10.310686
          ],
          [
            123.876696,
            10.310925
          ],
          [
            123.876766,
            10.311011
          ],
          [
            123.876775,
            10.311023
          ],
          [
            123.877218,
            10.311575
          ],
          [
            123.87725,
            10.311616
          ],
          [
            123.877279,
            10.311655
          ],
          [
            123.877391,
            10.311805
          ],
          [
            123.877572,
            10.312047
          ],
          [
            123.87761,
            10.312098
          ],
          [
            123.877653,
            10.312154
          ],
          [
            123.877698,
            10.312202
          ],
          [
            123.877813,
            10.312329
          ],
          [
            123.877952,
            10.312466
          ],
          [
            123.877981,
            10.312492
          ],
          [
            123.878217,
            10.312702
          ],
          [
            123.878314,
            10.312765
          ],
          [
            123.878412,
            10.312827
          ],
          [
            123.878422,
            10.312834
          ],
          [
            123.878519,
            10.31289
          ],
          [
            123.878782,
            10.313018
          ],
          [
            123.879454,
            10.313307
          ],
          [
            123.87978,
            10.31345
          ],
          [
            123.879967,
            10.313544
          ],
          [
            123.880003,
            10.313562
          ],
          [
            123.880196,
            10.313669
          ],
          [
            123.880403,
            10.313801
          ],
          [
            123.880608,
            10.313933
          ],
          [
            123.880672,
            10.313982
          ],
          [
            123.880806,
            10.314069
          ],
          [
            123.880885,
            10.314127
          ],
          [
            123.880903,
            10.314138
          ],
          [
            123.88104,
            10.314207
          ],
          [
            123.881242,
            10.314299
          ],
          [
            123.881405,
            10.314358
          ],
          [
            123.881802,
            10.314486
          ],
          [
            123.882083,
            10.314562
          ],
          [
            123.882348,
            10.314629
          ],
          [
            123.882802,
            10.314763
          ],
          [
            123.883096,
            10.314839
          ],
          [
            123.883194,
            10.314865
          ],
          [
            123.883324,
            10.314899
          ],
          [
            123.883505,
            10.314948
          ],
          [
            123.883554,
            10.314967
          ],
          [
            123.883798,
            10.315074
          ],
          [
            123.883989,
            10.315162
          ],
          [
            123.884091,
            10.315223
          ],
          [
            123.884186,
            10.315281
          ],
          [
            123.884216,
            10.315298
          ],
          [
            123.884249,
            10.315317
          ],
          [
            123.884363,
            10.315383
          ],
          [
            123.884448,
            10.315424
          ],
          [
            123.884547,
            10.315472
          ],
          [
            123.884588,
            10.315491
          ],
          [
            123.884715,
            10.315537
          ],
          [
            123.884842,
            10.31557
          ],
          [
            123.884985,
            10.315608
          ],
          [
            123.885292,
            10.315694
          ],
          [
            123.885422,
            10.315738
          ],
          [
            123.885504,
            10.315766
          ],
          [
            123.885771,
            10.315865
          ],
          [
            123.885927,
            10.315919
          ],
          [
            123.886463,
            10.316111
          ],
          [
            123.886675,
            10.316187
          ],
          [
            123.886796,
            10.31623
          ],
          [
            123.886908,
            10.31627
          ],
          [
            123.886977,
            10.316292
          ],
          [
            123.887497,
            10.316463
          ],
          [
            123.887909,
            10.316619
          ],
          [
            123.887991,
            10.316644
          ],
          [
            123.888096,
            10.316682
          ],
          [
            123.888379,
            10.316779
          ],
          [
            123.888728,
            10.316893
          ],
          [
            123.889183,
            10.317027
          ],
          [
            123.889292,
            10.317059
          ],
          [
            123.889468,
            10.317095
          ],
          [
            123.889577,
            10.317111
          ],
          [
            123.889647,
            10.317112
          ],
          [
            123.889702,
            10.317103
          ],
          [
            123.889763,
            10.317057
          ],
          [
            123.889802,
            10.317012
          ],
          [
            123.889833,
            10.316952
          ],
          [
            123.889894,
            10.316799
          ],
          [
            123.890153,
            10.316148
          ],
          [
            123.890229,
            10.315955
          ],
          [
            123.890826,
            10.316155
          ],
          [
            123.890881,
            10.316173
          ],
          [
            123.890972,
            10.316211
          ],
          [
            123.891025,
            10.316229
          ],
          [
            123.891563,
            10.316414
          ],
          [
            123.891908,
            10.316535
          ],
          [
            123.892006,
            10.316569
          ],
          [
            123.892477,
            10.316734
          ],
          [
            123.892811,
            10.316851
          ],
          [
            123.892871,
            10.316872
          ],
          [
            123.89312,
            10.316959
          ],
          [
            123.893236,
            10.317
          ],
          [
            123.893316,
            10.317028
          ],
          [
            123.893381,
            10.317051
          ],
          [
            123.894027,
            10.317277
          ],
          [
            123.894128,
            10.317311
          ],
          [
            123.894161,
            10.317321
          ],
          [
            123.894479,
            10.317433
          ],
          [
            123.894608,
            10.317475
          ],
          [
            123.894654,
            10.317491
          ],
          [
            123.894695,
            10.317524
          ],
          [
            123.894733,
            10.317531
          ],
          [
            123.895397,
            10.317649
          ],
          [
            123.895689,
            10.317701
          ],
          [
            123.89576,
            10.317714
          ],
          [
            123.895971,
            10.317751
          ],
          [
            123.896179,
            10.317788
          ],
          [
            123.896227,
            10.317797
          ],
          [
            123.896403,
            10.317828
          ],
          [
            123.896641,
            10.31787
          ],
          [
            123.896662,
            10.317874
          ],
          [
            123.897106,
            10.317953
          ],
          [
            123.897364,
            10.317999
          ],
          [
            123.897887,
            10.318092
          ],
          [
            123.898172,
            10.318155
          ],
          [
            123.898211,
            10.318163
          ],
          [
            123.89864,
            10.318258
          ],
          [
            123.898686,
            10.318268
          ],
          [
            123.89878,
            10.31829
          ],
          [
            123.89929,
            10.31841
          ],
          [
            123.899736,
            10.318529
          ],
          [
            123.899809,
            10.318548
          ],
          [
            123.899875,
            10.31856
          ],
          [
            123.89994,
            10.318572
          ],
          [
            123.899996,
            10.318588
          ],
          [
            123.90002,
            10.318597
          ],
          [
            123.900699,
            10.318914
          ],
          [
            123.900767,
            10.318946
          ],
          [
            123.901306,
            10.319191
          ],
          [
            123.901887,
            10.319484
          ],
          [
            123.901938,
            10.31951
          ],
          [
            123.90242,
            10.319766
          ],
          [
            123.902953,
            10.320034
          ],
          [
            123.903014,
            10.320068
          ],
          [
            123.903625,
            10.320383
          ],
          [
            123.903693,
            10.320415
          ],
          [
            123.903718,
            10.320421
          ],
          [
            123.903767,
            10.320435
          ],
          [
            123.903865,
            10.32033
          ],
          [
            123.904,
            10.320264
          ],
          [
            123.904175,
            10.320181
          ],
          [
            123.904386,
            10.32009
          ],
          [
            123.904485,
            10.320064
          ],
          [
            123.904659,
            10.320037
          ],
          [
            123.904775,
            10.32003
          ],
          [
            123.904893,
            10.320033
          ],
          [
            123.905044,
            10.320057
          ],
          [
            123.905197,
            10.320091
          ],
          [
            123.905281,
            10.3201
          ],
          [
            123.905464,
            10.320086
          ],
          [
            123.905565,
            10.320047
          ],
          [
            123.905692,
            10.319981
          ],
          [
            123.905768,
            10.319942
          ],
          [
            123.905559,
            10.319635
          ],
          [
            123.905426,
            10.319684
          ],
          [
            123.905321,
            10.319675
          ],
          [
            123.905248,
            10.319633
          ],
          [
            123.905155,
            10.319547
          ],
          [
            123.905156,
            10.319451
          ],
          [
            123.905403,
            10.319437
          ],
          [
            123.905445,
            10.319427
          ],
          [
            123.905495,
            10.319406
          ],
          [
            123.905421,
            10.319258
          ],
          [
            123.905411,
            10.319242
          ],
          [
            123.905384,
            10.319188
          ],
          [
            123.905352,
            10.319125
          ],
          [
            123.905339,
            10.319103
          ]
        ]
      }
    },
    {
      "type": "Feature",
      "properties": {
        "route_id": "PH-20A",
        "route_name": "20A Mandaue - Ayala",
        "route_type": "PUJ",
        "route_ref": "20A",
        "origin_name": "Origin",
        "destination_name": "Destination",
        "region": "Cebu",
        "province": "Cebu"
      },
      "geometry": {
        "type": "LineString",
        "coordinates": [
          [
            123.942906,
            10.33425
          ],
          [
            123.942519,
            10.333796
          ],
          [
            123.942444,
            10.33384
          ],
          [
            123.942389,
            10.333872
          ],
          [
            123.942089,
            10.334046
          ],
          [
            123.941584,
            10.334348
          ],
          [
            123.941557,
            10.334363
          ],
          [
            123.941531,
            10.334377
          ],
          [
            123.941378,
            10.334456
          ],
          [
            123.940984,
            10.33464
          ],
          [
            123.940944,
            10.334658
          ],
          [
            123.940873,
            10.334688
          ],
          [
            123.940809,
            10.334613
          ],
          [
            123.940526,
            10.334335
          ],
          [
            123.940438,
            10.334237
          ],
          [
            123.939914,
            10.333631
          ],
          [
            123.939539,
            10.33334
          ],
          [
            123.939088,
            10.332988
          ],
          [
            123.938969,
            10.332901
          ],
          [
            123.938846,
            10.332811
          ],
          [
            123.938541,
            10.332585
          ],
          [
            123.938513,
            10.332563
          ],
          [
            123.938188,
            10.332347
          ],
          [
            123.938032,
            10.332244
          ],
          [
            123.937901,
            10.332141
          ],
          [
            123.937566,
            10.331878
          ],
          [
            123.937067,
            10.331416
          ],
          [
            123.936858,
            10.331203
          ],
          [
            123.936686,
            10.331027
          ],
          [
            123.936209,
            10.330458
          ],
          [
            123.936001,
            10.330487
          ],
          [
            123.935839,
            10.330492
          ],
          [
            123.935731,
            10.330495
          ],
          [
            123.935679,
            10.330492
          ],
          [
            123.935659,
            10.330491
          ],
          [
            123.93527,
            10.330458
          ],
          [
            123.935234,
            10.330453
          ],
          [
            123.935188,
            10.330448
          ],
          [
            123.934945,
            10.33039
          ],
          [
            123.934736,
            10.330329
          ],
          [
            123.934202,
            10.33013
          ],
          [
            123.933865,
            10.329984
          ],
          [
            123.933784,
            10.329946
          ],
          [
            123.932756,
            10.329499
          ],
          [
            123.93269,
            10.329471
          ],
          [
            123.932633,
            10.329446
          ],
          [
            123.93247,
            10.329374
          ],
          [
            123.932404,
            10.329485
          ],
          [
            123.932253,
            10.329736
          ],
          [
            123.932182,
            10.329852
          ],
          [
            123.93208,
            10.329782
          ],
          [
            123.93135,
            10.329273
          ],
          [
            123.931206,
            10.329163
          ],
          [
            123.931091,
            10.32905
          ],
          [
            123.930937,
            10.328917
          ],
          [
            123.930775,
            10.328791
          ],
          [
            123.93069,
            10.328734
          ],
          [
            123.930611,
            10.328677
          ],
          [
            123.93055,
            10.3286
          ],
          [
            123.930524,
            10.32858
          ],
          [
            123.930427,
            10.328491
          ],
          [
            123.930318,
            10.328392
          ],
          [
            123.930173,
            10.328261
          ],
          [
            123.929759,
            10.327868
          ],
          [
            123.929698,
            10.327808
          ],
          [
            123.929571,
            10.327683
          ],
          [
            123.929392,
            10.327517
          ],
          [
            123.929371,
            10.327498
          ],
          [
            123.92932,
            10.327449
          ],
          [
            123.929197,
            10.327335
          ],
          [
            123.928907,
            10.327064
          ],
          [
            123.928839,
            10.326995
          ],
          [
            123.928705,
            10.326867
          ],
          [
            123.928577,
            10.326751
          ],
          [
            123.928477,
            10.32666
          ],
          [
            123.928353,
            10.326544
          ],
          [
            123.92828,
            10.326476
          ],
          [
            123.928233,
            10.326435
          ],
          [
            123.928208,
            10.326412
          ],
          [
            123.92816,
            10.326371
          ],
          [
            123.927872,
            10.326103
          ],
          [
            123.927588,
            10.325838
          ],
          [
            123.927551,
            10.325803
          ],
          [
            123.927465,
            10.325724
          ],
          [
            123.927032,
            10.325337
          ],
          [
            123.926823,
            10.325146
          ],
          [
            123.926284,
            10.32467
          ],
          [
            123.926132,
            10.324533
          ],
          [
            123.925648,
            10.324095
          ],
          [
            123.925618,
            10.32407
          ],
          [
            123.925446,
            10.323925
          ],
          [
            123.925196,
            10.323697
          ],
          [
            123.925135,
            10.323636
          ],
          [
            123.925074,
            10.323582
          ],
          [
            123.924984,
            10.323502
          ],
          [
            123.924833,
            10.323374
          ],
          [
            123.92474,
            10.323295
          ],
          [
            123.924539,
            10.323115
          ],
          [
            123.924515,
            10.323094
          ],
          [
            123.924425,
            10.323011
          ],
          [
            123.924336,
            10.322931
          ],
          [
            123.923999,
            10.32264
          ],
          [
            123.923965,
            10.322606
          ],
          [
            123.923763,
            10.322432
          ],
          [
            123.923515,
            10.322207
          ],
          [
            123.923472,
            10.322171
          ],
          [
            123.923248,
            10.321982
          ],
          [
            123.923045,
            10.321806
          ],
          [
            123.922666,
            10.321478
          ],
          [
            123.922442,
            10.32128
          ],
          [
            123.922409,
            10.32125
          ],
          [
            123.922125,
            10.321005
          ],
          [
            123.922022,
            10.320915
          ],
          [
            123.921817,
            10.320748
          ],
          [
            123.921513,
            10.320489
          ],
          [
            123.921412,
            10.320402
          ],
          [
            123.92128,
            10.320288
          ],
          [
            123.921078,
            10.32011
          ],
          [
            123.920805,
            10.319872
          ],
          [
            123.920419,
            10.31957
          ],
          [
            123.920292,
            10.319479
          ],
          [
            123.920236,
            10.31944
          ],
          [
            123.920185,
            10.319402
          ],
          [
            123.920165,
            10.319386
          ],
          [
            123.919861,
            10.319166
          ],
          [
            123.919819,
            10.319134
          ],
          [
            123.919516,
            10.318905
          ],
          [
            123.919422,
            10.318823
          ],
          [
            123.919389,
            10.318799
          ],
          [
            123.919373,
            10.318787
          ],
          [
            123.919295,
            10.318728
          ],
          [
            123.919193,
            10.318647
          ],
          [
            123.919128,
            10.318593
          ],
          [
            123.919089,
            10.318558
          ],
          [
            123.918885,
            10.318899
          ],
          [
            123.918604,
            10.319328
          ],
          [
            123.918435,
            10.319547
          ],
          [
            123.918358,
            10.319652
          ],
          [
            123.91822,
            10.319858
          ],
          [
            123.918206,
            10.319877
          ],
          [
            123.91819,
            10.319896
          ],
          [
            123.918069,
            10.320067
          ],
          [
            123.91794,
            10.320212
          ],
          [
            123.917814,
            10.320334
          ],
          [
            123.91773,
            10.320446
          ],
          [
            123.917608,
            10.320603
          ],
          [
            123.917507,
            10.320741
          ],
          [
            123.917332,
            10.320923
          ],
          [
            123.917147,
            10.321032
          ],
          [
            123.917032,
            10.321107
          ],
          [
            123.916921,
            10.32115
          ],
          [
            123.916831,
            10.321206
          ],
          [
            123.916726,
            10.321294
          ],
          [
            123.916431,
            10.321533
          ],
          [
            123.9161,
            10.321225
          ],
          [
            123.915208,
            10.321825
          ],
          [
            123.914686,
            10.32226
          ],
          [
            123.913999,
            10.322838
          ],
          [
            123.913886,
            10.322933
          ],
          [
            123.913672,
            10.322713
          ],
          [
            123.913467,
            10.322506
          ],
          [
            123.91293,
            10.321997
          ],
          [
            123.912677,
            10.321793
          ],
          [
            123.912531,
            10.321696
          ],
          [
            123.912458,
            10.321649
          ],
          [
            123.912256,
            10.321516
          ],
          [
            123.912179,
            10.321465
          ],
          [
            123.91202,
            10.321369
          ],
          [
            123.911758,
            10.321209
          ],
          [
            123.911713,
            10.321184
          ],
          [
            123.911275,
            10.320922
          ],
          [
            123.911128,
            10.320837
          ],
          [
            123.910913,
            10.320712
          ],
          [
            123.910854,
            10.320704
          ],
          [
            123.910791,
            10.320696
          ],
          [
            123.910726,
            10.320656
          ],
          [
            123.91064,
            10.320603
          ],
          [
            123.910319,
            10.320404
          ],
          [
            123.909606,
            10.319954
          ],
          [
            123.909533,
            10.319909
          ],
          [
            123.909219,
            10.319711
          ],
          [
            123.909173,
            10.319675
          ],
          [
            123.909102,
            10.319612
          ],
          [
            123.90907,
            10.319584
          ],
          [
            123.909036,
            10.319556
          ],
          [
            123.908622,
            10.319207
          ],
          [
            123.908344,
            10.318953
          ],
          [
            123.908263,
            10.318877
          ],
          [
            123.908146,
            10.318748
          ],
          [
            123.90812,
            10.318719
          ],
          [
            123.908001,
            10.318576
          ],
          [
            123.907933,
            10.318555
          ],
          [
            123.907881,
            10.318557
          ],
          [
            123.907843,
            10.318558
          ],
          [
            123.907733,
            10.318587
          ],
          [
            123.90752,
            10.318756
          ],
          [
            123.907457,
            10.318807
          ],
          [
            123.907395,
            10.318857
          ],
          [
            123.907341,
            10.318899
          ],
          [
            123.906826,
            10.319301
          ],
          [
            123.90674,
            10.319368
          ],
          [
            123.905944,
            10.319944
          ],
          [
            123.905881,
            10.319992
          ],
          [
            123.905832,
            10.32003
          ],
          [
            123.905768,
            10.319942
          ],
          [
            123.905559,
            10.319635
          ],
          [
            123.905426,
            10.319684
          ],
          [
            123.905321,
            10.319675
          ],
          [
            123.905248,
            10.319633
          ],
          [
            123.905155,
            10.319547
          ],
          [
            123.905156,
            10.319451
          ],
          [
            123.905403,
            10.319437
          ],
          [
            123.905445,
            10.319427
          ],
          [
            123.905495,
            10.319406
          ],
          [
            123.905421,
            10.319258
          ],
          [
            123.905411,
            10.319242
          ],
          [
            123.905384,
            10.319188
          ],
          [
            123.905352,
            10.319125
          ],
          [
            123.905339,
            10.319103
          ]
        ]
      }
    },
    {
      "type": "Feature",
      "properties": {
        "route_id": "PH-22I",
        "route_name": "22I Ouano - SM",
        "route_type": "PUJ",
        "route_ref": "22I",
        "origin_name": "Origin",
        "destination_name": "Destination",
        "region": "Cebu",
        "province": "Cebu"
      },
      "geometry": {
        "type": "LineString",
        "coordinates": [
          [
            123.931295,
            10.323876
          ],
          [
            123.931368,
            10.323825
          ],
          [
            123.931127,
            10.323446
          ],
          [
            123.930937,
            10.323147
          ],
          [
            123.930728,
            10.322816
          ],
          [
            123.930573,
            10.322569
          ],
          [
            123.93043,
            10.322341
          ],
          [
            123.930381,
            10.322268
          ],
          [
            123.930359,
            10.322228
          ],
          [
            123.930094,
            10.321807
          ],
          [
            123.92999,
            10.321641
          ],
          [
            123.929726,
            10.321222
          ],
          [
            123.929668,
            10.321127
          ],
          [
            123.929423,
            10.320748
          ],
          [
            123.929026,
            10.320134
          ],
          [
            123.928962,
            10.320038
          ],
          [
            123.928355,
            10.31904
          ],
          [
            123.928299,
            10.318948
          ],
          [
            123.928024,
            10.318504
          ],
          [
            123.927857,
            10.318233
          ],
          [
            123.927841,
            10.318207
          ],
          [
            123.92778,
            10.318054
          ],
          [
            123.927769,
            10.317901
          ],
          [
            123.927806,
            10.317763
          ],
          [
            123.927903,
            10.317599
          ],
          [
            123.92816,
            10.31729
          ],
          [
            123.928207,
            10.317231
          ],
          [
            123.928655,
            10.316701
          ],
          [
            123.92872,
            10.31663
          ],
          [
            123.928666,
            10.316589
          ],
          [
            123.927616,
            10.315798
          ],
          [
            123.927178,
            10.315436
          ],
          [
            123.926971,
            10.315282
          ],
          [
            123.926349,
            10.314819
          ],
          [
            123.926277,
            10.314766
          ],
          [
            123.926174,
            10.314687
          ],
          [
            123.925633,
            10.31426
          ],
          [
            123.925305,
            10.314001
          ],
          [
            123.925134,
            10.313866
          ],
          [
            123.924931,
            10.313706
          ],
          [
            123.924305,
            10.313212
          ],
          [
            123.924209,
            10.313128
          ],
          [
            123.9242,
            10.313121
          ],
          [
            123.924174,
            10.313101
          ],
          [
            123.923766,
            10.312777
          ],
          [
            123.923719,
            10.312737
          ],
          [
            123.922641,
            10.311804
          ],
          [
            123.922511,
            10.31169
          ],
          [
            123.92244,
            10.31163
          ],
          [
            123.922322,
            10.311533
          ],
          [
            123.922164,
            10.311403
          ],
          [
            123.921566,
            10.310909
          ],
          [
            123.921234,
            10.310646
          ],
          [
            123.920359,
            10.309952
          ],
          [
            123.919477,
            10.309228
          ],
          [
            123.919226,
            10.309022
          ],
          [
            123.919141,
            10.308953
          ],
          [
            123.919069,
            10.309037
          ],
          [
            123.91862,
            10.309582
          ],
          [
            123.918573,
            10.309639
          ],
          [
            123.918337,
            10.309915
          ],
          [
            123.918386,
            10.309955
          ],
          [
            123.918558,
            10.310095
          ],
          [
            123.918484,
            10.310189
          ],
          [
            123.918017,
            10.310749
          ],
          [
            123.917918,
            10.310869
          ],
          [
            123.917875,
            10.310922
          ],
          [
            123.917716,
            10.311115
          ]
        ]
      }
    },
    {
      "type": "Feature",
      "properties": {
        "route_id": "PH-62B",
        "route_name": "62B Pit-os - Carbon",
        "route_type": "PUJ",
        "route_ref": "62B",
        "origin_name": "Origin",
        "destination_name": "Destination",
        "region": "Cebu",
        "province": "Cebu"
      },
      "geometry": {
        "type": "LineString",
        "coordinates": [
          [
            123.921261,
            10.394852
          ],
          [
            123.921773,
            10.395173
          ],
          [
            123.921832,
            10.39521
          ],
          [
            123.921928,
            10.394908
          ],
          [
            123.92201,
            10.394751
          ],
          [
            123.922154,
            10.394599
          ],
          [
            123.92227,
            10.394487
          ],
          [
            123.922399,
            10.394361
          ],
          [
            123.92254,
            10.394188
          ],
          [
            123.922614,
            10.394054
          ],
          [
            123.922679,
            10.393889
          ],
          [
            123.922737,
            10.393697
          ],
          [
            123.922798,
            10.3935
          ],
          [
            123.922812,
            10.393428
          ],
          [
            123.922817,
            10.393357
          ],
          [
            123.922812,
            10.393284
          ],
          [
            123.922798,
            10.393198
          ],
          [
            123.922727,
            10.393036
          ],
          [
            123.922649,
            10.392907
          ],
          [
            123.922578,
            10.392799
          ],
          [
            123.922451,
            10.392613
          ],
          [
            123.922381,
            10.39252
          ],
          [
            123.922304,
            10.392418
          ],
          [
            123.922184,
            10.392275
          ],
          [
            123.922035,
            10.392099
          ],
          [
            123.921947,
            10.391963
          ],
          [
            123.921839,
            10.391777
          ],
          [
            123.921752,
            10.391647
          ],
          [
            123.921702,
            10.39154
          ],
          [
            123.921655,
            10.391347
          ],
          [
            123.921651,
            10.391261
          ],
          [
            123.921653,
            10.391182
          ],
          [
            123.921694,
            10.390882
          ],
          [
            123.92174,
            10.390573
          ],
          [
            123.92175,
            10.390494
          ],
          [
            123.921751,
            10.390426
          ],
          [
            123.921752,
            10.390312
          ],
          [
            123.921749,
            10.390142
          ],
          [
            123.921746,
            10.389968
          ],
          [
            123.921712,
            10.389603
          ],
          [
            123.92166,
            10.389319
          ],
          [
            123.921595,
            10.388976
          ],
          [
            123.92155,
            10.388743
          ],
          [
            123.921505,
            10.388447
          ],
          [
            123.921503,
            10.388243
          ],
          [
            123.921502,
            10.388128
          ],
          [
            123.921494,
            10.387921
          ],
          [
            123.921431,
            10.387536
          ],
          [
            123.921365,
            10.387168
          ],
          [
            123.921364,
            10.387152
          ],
          [
            123.921362,
            10.387135
          ],
          [
            123.921324,
            10.386707
          ],
          [
            123.921295,
            10.38651
          ],
          [
            123.921272,
            10.386349
          ],
          [
            123.921259,
            10.386268
          ],
          [
            123.92125,
            10.386202
          ],
          [
            123.921245,
            10.386162
          ],
          [
            123.921256,
            10.386077
          ],
          [
            123.921295,
            10.385807
          ],
          [
            123.921315,
            10.385677
          ],
          [
            123.921382,
            10.38522
          ],
          [
            123.921402,
            10.385068
          ],
          [
            123.921416,
            10.384998
          ],
          [
            123.921465,
            10.384554
          ],
          [
            123.921466,
            10.384499
          ],
          [
            123.92147,
            10.384341
          ],
          [
            123.921472,
            10.384217
          ],
          [
            123.921468,
            10.384019
          ],
          [
            123.921413,
            10.38382
          ],
          [
            123.921331,
            10.383597
          ],
          [
            123.921251,
            10.383378
          ],
          [
            123.920868,
            10.382343
          ],
          [
            123.920838,
            10.382264
          ],
          [
            123.920829,
            10.382226
          ],
          [
            123.920808,
            10.382152
          ],
          [
            123.920799,
            10.381834
          ],
          [
            123.920793,
            10.381776
          ],
          [
            123.92078,
            10.38151
          ],
          [
            123.920773,
            10.381311
          ],
          [
            123.920763,
            10.381098
          ],
          [
            123.920754,
            10.380965
          ],
          [
            123.92074,
            10.380675
          ],
          [
            123.920739,
            10.380648
          ],
          [
            123.920728,
            10.380456
          ],
          [
            123.920724,
            10.380402
          ],
          [
            123.920714,
            10.380344
          ],
          [
            123.92066,
            10.380143
          ],
          [
            123.92045,
            10.37953
          ],
          [
            123.920368,
            10.379295
          ],
          [
            123.920307,
            10.379118
          ],
          [
            123.920202,
            10.378816
          ],
          [
            123.920149,
            10.37866
          ],
          [
            123.920049,
            10.378327
          ],
          [
            123.920007,
            10.378167
          ],
          [
            123.919974,
            10.378043
          ],
          [
            123.919949,
            10.377947
          ],
          [
            123.91992,
            10.377834
          ],
          [
            123.919808,
            10.377397
          ],
          [
            123.919799,
            10.377364
          ],
          [
            123.919727,
            10.376991
          ],
          [
            123.919706,
            10.376884
          ],
          [
            123.919569,
            10.376175
          ],
          [
            123.919514,
            10.375755
          ],
          [
            123.919443,
            10.375385
          ],
          [
            123.91941,
            10.375212
          ],
          [
            123.919373,
            10.375042
          ],
          [
            123.919336,
            10.374933
          ],
          [
            123.919318,
            10.37488
          ],
          [
            123.91928,
            10.374795
          ],
          [
            123.919202,
            10.374641
          ],
          [
            123.919178,
            10.374595
          ],
          [
            123.919139,
            10.374517
          ],
          [
            123.919131,
            10.374504
          ],
          [
            123.919069,
            10.374402
          ],
          [
            123.91897,
            10.374237
          ],
          [
            123.918832,
            10.374014
          ],
          [
            123.918784,
            10.37393
          ],
          [
            123.918664,
            10.373742
          ],
          [
            123.918504,
            10.373512
          ],
          [
            123.918362,
            10.373308
          ],
          [
            123.918271,
            10.373176
          ],
          [
            123.918225,
            10.37311
          ],
          [
            123.918154,
            10.373006
          ],
          [
            123.918092,
            10.372918
          ],
          [
            123.918026,
            10.372825
          ],
          [
            123.917959,
            10.372721
          ],
          [
            123.917899,
            10.372641
          ],
          [
            123.917501,
            10.372112
          ],
          [
            123.917469,
            10.372066
          ],
          [
            123.917373,
            10.371919
          ],
          [
            123.917336,
            10.37187
          ],
          [
            123.917279,
            10.371748
          ],
          [
            123.917211,
            10.371592
          ],
          [
            123.917185,
            10.371532
          ],
          [
            123.917127,
            10.371401
          ],
          [
            123.916933,
            10.370944
          ],
          [
            123.916833,
            10.370739
          ],
          [
            123.916809,
            10.370648
          ],
          [
            123.916788,
            10.370504
          ],
          [
            123.916769,
            10.370374
          ],
          [
            123.916738,
            10.370276
          ],
          [
            123.916686,
            10.370195
          ],
          [
            123.916597,
            10.370069
          ],
          [
            123.916553,
            10.369968
          ],
          [
            123.916556,
            10.369888
          ],
          [
            123.916598,
            10.369801
          ],
          [
            123.916645,
            10.369713
          ],
          [
            123.916833,
            10.369454
          ],
          [
            123.916912,
            10.369345
          ],
          [
            123.916831,
            10.369322
          ],
          [
            123.91666,
            10.369274
          ],
          [
            123.916512,
            10.369203
          ],
          [
            123.916359,
            10.369129
          ],
          [
            123.916297,
            10.36909
          ],
          [
            123.916195,
            10.369034
          ],
          [
            123.916024,
            10.368921
          ],
          [
            123.915823,
            10.368797
          ],
          [
            123.915658,
            10.368696
          ],
          [
            123.915565,
            10.368636
          ],
          [
            123.915454,
            10.368565
          ],
          [
            123.915402,
            10.368534
          ],
          [
            123.915168,
            10.368387
          ],
          [
            123.914714,
            10.368108
          ],
          [
            123.914555,
            10.368008
          ],
          [
            123.914291,
            10.367843
          ],
          [
            123.914066,
            10.367676
          ],
          [
            123.914027,
            10.367635
          ],
          [
            123.914018,
            10.367626
          ],
          [
            123.913972,
            10.367536
          ],
          [
            123.913932,
            10.367411
          ],
          [
            123.913895,
            10.36725
          ],
          [
            123.913881,
            10.367048
          ],
          [
            123.913844,
            10.366949
          ],
          [
            123.913842,
            10.36691
          ],
          [
            123.913844,
            10.366422
          ],
          [
            123.91383,
            10.365934
          ],
          [
            123.913835,
            10.365687
          ],
          [
            123.913849,
            10.365482
          ],
          [
            123.913868,
            10.365383
          ],
          [
            123.913874,
            10.365353
          ],
          [
            123.913906,
            10.36523
          ],
          [
            123.913976,
            10.36511
          ],
          [
            123.914025,
            10.365046
          ],
          [
            123.914085,
            10.365028
          ],
          [
            123.914115,
            10.365005
          ],
          [
            123.914296,
            10.364859
          ],
          [
            123.914401,
            10.364775
          ],
          [
            123.914485,
            10.364707
          ],
          [
            123.91453,
            10.364671
          ],
          [
            123.914613,
            10.364574
          ],
          [
            123.914671,
            10.364489
          ],
          [
            123.91472,
            10.364409
          ],
          [
            123.914777,
            10.364259
          ],
          [
            123.914796,
            10.364191
          ],
          [
            123.914856,
            10.363967
          ],
          [
            123.914897,
            10.363815
          ],
          [
            123.914986,
            10.363483
          ],
          [
            123.915017,
            10.363376
          ],
          [
            123.915039,
            10.363276
          ],
          [
            123.915127,
            10.362941
          ],
          [
            123.915197,
            10.362651
          ],
          [
            123.915208,
            10.362608
          ],
          [
            123.915257,
            10.362399
          ],
          [
            123.915273,
            10.362325
          ],
          [
            123.915343,
            10.362027
          ],
          [
            123.91537,
            10.361912
          ],
          [
            123.915378,
            10.361782
          ],
          [
            123.915355,
            10.361535
          ],
          [
            123.915346,
            10.361464
          ],
          [
            123.91534,
            10.361414
          ],
          [
            123.915337,
            10.361388
          ],
          [
            123.915336,
            10.361376
          ],
          [
            123.915333,
            10.36135
          ],
          [
            123.91533,
            10.361324
          ],
          [
            123.915315,
            10.361146
          ],
          [
            123.915312,
            10.36112
          ],
          [
            123.915307,
            10.361066
          ],
          [
            123.915305,
            10.360987
          ],
          [
            123.915304,
            10.360975
          ],
          [
            123.915309,
            10.360876
          ],
          [
            123.915334,
            10.360721
          ],
          [
            123.915347,
            10.360667
          ],
          [
            123.915355,
            10.360629
          ],
          [
            123.915424,
            10.360329
          ],
          [
            123.91545,
            10.360226
          ],
          [
            123.915458,
            10.360194
          ],
          [
            123.915468,
            10.360146
          ],
          [
            123.915481,
            10.360079
          ],
          [
            123.915488,
            10.360034
          ],
          [
            123.915496,
            10.359987
          ],
          [
            123.91559,
            10.359465
          ],
          [
            123.915633,
            10.359228
          ],
          [
            123.915691,
            10.358904
          ],
          [
            123.915697,
            10.358849
          ],
          [
            123.915703,
            10.358815
          ],
          [
            123.915702,
            10.358752
          ],
          [
            123.915684,
            10.358639
          ],
          [
            123.91566,
            10.358554
          ],
          [
            123.915642,
            10.358505
          ],
          [
            123.915626,
            10.358461
          ],
          [
            123.915541,
            10.358325
          ],
          [
            123.915459,
            10.358202
          ],
          [
            123.915386,
            10.358094
          ],
          [
            123.915286,
            10.357958
          ],
          [
            123.915243,
            10.3579
          ],
          [
            123.915211,
            10.357857
          ],
          [
            123.915144,
            10.357731
          ],
          [
            123.915106,
            10.357603
          ],
          [
            123.915103,
            10.357482
          ],
          [
            123.915097,
            10.357071
          ],
          [
            123.915095,
            10.356933
          ],
          [
            123.915093,
            10.356776
          ],
          [
            123.915092,
            10.356703
          ],
          [
            123.91509,
            10.356606
          ],
          [
            123.915086,
            10.356374
          ],
          [
            123.915087,
            10.356165
          ],
          [
            123.915085,
            10.355917
          ],
          [
            123.915061,
            10.355741
          ],
          [
            123.915032,
            10.355636
          ],
          [
            123.915019,
            10.355594
          ],
          [
            123.915011,
            10.355569
          ],
          [
            123.914987,
            10.355502
          ],
          [
            123.914966,
            10.355441
          ],
          [
            123.914942,
            10.355389
          ],
          [
            123.914886,
            10.355261
          ],
          [
            123.914737,
            10.354974
          ],
          [
            123.914724,
            10.354945
          ],
          [
            123.914688,
            10.354862
          ],
          [
            123.914656,
            10.354776
          ],
          [
            123.914641,
            10.354741
          ],
          [
            123.914585,
            10.354565
          ],
          [
            123.914496,
            10.354241
          ],
          [
            123.914456,
            10.35411
          ],
          [
            123.914346,
            10.353715
          ],
          [
            123.914321,
            10.353623
          ],
          [
            123.914159,
            10.353031
          ],
          [
            123.914138,
            10.352945
          ],
          [
            123.91413,
            10.35291
          ],
          [
            123.914068,
            10.352681
          ],
          [
            123.914035,
            10.352556
          ],
          [
            123.913985,
            10.352373
          ],
          [
            123.913838,
            10.351821
          ],
          [
            123.913792,
            10.351615
          ],
          [
            123.913785,
            10.351584
          ],
          [
            123.913755,
            10.351453
          ],
          [
            123.913689,
            10.351174
          ],
          [
            123.913634,
            10.350948
          ],
          [
            123.913607,
            10.350835
          ],
          [
            123.913585,
            10.350706
          ],
          [
            123.913581,
            10.350683
          ],
          [
            123.913566,
            10.350594
          ],
          [
            123.913555,
            10.350531
          ],
          [
            123.913542,
            10.350461
          ],
          [
            123.913527,
            10.350379
          ],
          [
            123.913483,
            10.350145
          ],
          [
            123.913475,
            10.350103
          ],
          [
            123.913412,
            10.349763
          ],
          [
            123.913401,
            10.349705
          ],
          [
            123.913381,
            10.349596
          ],
          [
            123.913361,
            10.349487
          ],
          [
            123.913321,
            10.349274
          ],
          [
            123.913288,
            10.349097
          ],
          [
            123.913276,
            10.349033
          ],
          [
            123.913258,
            10.348933
          ],
          [
            123.913227,
            10.348766
          ],
          [
            123.913215,
            10.348705
          ],
          [
            123.913186,
            10.348549
          ],
          [
            123.913119,
            10.348202
          ],
          [
            123.913112,
            10.348163
          ],
          [
            123.913061,
            10.347903
          ],
          [
            123.91301,
            10.347634
          ],
          [
            123.913005,
            10.347611
          ],
          [
            123.912928,
            10.347209
          ],
          [
            123.912893,
            10.347008
          ],
          [
            123.912873,
            10.346881
          ],
          [
            123.912832,
            10.346613
          ],
          [
            123.912831,
            10.346602
          ],
          [
            123.912805,
            10.346426
          ],
          [
            123.912804,
            10.346424
          ],
          [
            123.912792,
            10.346344
          ],
          [
            123.912783,
            10.346285
          ],
          [
            123.912769,
            10.346196
          ],
          [
            123.91274,
            10.346019
          ],
          [
            123.912729,
            10.345948
          ],
          [
            123.912712,
            10.345842
          ],
          [
            123.912693,
            10.345721
          ],
          [
            123.912572,
            10.34513
          ],
          [
            123.911978,
            10.341636
          ],
          [
            123.911894,
            10.341139
          ],
          [
            123.911884,
            10.341081
          ],
          [
            123.911863,
            10.340962
          ],
          [
            123.91184,
            10.340829
          ],
          [
            123.911832,
            10.340783
          ],
          [
            123.911812,
            10.340669
          ],
          [
            123.911762,
            10.340384
          ],
          [
            123.911718,
            10.340136
          ],
          [
            123.911695,
            10.339996
          ],
          [
            123.911617,
            10.339512
          ],
          [
            123.911598,
            10.339397
          ],
          [
            123.911515,
            10.338897
          ],
          [
            123.911469,
            10.338618
          ],
          [
            123.911461,
            10.338567
          ],
          [
            123.911448,
            10.338482
          ],
          [
            123.911419,
            10.338309
          ],
          [
            123.911405,
            10.338225
          ],
          [
            123.911368,
            10.337995
          ],
          [
            123.911357,
            10.337925
          ],
          [
            123.911341,
            10.337832
          ],
          [
            123.911315,
            10.33767
          ],
          [
            123.911304,
            10.337601
          ],
          [
            123.911285,
            10.337485
          ],
          [
            123.911273,
            10.33741
          ],
          [
            123.91127,
            10.337392
          ],
          [
            123.911155,
            10.336781
          ],
          [
            123.91115,
            10.336752
          ],
          [
            123.911122,
            10.336606
          ],
          [
            123.911075,
            10.336338
          ],
          [
            123.911025,
            10.336056
          ],
          [
            123.911011,
            10.335977
          ],
          [
            123.910935,
            10.335544
          ],
          [
            123.910926,
            10.335498
          ],
          [
            123.910908,
            10.335398
          ],
          [
            123.910903,
            10.335364
          ],
          [
            123.9109,
            10.335348
          ],
          [
            123.91089,
            10.335293
          ],
          [
            123.910837,
            10.334992
          ],
          [
            123.910713,
            10.334288
          ],
          [
            123.910577,
            10.333618
          ],
          [
            123.910442,
            10.332949
          ],
          [
            123.910371,
            10.332598
          ],
          [
            123.910365,
            10.33257
          ],
          [
            123.910334,
            10.332429
          ],
          [
            123.910287,
            10.332212
          ],
          [
            123.910255,
            10.332098
          ],
          [
            123.910241,
            10.332047
          ],
          [
            123.91017,
            10.331778
          ],
          [
            123.910141,
            10.331678
          ],
          [
            123.910047,
            10.331367
          ],
          [
            123.909925,
            10.330995
          ],
          [
            123.909902,
            10.330924
          ],
          [
            123.909671,
            10.330366
          ],
          [
            123.909646,
            10.330309
          ],
          [
            123.909599,
            10.330185
          ],
          [
            123.909575,
            10.330128
          ],
          [
            123.909531,
            10.330031
          ],
          [
            123.909393,
            10.32969
          ],
          [
            123.90918,
            10.329205
          ],
          [
            123.909116,
            10.329053
          ],
          [
            123.908985,
            10.328717
          ],
          [
            123.908944,
            10.328618
          ],
          [
            123.90894,
            10.32861
          ],
          [
            123.90893,
            10.328587
          ],
          [
            123.908917,
            10.328559
          ],
          [
            123.908907,
            10.328536
          ],
          [
            123.908887,
            10.328492
          ],
          [
            123.908811,
            10.32832
          ],
          [
            123.908794,
            10.328281
          ],
          [
            123.908732,
            10.328142
          ],
          [
            123.908717,
            10.328107
          ],
          [
            123.908698,
            10.328067
          ],
          [
            123.908686,
            10.32804
          ],
          [
            123.908661,
            10.327986
          ],
          [
            123.908638,
            10.327935
          ],
          [
            123.908629,
            10.327915
          ],
          [
            123.90832,
            10.327246
          ],
          [
            123.907958,
            10.326425
          ],
          [
            123.907887,
            10.326273
          ],
          [
            123.907806,
            10.326134
          ],
          [
            123.907706,
            10.326008
          ],
          [
            123.907333,
            10.325667
          ],
          [
            123.90725,
            10.325564
          ],
          [
            123.907147,
            10.32543
          ],
          [
            123.906867,
            10.325047
          ],
          [
            123.906443,
            10.32439
          ],
          [
            123.906354,
            10.324275
          ],
          [
            123.906244,
            10.324118
          ],
          [
            123.906161,
            10.323986
          ],
          [
            123.906108,
            10.323912
          ],
          [
            123.906095,
            10.323894
          ],
          [
            123.906074,
            10.323863
          ],
          [
            123.905986,
            10.323726
          ],
          [
            123.905817,
            10.323468
          ],
          [
            123.905224,
            10.322561
          ],
          [
            123.905202,
            10.322526
          ],
          [
            123.905148,
            10.322444
          ],
          [
            123.90511,
            10.322387
          ],
          [
            123.905103,
            10.322376
          ],
          [
            123.904911,
            10.32209
          ],
          [
            123.904836,
            10.32198
          ],
          [
            123.904827,
            10.321966
          ],
          [
            123.904789,
            10.321902
          ],
          [
            123.904479,
            10.321438
          ],
          [
            123.904054,
            10.320767
          ],
          [
            123.903895,
            10.320512
          ],
          [
            123.903758,
            10.320246
          ],
          [
            123.90337,
            10.3194
          ],
          [
            123.903283,
            10.319172
          ],
          [
            123.903182,
            10.318961
          ],
          [
            123.903159,
            10.318912
          ],
          [
            123.903072,
            10.318731
          ],
          [
            123.902971,
            10.318502
          ],
          [
            123.90268,
            10.317901
          ],
          [
            123.902664,
            10.317862
          ],
          [
            123.902626,
            10.317771
          ],
          [
            123.902575,
            10.317659
          ],
          [
            123.902529,
            10.317557
          ],
          [
            123.90234,
            10.317162
          ],
          [
            123.902177,
            10.316795
          ],
          [
            123.902042,
            10.316454
          ],
          [
            123.902028,
            10.316418
          ],
          [
            123.90173,
            10.315551
          ],
          [
            123.901693,
            10.315423
          ],
          [
            123.901609,
            10.315364
          ],
          [
            123.901696,
            10.315174
          ],
          [
            123.901758,
            10.315059
          ],
          [
            123.901778,
            10.315022
          ],
          [
            123.901722,
            10.314968
          ],
          [
            123.901688,
            10.314886
          ],
          [
            123.901659,
            10.31476
          ],
          [
            123.901647,
            10.314608
          ],
          [
            123.90166,
            10.314416
          ],
          [
            123.901671,
            10.314209
          ],
          [
            123.90163,
            10.314088
          ],
          [
            123.901461,
            10.313762
          ],
          [
            123.90143,
            10.313708
          ],
          [
            123.901395,
            10.313645
          ],
          [
            123.901308,
            10.313564
          ],
          [
            123.901226,
            10.313493
          ],
          [
            123.901002,
            10.313297
          ],
          [
            123.900812,
            10.313131
          ],
          [
            123.900753,
            10.31308
          ],
          [
            123.900688,
            10.313017
          ],
          [
            123.900593,
            10.31288
          ],
          [
            123.900563,
            10.312816
          ],
          [
            123.900547,
            10.312747
          ],
          [
            123.90053,
            10.312622
          ],
          [
            123.900512,
            10.312512
          ],
          [
            123.900436,
            10.312318
          ],
          [
            123.90036,
            10.312217
          ],
          [
            123.90022,
            10.312032
          ],
          [
            123.900149,
            10.311939
          ],
          [
            123.899915,
            10.311631
          ],
          [
            123.899908,
            10.311621
          ],
          [
            123.899852,
            10.311547
          ],
          [
            123.899835,
            10.31151
          ],
          [
            123.899806,
            10.311385
          ],
          [
            123.899808,
            10.311261
          ],
          [
            123.8998,
            10.311103
          ],
          [
            123.899746,
            10.310717
          ],
          [
            123.899681,
            10.310355
          ],
          [
            123.899666,
            10.310292
          ],
          [
            123.89962,
            10.310136
          ],
          [
            123.899608,
            10.310037
          ],
          [
            123.899607,
            10.31
          ],
          [
            123.899615,
            10.309875
          ],
          [
            123.89963,
            10.309538
          ],
          [
            123.899634,
            10.309482
          ],
          [
            123.899636,
            10.309299
          ],
          [
            123.89964,
            10.309105
          ],
          [
            123.899644,
            10.309064
          ],
          [
            123.89965,
            10.308999
          ],
          [
            123.899663,
            10.308858
          ],
          [
            123.899668,
            10.308786
          ],
          [
            123.8997,
            10.308336
          ],
          [
            123.899697,
            10.307777
          ],
          [
            123.899686,
            10.307332
          ],
          [
            123.899686,
            10.307186
          ],
          [
            123.89969,
            10.307015
          ],
          [
            123.899702,
            10.306819
          ],
          [
            123.899719,
            10.306659
          ],
          [
            123.899723,
            10.306621
          ],
          [
            123.899773,
            10.306219
          ],
          [
            123.899784,
            10.306118
          ],
          [
            123.899843,
            10.305665
          ],
          [
            123.89987,
            10.30545
          ],
          [
            123.899883,
            10.305325
          ],
          [
            123.899892,
            10.305239
          ],
          [
            123.899886,
            10.305163
          ],
          [
            123.899351,
            10.305036
          ],
          [
            123.89842,
            10.304772
          ],
          [
            123.898286,
            10.304734
          ],
          [
            123.898161,
            10.304674
          ],
          [
            123.898164,
            10.304581
          ],
          [
            123.898214,
            10.303231
          ],
          [
            123.898216,
            10.303004
          ],
          [
            123.898216,
            10.302925
          ],
          [
            123.898142,
            10.302901
          ],
          [
            123.897827,
            10.302798
          ],
          [
            123.897776,
            10.302776
          ],
          [
            123.897714,
            10.302771
          ],
          [
            123.897044,
            10.302548
          ],
          [
            123.895997,
            10.302184
          ],
          [
            123.89596,
            10.302168
          ],
          [
            123.895883,
            10.30213
          ],
          [
            123.895828,
            10.302102
          ],
          [
            123.895858,
            10.302008
          ],
          [
            123.89615,
            10.301171
          ],
          [
            123.896243,
            10.300905
          ],
          [
            123.896421,
            10.300413
          ],
          [
            123.896518,
            10.300137
          ],
          [
            123.896628,
            10.299834
          ],
          [
            123.896693,
            10.299661
          ],
          [
            123.896764,
            10.299543
          ],
          [
            123.896815,
            10.299414
          ],
          [
            123.896876,
            10.299244
          ],
          [
            123.896981,
            10.298944
          ],
          [
            123.897,
            10.298893
          ],
          [
            123.897022,
            10.298826
          ],
          [
            123.897029,
            10.298806
          ],
          [
            123.897102,
            10.29861
          ],
          [
            123.897196,
            10.29835
          ],
          [
            123.89723,
            10.29825
          ],
          [
            123.897379,
            10.297824
          ],
          [
            123.897414,
            10.297728
          ],
          [
            123.897512,
            10.297679
          ],
          [
            123.897535,
            10.297632
          ],
          [
            123.897728,
            10.297253
          ],
          [
            123.897784,
            10.297141
          ],
          [
            123.898173,
            10.296414
          ],
          [
            123.898206,
            10.296372
          ],
          [
            123.898236,
            10.296336
          ],
          [
            123.89828,
            10.296302
          ],
          [
            123.89844,
            10.296221
          ],
          [
            123.898524,
            10.296187
          ],
          [
            123.898843,
            10.296038
          ],
          [
            123.89917,
            10.295901
          ],
          [
            123.89941,
            10.295793
          ],
          [
            123.899521,
            10.295745
          ],
          [
            123.899451,
            10.295647
          ],
          [
            123.899267,
            10.295073
          ],
          [
            123.899085,
            10.294469
          ],
          [
            123.899049,
            10.294355
          ],
          [
            123.898787,
            10.293399
          ],
          [
            123.898734,
            10.293219
          ]
        ]
      }
    },
    {
      "type": "Feature",
      "properties": {
        "route_id": "PH-62C",
        "route_name": "62C Pit-os - Colon",
        "route_type": "PUJ",
        "route_ref": "62C",
        "origin_name": "Origin",
        "destination_name": "Destination",
        "region": "Cebu",
        "province": "Cebu"
      },
      "geometry": {
        "type": "LineString",
        "coordinates": [
          [
            123.921261,
            10.394852
          ],
          [
            123.921773,
            10.395173
          ],
          [
            123.921832,
            10.39521
          ],
          [
            123.921928,
            10.394908
          ],
          [
            123.92201,
            10.394751
          ],
          [
            123.922154,
            10.394599
          ],
          [
            123.92227,
            10.394487
          ],
          [
            123.922399,
            10.394361
          ],
          [
            123.92254,
            10.394188
          ],
          [
            123.922614,
            10.394054
          ],
          [
            123.922679,
            10.393889
          ],
          [
            123.922737,
            10.393697
          ],
          [
            123.922798,
            10.3935
          ],
          [
            123.922812,
            10.393428
          ],
          [
            123.922817,
            10.393357
          ],
          [
            123.922812,
            10.393284
          ],
          [
            123.922798,
            10.393198
          ],
          [
            123.922727,
            10.393036
          ],
          [
            123.922649,
            10.392907
          ],
          [
            123.922578,
            10.392799
          ],
          [
            123.922451,
            10.392613
          ],
          [
            123.922381,
            10.39252
          ],
          [
            123.922304,
            10.392418
          ],
          [
            123.922184,
            10.392275
          ],
          [
            123.922035,
            10.392099
          ],
          [
            123.921947,
            10.391963
          ],
          [
            123.921839,
            10.391777
          ],
          [
            123.921752,
            10.391647
          ],
          [
            123.921702,
            10.39154
          ],
          [
            123.921655,
            10.391347
          ],
          [
            123.921651,
            10.391261
          ],
          [
            123.921653,
            10.391182
          ],
          [
            123.921694,
            10.390882
          ],
          [
            123.92174,
            10.390573
          ],
          [
            123.92175,
            10.390494
          ],
          [
            123.921751,
            10.390426
          ],
          [
            123.921752,
            10.390312
          ],
          [
            123.921749,
            10.390142
          ],
          [
            123.921746,
            10.389968
          ],
          [
            123.921712,
            10.389603
          ],
          [
            123.92166,
            10.389319
          ],
          [
            123.921595,
            10.388976
          ],
          [
            123.92155,
            10.388743
          ],
          [
            123.921505,
            10.388447
          ],
          [
            123.921503,
            10.388243
          ],
          [
            123.921502,
            10.388128
          ],
          [
            123.921494,
            10.387921
          ],
          [
            123.921431,
            10.387536
          ],
          [
            123.921365,
            10.387168
          ],
          [
            123.921364,
            10.387152
          ],
          [
            123.921362,
            10.387135
          ],
          [
            123.921324,
            10.386707
          ],
          [
            123.921295,
            10.38651
          ],
          [
            123.921272,
            10.386349
          ],
          [
            123.921259,
            10.386268
          ],
          [
            123.92125,
            10.386202
          ],
          [
            123.921245,
            10.386162
          ],
          [
            123.921256,
            10.386077
          ],
          [
            123.921295,
            10.385807
          ],
          [
            123.921315,
            10.385677
          ],
          [
            123.921382,
            10.38522
          ],
          [
            123.921402,
            10.385068
          ],
          [
            123.921416,
            10.384998
          ],
          [
            123.921465,
            10.384554
          ],
          [
            123.921466,
            10.384499
          ],
          [
            123.92147,
            10.384341
          ],
          [
            123.921472,
            10.384217
          ],
          [
            123.921468,
            10.384019
          ],
          [
            123.921413,
            10.38382
          ],
          [
            123.921331,
            10.383597
          ],
          [
            123.921251,
            10.383378
          ],
          [
            123.920868,
            10.382343
          ],
          [
            123.920838,
            10.382264
          ],
          [
            123.920829,
            10.382226
          ],
          [
            123.920808,
            10.382152
          ],
          [
            123.920799,
            10.381834
          ],
          [
            123.920793,
            10.381776
          ],
          [
            123.92078,
            10.38151
          ],
          [
            123.920773,
            10.381311
          ],
          [
            123.920763,
            10.381098
          ],
          [
            123.920754,
            10.380965
          ],
          [
            123.92074,
            10.380675
          ],
          [
            123.920739,
            10.380648
          ],
          [
            123.920728,
            10.380456
          ],
          [
            123.920724,
            10.380402
          ],
          [
            123.920714,
            10.380344
          ],
          [
            123.92066,
            10.380143
          ],
          [
            123.92045,
            10.37953
          ],
          [
            123.920368,
            10.379295
          ],
          [
            123.920307,
            10.379118
          ],
          [
            123.920202,
            10.378816
          ],
          [
            123.920149,
            10.37866
          ],
          [
            123.920049,
            10.378327
          ],
          [
            123.920007,
            10.378167
          ],
          [
            123.919974,
            10.378043
          ],
          [
            123.919949,
            10.377947
          ],
          [
            123.91992,
            10.377834
          ],
          [
            123.919808,
            10.377397
          ],
          [
            123.919799,
            10.377364
          ],
          [
            123.919727,
            10.376991
          ],
          [
            123.919706,
            10.376884
          ],
          [
            123.919569,
            10.376175
          ],
          [
            123.919514,
            10.375755
          ],
          [
            123.919443,
            10.375385
          ],
          [
            123.91941,
            10.375212
          ],
          [
            123.919373,
            10.375042
          ],
          [
            123.919336,
            10.374933
          ],
          [
            123.919318,
            10.37488
          ],
          [
            123.91928,
            10.374795
          ],
          [
            123.919202,
            10.374641
          ],
          [
            123.919178,
            10.374595
          ],
          [
            123.919139,
            10.374517
          ],
          [
            123.919131,
            10.374504
          ],
          [
            123.919069,
            10.374402
          ],
          [
            123.91897,
            10.374237
          ],
          [
            123.918832,
            10.374014
          ],
          [
            123.918784,
            10.37393
          ],
          [
            123.918664,
            10.373742
          ],
          [
            123.918504,
            10.373512
          ],
          [
            123.918362,
            10.373308
          ],
          [
            123.918271,
            10.373176
          ],
          [
            123.918225,
            10.37311
          ],
          [
            123.918154,
            10.373006
          ],
          [
            123.918092,
            10.372918
          ],
          [
            123.918026,
            10.372825
          ],
          [
            123.917959,
            10.372721
          ],
          [
            123.917899,
            10.372641
          ],
          [
            123.917501,
            10.372112
          ],
          [
            123.917469,
            10.372066
          ],
          [
            123.917373,
            10.371919
          ],
          [
            123.917336,
            10.37187
          ],
          [
            123.917279,
            10.371748
          ],
          [
            123.917211,
            10.371592
          ],
          [
            123.917185,
            10.371532
          ],
          [
            123.917127,
            10.371401
          ],
          [
            123.916933,
            10.370944
          ],
          [
            123.916833,
            10.370739
          ],
          [
            123.916809,
            10.370648
          ],
          [
            123.916788,
            10.370504
          ],
          [
            123.916769,
            10.370374
          ],
          [
            123.916738,
            10.370276
          ],
          [
            123.916686,
            10.370195
          ],
          [
            123.916597,
            10.370069
          ],
          [
            123.916553,
            10.369968
          ],
          [
            123.916556,
            10.369888
          ],
          [
            123.916598,
            10.369801
          ],
          [
            123.916645,
            10.369713
          ],
          [
            123.916833,
            10.369454
          ],
          [
            123.916912,
            10.369345
          ],
          [
            123.916831,
            10.369322
          ],
          [
            123.91666,
            10.369274
          ],
          [
            123.916512,
            10.369203
          ],
          [
            123.916359,
            10.369129
          ],
          [
            123.916297,
            10.36909
          ],
          [
            123.916195,
            10.369034
          ],
          [
            123.916024,
            10.368921
          ],
          [
            123.915823,
            10.368797
          ],
          [
            123.915658,
            10.368696
          ],
          [
            123.915565,
            10.368636
          ],
          [
            123.915454,
            10.368565
          ],
          [
            123.915402,
            10.368534
          ],
          [
            123.915168,
            10.368387
          ],
          [
            123.914714,
            10.368108
          ],
          [
            123.914555,
            10.368008
          ],
          [
            123.914291,
            10.367843
          ],
          [
            123.914066,
            10.367676
          ],
          [
            123.914027,
            10.367635
          ],
          [
            123.914018,
            10.367626
          ],
          [
            123.913972,
            10.367536
          ],
          [
            123.913932,
            10.367411
          ],
          [
            123.913895,
            10.36725
          ],
          [
            123.913881,
            10.367048
          ],
          [
            123.913844,
            10.366949
          ],
          [
            123.913842,
            10.36691
          ],
          [
            123.913844,
            10.366422
          ],
          [
            123.91383,
            10.365934
          ],
          [
            123.913835,
            10.365687
          ],
          [
            123.913849,
            10.365482
          ],
          [
            123.913868,
            10.365383
          ],
          [
            123.913874,
            10.365353
          ],
          [
            123.913906,
            10.36523
          ],
          [
            123.913976,
            10.36511
          ],
          [
            123.914025,
            10.365046
          ],
          [
            123.914085,
            10.365028
          ],
          [
            123.914115,
            10.365005
          ],
          [
            123.914296,
            10.364859
          ],
          [
            123.914401,
            10.364775
          ],
          [
            123.914485,
            10.364707
          ],
          [
            123.91453,
            10.364671
          ],
          [
            123.914613,
            10.364574
          ],
          [
            123.914671,
            10.364489
          ],
          [
            123.91472,
            10.364409
          ],
          [
            123.914777,
            10.364259
          ],
          [
            123.914796,
            10.364191
          ],
          [
            123.914856,
            10.363967
          ],
          [
            123.914897,
            10.363815
          ],
          [
            123.914986,
            10.363483
          ],
          [
            123.915017,
            10.363376
          ],
          [
            123.915039,
            10.363276
          ],
          [
            123.915127,
            10.362941
          ],
          [
            123.915197,
            10.362651
          ],
          [
            123.915208,
            10.362608
          ],
          [
            123.915257,
            10.362399
          ],
          [
            123.915273,
            10.362325
          ],
          [
            123.915343,
            10.362027
          ],
          [
            123.91537,
            10.361912
          ],
          [
            123.915378,
            10.361782
          ],
          [
            123.915355,
            10.361535
          ],
          [
            123.915346,
            10.361464
          ],
          [
            123.91534,
            10.361414
          ],
          [
            123.915337,
            10.361388
          ],
          [
            123.915336,
            10.361376
          ],
          [
            123.915333,
            10.36135
          ],
          [
            123.91533,
            10.361324
          ],
          [
            123.915315,
            10.361146
          ],
          [
            123.915312,
            10.36112
          ],
          [
            123.915307,
            10.361066
          ],
          [
            123.915305,
            10.360987
          ],
          [
            123.915304,
            10.360975
          ],
          [
            123.915309,
            10.360876
          ],
          [
            123.915334,
            10.360721
          ],
          [
            123.915347,
            10.360667
          ],
          [
            123.915355,
            10.360629
          ],
          [
            123.915424,
            10.360329
          ],
          [
            123.91545,
            10.360226
          ],
          [
            123.915458,
            10.360194
          ],
          [
            123.915468,
            10.360146
          ],
          [
            123.915481,
            10.360079
          ],
          [
            123.915488,
            10.360034
          ],
          [
            123.915496,
            10.359987
          ],
          [
            123.91559,
            10.359465
          ],
          [
            123.915633,
            10.359228
          ],
          [
            123.915691,
            10.358904
          ],
          [
            123.915697,
            10.358849
          ],
          [
            123.915703,
            10.358815
          ],
          [
            123.915702,
            10.358752
          ],
          [
            123.915684,
            10.358639
          ],
          [
            123.91566,
            10.358554
          ],
          [
            123.915642,
            10.358505
          ],
          [
            123.915626,
            10.358461
          ],
          [
            123.915541,
            10.358325
          ],
          [
            123.915459,
            10.358202
          ],
          [
            123.915386,
            10.358094
          ],
          [
            123.915286,
            10.357958
          ],
          [
            123.915243,
            10.3579
          ],
          [
            123.915211,
            10.357857
          ],
          [
            123.915144,
            10.357731
          ],
          [
            123.915106,
            10.357603
          ],
          [
            123.915103,
            10.357482
          ],
          [
            123.915097,
            10.357071
          ],
          [
            123.915095,
            10.356933
          ],
          [
            123.915093,
            10.356776
          ],
          [
            123.915092,
            10.356703
          ],
          [
            123.91509,
            10.356606
          ],
          [
            123.915086,
            10.356374
          ],
          [
            123.915087,
            10.356165
          ],
          [
            123.915085,
            10.355917
          ],
          [
            123.915061,
            10.355741
          ],
          [
            123.915032,
            10.355636
          ],
          [
            123.915019,
            10.355594
          ],
          [
            123.915011,
            10.355569
          ],
          [
            123.914987,
            10.355502
          ],
          [
            123.914966,
            10.355441
          ],
          [
            123.914942,
            10.355389
          ],
          [
            123.914886,
            10.355261
          ],
          [
            123.914737,
            10.354974
          ],
          [
            123.914724,
            10.354945
          ],
          [
            123.914688,
            10.354862
          ],
          [
            123.914656,
            10.354776
          ],
          [
            123.914641,
            10.354741
          ],
          [
            123.914585,
            10.354565
          ],
          [
            123.914496,
            10.354241
          ],
          [
            123.914456,
            10.35411
          ],
          [
            123.914346,
            10.353715
          ],
          [
            123.914321,
            10.353623
          ],
          [
            123.914159,
            10.353031
          ],
          [
            123.914138,
            10.352945
          ],
          [
            123.91413,
            10.35291
          ],
          [
            123.914068,
            10.352681
          ],
          [
            123.914035,
            10.352556
          ],
          [
            123.913985,
            10.352373
          ],
          [
            123.913838,
            10.351821
          ],
          [
            123.913792,
            10.351615
          ],
          [
            123.913785,
            10.351584
          ],
          [
            123.913755,
            10.351453
          ],
          [
            123.913689,
            10.351174
          ],
          [
            123.913634,
            10.350948
          ],
          [
            123.913607,
            10.350835
          ],
          [
            123.913585,
            10.350706
          ],
          [
            123.913581,
            10.350683
          ],
          [
            123.913566,
            10.350594
          ],
          [
            123.913555,
            10.350531
          ],
          [
            123.913542,
            10.350461
          ],
          [
            123.913527,
            10.350379
          ],
          [
            123.913483,
            10.350145
          ],
          [
            123.913475,
            10.350103
          ],
          [
            123.913412,
            10.349763
          ],
          [
            123.913401,
            10.349705
          ],
          [
            123.913381,
            10.349596
          ],
          [
            123.913361,
            10.349487
          ],
          [
            123.913321,
            10.349274
          ],
          [
            123.913288,
            10.349097
          ],
          [
            123.913276,
            10.349033
          ],
          [
            123.913258,
            10.348933
          ],
          [
            123.913227,
            10.348766
          ],
          [
            123.913215,
            10.348705
          ],
          [
            123.913186,
            10.348549
          ],
          [
            123.913119,
            10.348202
          ],
          [
            123.913112,
            10.348163
          ],
          [
            123.913061,
            10.347903
          ],
          [
            123.91301,
            10.347634
          ],
          [
            123.913005,
            10.347611
          ],
          [
            123.912928,
            10.347209
          ],
          [
            123.912893,
            10.347008
          ],
          [
            123.912873,
            10.346881
          ],
          [
            123.912832,
            10.346613
          ],
          [
            123.912831,
            10.346602
          ],
          [
            123.912805,
            10.346426
          ],
          [
            123.912804,
            10.346424
          ],
          [
            123.912792,
            10.346344
          ],
          [
            123.912783,
            10.346285
          ],
          [
            123.912769,
            10.346196
          ],
          [
            123.91274,
            10.346019
          ],
          [
            123.912729,
            10.345948
          ],
          [
            123.912712,
            10.345842
          ],
          [
            123.912693,
            10.345721
          ],
          [
            123.912572,
            10.34513
          ],
          [
            123.911978,
            10.341636
          ],
          [
            123.911894,
            10.341139
          ],
          [
            123.911884,
            10.341081
          ],
          [
            123.911863,
            10.340962
          ],
          [
            123.91184,
            10.340829
          ],
          [
            123.911832,
            10.340783
          ],
          [
            123.911812,
            10.340669
          ],
          [
            123.911762,
            10.340384
          ],
          [
            123.911718,
            10.340136
          ],
          [
            123.911695,
            10.339996
          ],
          [
            123.911617,
            10.339512
          ],
          [
            123.911598,
            10.339397
          ],
          [
            123.911515,
            10.338897
          ],
          [
            123.911469,
            10.338618
          ],
          [
            123.911461,
            10.338567
          ],
          [
            123.911448,
            10.338482
          ],
          [
            123.911419,
            10.338309
          ],
          [
            123.911405,
            10.338225
          ],
          [
            123.911368,
            10.337995
          ],
          [
            123.911357,
            10.337925
          ],
          [
            123.911341,
            10.337832
          ],
          [
            123.911315,
            10.33767
          ],
          [
            123.911304,
            10.337601
          ],
          [
            123.911285,
            10.337485
          ],
          [
            123.911273,
            10.33741
          ],
          [
            123.91127,
            10.337392
          ],
          [
            123.911155,
            10.336781
          ],
          [
            123.91115,
            10.336752
          ],
          [
            123.911122,
            10.336606
          ],
          [
            123.911075,
            10.336338
          ],
          [
            123.911025,
            10.336056
          ],
          [
            123.911011,
            10.335977
          ],
          [
            123.910935,
            10.335544
          ],
          [
            123.910926,
            10.335498
          ],
          [
            123.910908,
            10.335398
          ],
          [
            123.910903,
            10.335364
          ],
          [
            123.9109,
            10.335348
          ],
          [
            123.91089,
            10.335293
          ],
          [
            123.910837,
            10.334992
          ],
          [
            123.910713,
            10.334288
          ],
          [
            123.910577,
            10.333618
          ],
          [
            123.910442,
            10.332949
          ],
          [
            123.910371,
            10.332598
          ],
          [
            123.910365,
            10.33257
          ],
          [
            123.910334,
            10.332429
          ],
          [
            123.910287,
            10.332212
          ],
          [
            123.910255,
            10.332098
          ],
          [
            123.910241,
            10.332047
          ],
          [
            123.91017,
            10.331778
          ],
          [
            123.910141,
            10.331678
          ],
          [
            123.910047,
            10.331367
          ],
          [
            123.909925,
            10.330995
          ],
          [
            123.909902,
            10.330924
          ],
          [
            123.909671,
            10.330366
          ],
          [
            123.909646,
            10.330309
          ],
          [
            123.909599,
            10.330185
          ],
          [
            123.909575,
            10.330128
          ],
          [
            123.909531,
            10.330031
          ],
          [
            123.909393,
            10.32969
          ],
          [
            123.90918,
            10.329205
          ],
          [
            123.909116,
            10.329053
          ],
          [
            123.908985,
            10.328717
          ],
          [
            123.908944,
            10.328618
          ],
          [
            123.90894,
            10.32861
          ],
          [
            123.90893,
            10.328587
          ],
          [
            123.908917,
            10.328559
          ],
          [
            123.908907,
            10.328536
          ],
          [
            123.908887,
            10.328492
          ],
          [
            123.908811,
            10.32832
          ],
          [
            123.908794,
            10.328281
          ],
          [
            123.908732,
            10.328142
          ],
          [
            123.908717,
            10.328107
          ],
          [
            123.908698,
            10.328067
          ],
          [
            123.908686,
            10.32804
          ],
          [
            123.908661,
            10.327986
          ],
          [
            123.908638,
            10.327935
          ],
          [
            123.908629,
            10.327915
          ],
          [
            123.90832,
            10.327246
          ],
          [
            123.907958,
            10.326425
          ],
          [
            123.907887,
            10.326273
          ],
          [
            123.907806,
            10.326134
          ],
          [
            123.907706,
            10.326008
          ],
          [
            123.907333,
            10.325667
          ],
          [
            123.90725,
            10.325564
          ],
          [
            123.907147,
            10.32543
          ],
          [
            123.906867,
            10.325047
          ],
          [
            123.906443,
            10.32439
          ],
          [
            123.906354,
            10.324275
          ],
          [
            123.906244,
            10.324118
          ],
          [
            123.906161,
            10.323986
          ],
          [
            123.906108,
            10.323912
          ],
          [
            123.906095,
            10.323894
          ],
          [
            123.906074,
            10.323863
          ],
          [
            123.905986,
            10.323726
          ],
          [
            123.905817,
            10.323468
          ],
          [
            123.905224,
            10.322561
          ],
          [
            123.905202,
            10.322526
          ],
          [
            123.905148,
            10.322444
          ],
          [
            123.90511,
            10.322387
          ],
          [
            123.905103,
            10.322376
          ],
          [
            123.904911,
            10.32209
          ],
          [
            123.904836,
            10.32198
          ],
          [
            123.904827,
            10.321966
          ],
          [
            123.904789,
            10.321902
          ],
          [
            123.904479,
            10.321438
          ],
          [
            123.904054,
            10.320767
          ],
          [
            123.903895,
            10.320512
          ],
          [
            123.903758,
            10.320246
          ],
          [
            123.90337,
            10.3194
          ],
          [
            123.903283,
            10.319172
          ],
          [
            123.903182,
            10.318961
          ],
          [
            123.903159,
            10.318912
          ],
          [
            123.903072,
            10.318731
          ],
          [
            123.902971,
            10.318502
          ],
          [
            123.90268,
            10.317901
          ],
          [
            123.902664,
            10.317862
          ],
          [
            123.902626,
            10.317771
          ],
          [
            123.902575,
            10.317659
          ],
          [
            123.902529,
            10.317557
          ],
          [
            123.90234,
            10.317162
          ],
          [
            123.902177,
            10.316795
          ],
          [
            123.902042,
            10.316454
          ],
          [
            123.902028,
            10.316418
          ],
          [
            123.90173,
            10.315551
          ],
          [
            123.901693,
            10.315423
          ],
          [
            123.901609,
            10.315364
          ],
          [
            123.901696,
            10.315174
          ],
          [
            123.901758,
            10.315059
          ],
          [
            123.901778,
            10.315022
          ],
          [
            123.901886,
            10.314815
          ],
          [
            123.902013,
            10.31458
          ],
          [
            123.90222,
            10.314179
          ],
          [
            123.902521,
            10.313587
          ],
          [
            123.902638,
            10.313368
          ],
          [
            123.90267,
            10.313307
          ],
          [
            123.902726,
            10.3132
          ],
          [
            123.902762,
            10.313128
          ],
          [
            123.903039,
            10.312591
          ],
          [
            123.903123,
            10.312423
          ],
          [
            123.903171,
            10.312332
          ],
          [
            123.903274,
            10.312137
          ],
          [
            123.903385,
            10.311924
          ],
          [
            123.903456,
            10.311795
          ],
          [
            123.903493,
            10.31172
          ],
          [
            123.903767,
            10.311186
          ],
          [
            123.9038,
            10.311121
          ],
          [
            123.903863,
            10.310996
          ],
          [
            123.903877,
            10.310968
          ],
          [
            123.903926,
            10.31088
          ],
          [
            123.903935,
            10.310861
          ],
          [
            123.903942,
            10.310844
          ],
          [
            123.903952,
            10.310822
          ],
          [
            123.903955,
            10.310802
          ],
          [
            123.903956,
            10.310762
          ],
          [
            123.903954,
            10.310741
          ],
          [
            123.90395,
            10.310688
          ],
          [
            123.90404,
            10.310631
          ],
          [
            123.904089,
            10.3106
          ],
          [
            123.904163,
            10.310559
          ],
          [
            123.904624,
            10.310287
          ],
          [
            123.904717,
            10.310233
          ],
          [
            123.905123,
            10.309985
          ],
          [
            123.905357,
            10.30985
          ],
          [
            123.905623,
            10.309693
          ],
          [
            123.905795,
            10.309591
          ],
          [
            123.906264,
            10.309299
          ],
          [
            123.906408,
            10.309209
          ],
          [
            123.906785,
            10.308973
          ],
          [
            123.906855,
            10.308929
          ],
          [
            123.906907,
            10.308811
          ],
          [
            123.906942,
            10.308712
          ],
          [
            123.906957,
            10.308567
          ],
          [
            123.906772,
            10.308348
          ],
          [
            123.906688,
            10.308249
          ],
          [
            123.906577,
            10.308121
          ],
          [
            123.906395,
            10.30791
          ],
          [
            123.905972,
            10.30741
          ],
          [
            123.905789,
            10.30718
          ],
          [
            123.905588,
            10.306914
          ],
          [
            123.905524,
            10.306837
          ],
          [
            123.905479,
            10.306783
          ],
          [
            123.905442,
            10.306733
          ],
          [
            123.905,
            10.306135
          ],
          [
            123.904946,
            10.306062
          ],
          [
            123.904882,
            10.305975
          ],
          [
            123.904678,
            10.305699
          ],
          [
            123.904402,
            10.30533
          ],
          [
            123.90382,
            10.304522
          ],
          [
            123.903681,
            10.304329
          ],
          [
            123.903557,
            10.304157
          ],
          [
            123.903419,
            10.303966
          ],
          [
            123.902649,
            10.302917
          ],
          [
            123.90243,
            10.302592
          ],
          [
            123.902307,
            10.302408
          ],
          [
            123.902223,
            10.302287
          ],
          [
            123.902218,
            10.30228
          ],
          [
            123.902173,
            10.30222
          ],
          [
            123.902151,
            10.302191
          ],
          [
            123.902145,
            10.302184
          ],
          [
            123.902084,
            10.30211
          ],
          [
            123.902111,
            10.302064
          ],
          [
            123.90214,
            10.302017
          ],
          [
            123.902256,
            10.301824
          ],
          [
            123.902362,
            10.301651
          ],
          [
            123.90239,
            10.301605
          ],
          [
            123.902476,
            10.30146
          ],
          [
            123.902578,
            10.301299
          ],
          [
            123.90267,
            10.301152
          ],
          [
            123.902814,
            10.300889
          ],
          [
            123.902937,
            10.300648
          ],
          [
            123.902977,
            10.300548
          ],
          [
            123.903038,
            10.30038
          ],
          [
            123.903144,
            10.300025
          ],
          [
            123.903219,
            10.299773
          ],
          [
            123.903247,
            10.299457
          ],
          [
            123.903265,
            10.299255
          ],
          [
            123.903373,
            10.299045
          ],
          [
            123.903426,
            10.298942
          ],
          [
            123.903684,
            10.298427
          ],
          [
            123.903702,
            10.298205
          ],
          [
            123.903718,
            10.298066
          ],
          [
            123.903246,
            10.29791
          ],
          [
            123.903097,
            10.297896
          ],
          [
            123.902817,
            10.297868
          ],
          [
            123.902173,
            10.297801
          ],
          [
            123.902058,
            10.297794
          ],
          [
            123.901945,
            10.297785
          ],
          [
            123.90188,
            10.297779
          ],
          [
            123.901689,
            10.297764
          ],
          [
            123.901498,
            10.297749
          ],
          [
            123.901166,
            10.297713
          ],
          [
            123.90095,
            10.297676
          ],
          [
            123.900763,
            10.297639
          ],
          [
            123.900639,
            10.297608
          ],
          [
            123.900525,
            10.297571
          ],
          [
            123.900302,
            10.297478
          ],
          [
            123.899929,
            10.297273
          ],
          [
            123.899825,
            10.297208
          ]
        ]
      }
    },
    {
      "type": "Feature",
      "properties": {
        "route_id": "PH-MyBus1",
        "route_name": "MyBus SM Seaside - SM City",
        "route_type": "BUS",
        "route_ref": "MYBUS",
        "origin_name": "Origin",
        "destination_name": "Destination",
        "region": "Other",
        "province": "Other"
      },
      "geometry": {
        "type": "LineString",
        "coordinates": [
          [
            123.881878,
            10.280478
          ],
          [
            123.881878,
            10.280478
          ],
          [
            123.881823,
            10.280401
          ],
          [
            123.881794,
            10.280346
          ],
          [
            123.881785,
            10.280272
          ],
          [
            123.881787,
            10.280162
          ],
          [
            123.881771,
            10.280122
          ],
          [
            123.881751,
            10.280087
          ],
          [
            123.881708,
            10.280032
          ],
          [
            123.881574,
            10.279949
          ],
          [
            123.881268,
            10.279981
          ],
          [
            123.881055,
            10.280031
          ],
          [
            123.880871,
            10.280093
          ],
          [
            123.880676,
            10.280179
          ],
          [
            123.880374,
            10.280382
          ],
          [
            123.880254,
            10.280475
          ],
          [
            123.880165,
            10.280573
          ],
          [
            123.880095,
            10.28067
          ],
          [
            123.880049,
            10.280735
          ],
          [
            123.879928,
            10.280907
          ],
          [
            123.879908,
            10.280937
          ],
          [
            123.879829,
            10.281098
          ],
          [
            123.879773,
            10.281245
          ],
          [
            123.879726,
            10.281412
          ],
          [
            123.879704,
            10.281524
          ],
          [
            123.879691,
            10.281631
          ],
          [
            123.879684,
            10.281758
          ],
          [
            123.879685,
            10.28183
          ],
          [
            123.879687,
            10.281903
          ],
          [
            123.879693,
            10.281992
          ],
          [
            123.879711,
            10.282152
          ],
          [
            123.879737,
            10.282286
          ],
          [
            123.879773,
            10.282413
          ],
          [
            123.879813,
            10.28252
          ],
          [
            123.879848,
            10.282616
          ],
          [
            123.879951,
            10.282812
          ],
          [
            123.88007,
            10.282993
          ],
          [
            123.880167,
            10.283109
          ],
          [
            123.880252,
            10.283209
          ],
          [
            123.880361,
            10.283312
          ],
          [
            123.880421,
            10.283365
          ],
          [
            123.880477,
            10.283401
          ],
          [
            123.88062,
            10.283493
          ],
          [
            123.880771,
            10.283565
          ],
          [
            123.880915,
            10.28362
          ],
          [
            123.881035,
            10.283669
          ],
          [
            123.881213,
            10.283736
          ],
          [
            123.881328,
            10.283773
          ],
          [
            123.881445,
            10.283665
          ],
          [
            123.881962,
            10.283186
          ],
          [
            123.882204,
            10.282962
          ],
          [
            123.882244,
            10.282925
          ],
          [
            123.882318,
            10.282857
          ],
          [
            123.882407,
            10.282774
          ],
          [
            123.883046,
            10.282183
          ],
          [
            123.883248,
            10.281996
          ],
          [
            123.883272,
            10.281973
          ],
          [
            123.883392,
            10.281862
          ],
          [
            123.883483,
            10.281778
          ],
          [
            123.883542,
            10.28184
          ],
          [
            123.885786,
            10.284199
          ],
          [
            123.886046,
            10.284473
          ],
          [
            123.887184,
            10.285704
          ],
          [
            123.888544,
            10.287149
          ],
          [
            123.888562,
            10.287167
          ],
          [
            123.888853,
            10.287456
          ],
          [
            123.888893,
            10.287489
          ],
          [
            123.889068,
            10.287634
          ],
          [
            123.889247,
            10.287749
          ],
          [
            123.889269,
            10.28776
          ],
          [
            123.889485,
            10.287867
          ],
          [
            123.889715,
            10.287953
          ],
          [
            123.889826,
            10.287984
          ],
          [
            123.88999,
            10.28802
          ],
          [
            123.890141,
            10.288041
          ],
          [
            123.890349,
            10.288062
          ],
          [
            123.892172,
            10.288177
          ],
          [
            123.897107,
            10.288468
          ],
          [
            123.897405,
            10.288543
          ],
          [
            123.897686,
            10.288647
          ],
          [
            123.897961,
            10.288799
          ],
          [
            123.898132,
            10.288917
          ],
          [
            123.898287,
            10.289039
          ],
          [
            123.898527,
            10.28928
          ],
          [
            123.898867,
            10.289697
          ],
          [
            123.899018,
            10.289871
          ],
          [
            123.899126,
            10.289985
          ],
          [
            123.899184,
            10.29004
          ],
          [
            123.899242,
            10.290094
          ],
          [
            123.899328,
            10.29016
          ],
          [
            123.899388,
            10.290202
          ],
          [
            123.899444,
            10.290236
          ],
          [
            123.899465,
            10.290247
          ],
          [
            123.899636,
            10.290332
          ],
          [
            123.899756,
            10.290385
          ],
          [
            123.899925,
            10.290446
          ],
          [
            123.900132,
            10.290504
          ],
          [
            123.900896,
            10.290695
          ],
          [
            123.901789,
            10.290924
          ],
          [
            123.901844,
            10.290938
          ],
          [
            123.90316,
            10.291228
          ],
          [
            123.903394,
            10.291344
          ],
          [
            123.903619,
            10.291507
          ],
          [
            123.903912,
            10.291754
          ],
          [
            123.904607,
            10.292398
          ],
          [
            123.904944,
            10.292699
          ],
          [
            123.90528,
            10.293007
          ],
          [
            123.905578,
            10.293321
          ],
          [
            123.905822,
            10.293554
          ],
          [
            123.905903,
            10.293654
          ],
          [
            123.905985,
            10.293777
          ],
          [
            123.906043,
            10.293871
          ],
          [
            123.906212,
            10.29418
          ],
          [
            123.906593,
            10.294884
          ],
          [
            123.906954,
            10.295549
          ],
          [
            123.907126,
            10.295874
          ],
          [
            123.907175,
            10.29597
          ],
          [
            123.907228,
            10.296068
          ],
          [
            123.907308,
            10.296236
          ],
          [
            123.907711,
            10.29707
          ],
          [
            123.907746,
            10.297133
          ],
          [
            123.907821,
            10.297278
          ],
          [
            123.907844,
            10.297322
          ],
          [
            123.907935,
            10.29749
          ],
          [
            123.908197,
            10.297975
          ],
          [
            123.908388,
            10.298326
          ],
          [
            123.908404,
            10.298358
          ],
          [
            123.90846,
            10.298461
          ],
          [
            123.908505,
            10.298544
          ],
          [
            123.908521,
            10.298574
          ],
          [
            123.909151,
            10.299732
          ],
          [
            123.909167,
            10.299762
          ],
          [
            123.909349,
            10.300106
          ],
          [
            123.909423,
            10.300239
          ],
          [
            123.909562,
            10.300487
          ],
          [
            123.909702,
            10.300732
          ],
          [
            123.909873,
            10.301019
          ],
          [
            123.909968,
            10.301179
          ],
          [
            123.910095,
            10.301371
          ],
          [
            123.91013,
            10.301418
          ],
          [
            123.910159,
            10.301456
          ],
          [
            123.910227,
            10.301544
          ],
          [
            123.910282,
            10.301609
          ],
          [
            123.910347,
            10.301673
          ],
          [
            123.910431,
            10.301747
          ],
          [
            123.910765,
            10.302018
          ],
          [
            123.91086,
            10.302095
          ],
          [
            123.911244,
            10.302406
          ],
          [
            123.911383,
            10.302524
          ],
          [
            123.912427,
            10.303335
          ],
          [
            123.912625,
            10.303489
          ],
          [
            123.912699,
            10.30355
          ],
          [
            123.912795,
            10.303631
          ],
          [
            123.912882,
            10.303701
          ],
          [
            123.913863,
            10.304493
          ],
          [
            123.915248,
            10.305616
          ],
          [
            123.915781,
            10.306052
          ],
          [
            123.915858,
            10.306116
          ],
          [
            123.916526,
            10.306661
          ],
          [
            123.917221,
            10.307231
          ],
          [
            123.918846,
            10.308552
          ],
          [
            123.919049,
            10.308716
          ],
          [
            123.919132,
            10.308783
          ],
          [
            123.919223,
            10.30886
          ],
          [
            123.919141,
            10.308953
          ],
          [
            123.919069,
            10.309037
          ],
          [
            123.91862,
            10.309582
          ],
          [
            123.918573,
            10.309639
          ],
          [
            123.918337,
            10.309915
          ],
          [
            123.918386,
            10.309955
          ],
          [
            123.918558,
            10.310095
          ],
          [
            123.918484,
            10.310189
          ],
          [
            123.918017,
            10.310749
          ],
          [
            123.917918,
            10.310869
          ],
          [
            123.917875,
            10.310922
          ],
          [
            123.917716,
            10.311115
          ]
        ]
      }
    },
    {
      "type": "Feature",
      "properties": {
        "route_id": "PH-MyBus2",
        "route_name": "MyBus SM City - Airport",
        "route_type": "BUS",
        "route_ref": "MYBUS",
        "origin_name": "Origin",
        "destination_name": "Destination",
        "region": "Other",
        "province": "Other"
      },
      "geometry": {
        "type": "LineString",
        "coordinates": [
          [
            123.917716,
            10.311115
          ],
          [
            123.917875,
            10.310922
          ],
          [
            123.917918,
            10.310869
          ],
          [
            123.918017,
            10.310749
          ],
          [
            123.918484,
            10.310189
          ],
          [
            123.918558,
            10.310095
          ],
          [
            123.918386,
            10.309955
          ],
          [
            123.918337,
            10.309915
          ],
          [
            123.918266,
            10.309997
          ],
          [
            123.918096,
            10.310197
          ],
          [
            123.918055,
            10.310245
          ],
          [
            123.917981,
            10.310331
          ],
          [
            123.917902,
            10.310267
          ],
          [
            123.917663,
            10.310069
          ],
          [
            123.917508,
            10.309941
          ],
          [
            123.917011,
            10.309532
          ],
          [
            123.917071,
            10.30945
          ],
          [
            123.917974,
            10.310179
          ],
          [
            123.918017,
            10.310126
          ],
          [
            123.918286,
            10.309805
          ],
          [
            123.918465,
            10.309579
          ],
          [
            123.918515,
            10.309518
          ],
          [
            123.918914,
            10.309029
          ],
          [
            123.918975,
            10.308958
          ],
          [
            123.919048,
            10.308873
          ],
          [
            123.919132,
            10.308783
          ],
          [
            123.919223,
            10.30886
          ],
          [
            123.919301,
            10.308924
          ],
          [
            123.920436,
            10.309857
          ],
          [
            123.921335,
            10.310579
          ],
          [
            123.921638,
            10.310823
          ],
          [
            123.922392,
            10.311446
          ],
          [
            123.922512,
            10.311545
          ],
          [
            123.922584,
            10.311607
          ],
          [
            123.922711,
            10.311708
          ],
          [
            123.923124,
            10.312032
          ],
          [
            123.923887,
            10.312637
          ],
          [
            123.924317,
            10.312986
          ],
          [
            123.924406,
            10.313056
          ],
          [
            123.924695,
            10.313281
          ],
          [
            123.924744,
            10.31332
          ],
          [
            123.924785,
            10.313352
          ],
          [
            123.924875,
            10.313422
          ],
          [
            123.925484,
            10.313898
          ],
          [
            123.925809,
            10.314147
          ],
          [
            123.925886,
            10.314206
          ],
          [
            123.926041,
            10.314334
          ],
          [
            123.926113,
            10.31439
          ],
          [
            123.926288,
            10.314526
          ],
          [
            123.926297,
            10.314533
          ],
          [
            123.926353,
            10.314577
          ],
          [
            123.926384,
            10.314603
          ],
          [
            123.92647,
            10.314668
          ],
          [
            123.92661,
            10.314777
          ],
          [
            123.926771,
            10.314907
          ],
          [
            123.926962,
            10.315053
          ],
          [
            123.927406,
            10.315403
          ],
          [
            123.927551,
            10.315514
          ],
          [
            123.927675,
            10.315611
          ],
          [
            123.928203,
            10.316032
          ],
          [
            123.928511,
            10.316276
          ],
          [
            123.928525,
            10.316286
          ],
          [
            123.928763,
            10.316473
          ],
          [
            123.928815,
            10.316515
          ],
          [
            123.928899,
            10.316588
          ],
          [
            123.928942,
            10.316638
          ],
          [
            123.928966,
            10.316665
          ],
          [
            123.929029,
            10.316736
          ],
          [
            123.929074,
            10.316793
          ],
          [
            123.929196,
            10.316952
          ],
          [
            123.929263,
            10.317042
          ],
          [
            123.929357,
            10.317198
          ],
          [
            123.929549,
            10.317516
          ],
          [
            123.929861,
            10.318
          ],
          [
            123.930134,
            10.318424
          ],
          [
            123.930283,
            10.318667
          ],
          [
            123.930475,
            10.318981
          ],
          [
            123.930672,
            10.319301
          ],
          [
            123.930696,
            10.319337
          ],
          [
            123.930768,
            10.31945
          ],
          [
            123.930891,
            10.319648
          ],
          [
            123.930988,
            10.319803
          ],
          [
            123.931156,
            10.32005
          ],
          [
            123.931833,
            10.320776
          ],
          [
            123.932186,
            10.321156
          ],
          [
            123.932291,
            10.321268
          ],
          [
            123.932714,
            10.321725
          ],
          [
            123.93283,
            10.321846
          ],
          [
            123.93293,
            10.321953
          ],
          [
            123.932988,
            10.322015
          ],
          [
            123.933663,
            10.322729
          ],
          [
            123.933779,
            10.322851
          ],
          [
            123.934396,
            10.323503
          ],
          [
            123.934593,
            10.323664
          ],
          [
            123.935867,
            10.324648
          ],
          [
            123.936007,
            10.324757
          ],
          [
            123.936082,
            10.324814
          ],
          [
            123.936188,
            10.324888
          ],
          [
            123.936314,
            10.32499
          ],
          [
            123.936889,
            10.325455
          ],
          [
            123.937014,
            10.325555
          ],
          [
            123.937262,
            10.325702
          ],
          [
            123.937486,
            10.325779
          ],
          [
            123.937706,
            10.325788
          ],
          [
            123.937826,
            10.325782
          ],
          [
            123.937995,
            10.325757
          ],
          [
            123.938221,
            10.325672
          ],
          [
            123.938412,
            10.325604
          ],
          [
            123.938564,
            10.325542
          ],
          [
            123.938586,
            10.325533
          ],
          [
            123.938822,
            10.325445
          ],
          [
            123.938896,
            10.325419
          ],
          [
            123.939075,
            10.325348
          ],
          [
            123.939769,
            10.325071
          ],
          [
            123.940071,
            10.32496
          ],
          [
            123.940408,
            10.324837
          ],
          [
            123.940733,
            10.324718
          ],
          [
            123.940985,
            10.32462
          ],
          [
            123.941093,
            10.324581
          ],
          [
            123.941201,
            10.324543
          ],
          [
            123.941223,
            10.324536
          ],
          [
            123.941243,
            10.324529
          ],
          [
            123.941299,
            10.324507
          ],
          [
            123.941348,
            10.32449
          ],
          [
            123.941439,
            10.324453
          ],
          [
            123.941467,
            10.324444
          ],
          [
            123.941671,
            10.324425
          ],
          [
            123.94194,
            10.324304
          ],
          [
            123.941955,
            10.324297
          ],
          [
            123.942489,
            10.324054
          ],
          [
            123.942586,
            10.324012
          ],
          [
            123.942649,
            10.323986
          ],
          [
            123.94298,
            10.323849
          ],
          [
            123.943132,
            10.323782
          ],
          [
            123.943321,
            10.323709
          ],
          [
            123.943384,
            10.323701
          ],
          [
            123.943417,
            10.323704
          ],
          [
            123.943447,
            10.32371
          ],
          [
            123.943474,
            10.32372
          ],
          [
            123.943494,
            10.323732
          ],
          [
            123.943521,
            10.323751
          ],
          [
            123.943543,
            10.32377
          ],
          [
            123.943569,
            10.323797
          ],
          [
            123.943662,
            10.32392
          ],
          [
            123.94373,
            10.324023
          ],
          [
            123.943945,
            10.324314
          ],
          [
            123.944001,
            10.324398
          ],
          [
            123.944041,
            10.324454
          ],
          [
            123.944111,
            10.324559
          ],
          [
            123.944649,
            10.325344
          ],
          [
            123.944723,
            10.325453
          ],
          [
            123.945207,
            10.326159
          ],
          [
            123.945276,
            10.326247
          ],
          [
            123.945325,
            10.326311
          ],
          [
            123.945355,
            10.326349
          ],
          [
            123.945468,
            10.3265
          ],
          [
            123.94568,
            10.326789
          ],
          [
            123.945887,
            10.327066
          ],
          [
            123.946078,
            10.32731
          ],
          [
            123.946091,
            10.327328
          ],
          [
            123.946099,
            10.327339
          ],
          [
            123.946224,
            10.327519
          ],
          [
            123.946668,
            10.328161
          ],
          [
            123.94668,
            10.328181
          ],
          [
            123.946953,
            10.32878
          ],
          [
            123.947061,
            10.329026
          ],
          [
            123.9471,
            10.32911
          ],
          [
            123.94737,
            10.329682
          ],
          [
            123.9474,
            10.32974
          ],
          [
            123.947461,
            10.329843
          ],
          [
            123.947509,
            10.329919
          ],
          [
            123.947705,
            10.330239
          ],
          [
            123.947769,
            10.330348
          ],
          [
            123.94781,
            10.330415
          ],
          [
            123.947842,
            10.330463
          ],
          [
            123.947864,
            10.330489
          ],
          [
            123.947915,
            10.330576
          ],
          [
            123.948038,
            10.330784
          ],
          [
            123.948173,
            10.331022
          ],
          [
            123.948252,
            10.331166
          ],
          [
            123.948259,
            10.331178
          ],
          [
            123.948299,
            10.331246
          ],
          [
            123.948443,
            10.331503
          ],
          [
            123.948492,
            10.331584
          ],
          [
            123.948514,
            10.331619
          ],
          [
            123.948589,
            10.331743
          ],
          [
            123.948618,
            10.331793
          ],
          [
            123.948655,
            10.331856
          ],
          [
            123.948853,
            10.332213
          ],
          [
            123.948912,
            10.332318
          ],
          [
            123.949135,
            10.332713
          ],
          [
            123.94917,
            10.332773
          ],
          [
            123.949209,
            10.332843
          ],
          [
            123.949239,
            10.332899
          ],
          [
            123.949592,
            10.333536
          ],
          [
            123.949901,
            10.334095
          ],
          [
            123.949988,
            10.334243
          ],
          [
            123.950196,
            10.334614
          ],
          [
            123.950422,
            10.335034
          ],
          [
            123.950507,
            10.335173
          ],
          [
            123.950639,
            10.33539
          ],
          [
            123.950777,
            10.335622
          ],
          [
            123.950803,
            10.335658
          ],
          [
            123.950827,
            10.335685
          ],
          [
            123.950902,
            10.335759
          ],
          [
            123.950984,
            10.33584
          ],
          [
            123.951171,
            10.335996
          ],
          [
            123.95136,
            10.33615
          ],
          [
            123.951507,
            10.336266
          ],
          [
            123.951611,
            10.336338
          ],
          [
            123.951698,
            10.336385
          ],
          [
            123.95173,
            10.336399
          ],
          [
            123.951757,
            10.336409
          ],
          [
            123.951793,
            10.336417
          ],
          [
            123.951826,
            10.33642
          ],
          [
            123.951908,
            10.336423
          ],
          [
            123.951991,
            10.336426
          ],
          [
            123.952164,
            10.336437
          ],
          [
            123.952331,
            10.336447
          ],
          [
            123.952397,
            10.336462
          ],
          [
            123.952449,
            10.33648
          ],
          [
            123.952502,
            10.336524
          ],
          [
            123.952575,
            10.336583
          ],
          [
            123.952641,
            10.336637
          ],
          [
            123.952728,
            10.33671
          ],
          [
            123.95283,
            10.336796
          ],
          [
            123.952881,
            10.336839
          ],
          [
            123.952932,
            10.336882
          ],
          [
            123.953137,
            10.337055
          ],
          [
            123.953311,
            10.337201
          ],
          [
            123.953444,
            10.337314
          ],
          [
            123.953577,
            10.337426
          ],
          [
            123.953699,
            10.337529
          ],
          [
            123.953732,
            10.337556
          ],
          [
            123.954008,
            10.337789
          ],
          [
            123.954284,
            10.338022
          ],
          [
            123.954409,
            10.338128
          ],
          [
            123.954484,
            10.33819
          ],
          [
            123.954503,
            10.338207
          ],
          [
            123.954523,
            10.338223
          ],
          [
            123.954573,
            10.338266
          ],
          [
            123.954647,
            10.338328
          ],
          [
            123.954653,
            10.338333
          ],
          [
            123.954665,
            10.338343
          ],
          [
            123.95474,
            10.338407
          ],
          [
            123.954887,
            10.338531
          ],
          [
            123.955029,
            10.338615
          ],
          [
            123.955059,
            10.338624
          ],
          [
            123.955095,
            10.338623
          ],
          [
            123.955283,
            10.338568
          ],
          [
            123.955668,
            10.33842
          ],
          [
            123.956013,
            10.338305
          ],
          [
            123.956258,
            10.338213
          ],
          [
            123.95649,
            10.338113
          ],
          [
            123.957057,
            10.337903
          ],
          [
            123.957617,
            10.337704
          ],
          [
            123.957993,
            10.337519
          ],
          [
            123.95825,
            10.337361
          ],
          [
            123.958467,
            10.337287
          ],
          [
            123.958699,
            10.337116
          ],
          [
            123.959008,
            10.336794
          ],
          [
            123.959283,
            10.336426
          ],
          [
            123.959448,
            10.336206
          ],
          [
            123.95968,
            10.335886
          ],
          [
            123.960084,
            10.33533
          ],
          [
            123.960954,
            10.334132
          ],
          [
            123.961657,
            10.333164
          ],
          [
            123.962708,
            10.331699
          ],
          [
            123.963462,
            10.330666
          ],
          [
            123.963711,
            10.330322
          ],
          [
            123.965291,
            10.328146
          ],
          [
            123.966393,
            10.326628
          ],
          [
            123.967085,
            10.325674
          ],
          [
            123.967459,
            10.325159
          ],
          [
            123.967971,
            10.324454
          ],
          [
            123.968271,
            10.324041
          ],
          [
            123.968735,
            10.323402
          ],
          [
            123.969048,
            10.32297
          ],
          [
            123.969215,
            10.322745
          ],
          [
            123.969332,
            10.322638
          ],
          [
            123.969425,
            10.322571
          ],
          [
            123.969507,
            10.322533
          ],
          [
            123.969626,
            10.322506
          ],
          [
            123.969732,
            10.32249
          ],
          [
            123.969843,
            10.322488
          ],
          [
            123.969924,
            10.322497
          ],
          [
            123.97001,
            10.322524
          ],
          [
            123.970565,
            10.322782
          ],
          [
            123.971416,
            10.323156
          ],
          [
            123.971512,
            10.323199
          ],
          [
            123.971574,
            10.323192
          ],
          [
            123.971652,
            10.323229
          ],
          [
            123.971799,
            10.3233
          ],
          [
            123.972766,
            10.323772
          ],
          [
            123.972904,
            10.323845
          ],
          [
            123.972999,
            10.323895
          ],
          [
            123.973376,
            10.324093
          ],
          [
            123.973679,
            10.324265
          ],
          [
            123.973708,
            10.324279
          ],
          [
            123.973797,
            10.324326
          ],
          [
            123.974368,
            10.324643
          ],
          [
            123.974786,
            10.324874
          ],
          [
            123.974988,
            10.32499
          ],
          [
            123.975138,
            10.325067
          ],
          [
            123.975467,
            10.325255
          ],
          [
            123.975852,
            10.325469
          ],
          [
            123.97608,
            10.32559
          ],
          [
            123.976344,
            10.325736
          ],
          [
            123.97664,
            10.3259
          ],
          [
            123.976678,
            10.325921
          ],
          [
            123.976776,
            10.325976
          ],
          [
            123.977162,
            10.325405
          ],
          [
            123.977183,
            10.325377
          ],
          [
            123.977207,
            10.32539
          ],
          [
            123.977267,
            10.325424
          ],
          [
            123.977737,
            10.325691
          ],
          [
            123.977813,
            10.325574
          ],
          [
            123.977827,
            10.325582
          ]
        ]
      }
    },
    {
      "type": "Feature",
      "properties": {
        "route_id": "PH-MNL01",
        "route_name": "EDSA Carousel (Monument - PITX)",
        "route_type": "BUS",
        "route_ref": "EDSA",
        "origin_name": "Origin",
        "destination_name": "Destination",
        "region": "Other",
        "province": "Other"
      },
      "geometry": {
        "type": "LineString",
        "coordinates": [
          [
            120.985101,
            14.656017
          ],
          [
            120.984551,
            14.656009
          ],
          [
            120.983997,
            14.656008
          ],
          [
            120.984015,
            14.656512
          ],
          [
            120.984022,
            14.656573
          ],
          [
            120.984041,
            14.656624
          ],
          [
            120.984067,
            14.656679
          ],
          [
            120.984099,
            14.656745
          ],
          [
            120.98415,
            14.656818
          ],
          [
            120.984199,
            14.656848
          ],
          [
            120.984242,
            14.656885
          ],
          [
            120.984279,
            14.656928
          ],
          [
            120.984309,
            14.656976
          ],
          [
            120.984332,
            14.657032
          ],
          [
            120.984345,
            14.657092
          ],
          [
            120.984347,
            14.657153
          ],
          [
            120.984338,
            14.657213
          ],
          [
            120.984319,
            14.657271
          ],
          [
            120.984295,
            14.657317
          ],
          [
            120.984265,
            14.65736
          ],
          [
            120.984228,
            14.657398
          ],
          [
            120.984186,
            14.65743
          ],
          [
            120.984139,
            14.657456
          ],
          [
            120.984085,
            14.657476
          ],
          [
            120.984027,
            14.657489
          ],
          [
            120.983969,
            14.657492
          ],
          [
            120.98391,
            14.657486
          ],
          [
            120.983854,
            14.657471
          ],
          [
            120.983806,
            14.657451
          ],
          [
            120.983762,
            14.657424
          ],
          [
            120.983722,
            14.657392
          ],
          [
            120.983687,
            14.657355
          ],
          [
            120.983658,
            14.657314
          ],
          [
            120.983635,
            14.657269
          ],
          [
            120.98362,
            14.657224
          ],
          [
            120.983611,
            14.657178
          ],
          [
            120.983608,
            14.657131
          ],
          [
            120.983611,
            14.657091
          ],
          [
            120.983618,
            14.657052
          ],
          [
            120.98363,
            14.657013
          ],
          [
            120.98366,
            14.656952
          ],
          [
            120.983701,
            14.656897
          ],
          [
            120.983752,
            14.656851
          ],
          [
            120.983811,
            14.656815
          ],
          [
            120.983856,
            14.656721
          ],
          [
            120.98388,
            14.656662
          ],
          [
            120.983884,
            14.656623
          ],
          [
            120.983889,
            14.656509
          ],
          [
            120.98386,
            14.655919
          ],
          [
            120.983853,
            14.655704
          ],
          [
            120.983838,
            14.655253
          ],
          [
            120.983827,
            14.654909
          ],
          [
            120.983823,
            14.654721
          ],
          [
            120.983816,
            14.654425
          ],
          [
            120.983806,
            14.654009
          ],
          [
            120.983794,
            14.653499
          ],
          [
            120.983782,
            14.652971
          ],
          [
            120.98378,
            14.652913
          ],
          [
            120.98374,
            14.651784
          ],
          [
            120.983733,
            14.651574
          ],
          [
            120.983712,
            14.650941
          ],
          [
            120.983686,
            14.650151
          ],
          [
            120.983682,
            14.650016
          ],
          [
            120.983642,
            14.648761
          ],
          [
            120.98364,
            14.648683
          ],
          [
            120.983622,
            14.648122
          ],
          [
            120.983597,
            14.64734
          ],
          [
            120.983583,
            14.646645
          ],
          [
            120.983568,
            14.646115
          ],
          [
            120.983555,
            14.645746
          ],
          [
            120.983551,
            14.645651
          ],
          [
            120.983521,
            14.644857
          ],
          [
            120.983514,
            14.644535
          ],
          [
            120.983506,
            14.644357
          ],
          [
            120.983495,
            14.644084
          ],
          [
            120.983492,
            14.644029
          ],
          [
            120.983489,
            14.643951
          ],
          [
            120.983446,
            14.643195
          ],
          [
            120.983444,
            14.643153
          ],
          [
            120.983433,
            14.642709
          ],
          [
            120.983431,
            14.642612
          ],
          [
            120.983411,
            14.641832
          ],
          [
            120.983408,
            14.641759
          ],
          [
            120.983368,
            14.640388
          ],
          [
            120.983353,
            14.639964
          ],
          [
            120.983323,
            14.639092
          ],
          [
            120.983322,
            14.639076
          ],
          [
            120.983319,
            14.638987
          ],
          [
            120.983308,
            14.638781
          ],
          [
            120.983281,
            14.63857
          ],
          [
            120.983244,
            14.638356
          ],
          [
            120.98318,
            14.638152
          ],
          [
            120.983057,
            14.637822
          ],
          [
            120.982923,
            14.637517
          ],
          [
            120.982902,
            14.637473
          ],
          [
            120.982811,
            14.637281
          ],
          [
            120.982718,
            14.637083
          ],
          [
            120.982634,
            14.636907
          ],
          [
            120.982543,
            14.636712
          ],
          [
            120.982516,
            14.636656
          ],
          [
            120.982382,
            14.636368
          ],
          [
            120.982324,
            14.636245
          ],
          [
            120.981921,
            14.635391
          ],
          [
            120.981731,
            14.634989
          ],
          [
            120.981543,
            14.634593
          ],
          [
            120.981441,
            14.634376
          ],
          [
            120.981433,
            14.634359
          ],
          [
            120.981402,
            14.634294
          ],
          [
            120.981379,
            14.63424
          ],
          [
            120.981169,
            14.63378
          ],
          [
            120.980739,
            14.632842
          ],
          [
            120.980648,
            14.632602
          ],
          [
            120.980616,
            14.632366
          ],
          [
            120.980615,
            14.632127
          ],
          [
            120.980644,
            14.631891
          ],
          [
            120.980674,
            14.631734
          ],
          [
            120.980724,
            14.631572
          ],
          [
            120.980781,
            14.631418
          ],
          [
            120.980796,
            14.631384
          ],
          [
            120.980817,
            14.631336
          ],
          [
            120.98087,
            14.631217
          ],
          [
            120.981007,
            14.631003
          ],
          [
            120.98113,
            14.63087
          ],
          [
            120.982038,
            14.629901
          ],
          [
            120.982099,
            14.629838
          ],
          [
            120.9826,
            14.629315
          ],
          [
            120.982678,
            14.629228
          ],
          [
            120.982747,
            14.629087
          ],
          [
            120.982821,
            14.628941
          ],
          [
            120.982881,
            14.628815
          ],
          [
            120.982922,
            14.628701
          ],
          [
            120.982963,
            14.628543
          ],
          [
            120.982994,
            14.628379
          ],
          [
            120.983015,
            14.628239
          ],
          [
            120.983017,
            14.628117
          ],
          [
            120.983011,
            14.628009
          ],
          [
            120.983007,
            14.627854
          ],
          [
            120.982966,
            14.626839
          ],
          [
            120.982965,
            14.626773
          ],
          [
            120.982963,
            14.626724
          ],
          [
            120.98295,
            14.626181
          ],
          [
            120.982948,
            14.626095
          ],
          [
            120.982938,
            14.625694
          ],
          [
            120.98293,
            14.625363
          ],
          [
            120.982924,
            14.62515
          ],
          [
            120.982921,
            14.625014
          ],
          [
            120.982911,
            14.624595
          ],
          [
            120.9829,
            14.624278
          ],
          [
            120.9829,
            14.624253
          ],
          [
            120.982867,
            14.623445
          ],
          [
            120.982844,
            14.62288
          ],
          [
            120.982842,
            14.622835
          ],
          [
            120.982839,
            14.622739
          ],
          [
            120.982837,
            14.62271
          ],
          [
            120.982831,
            14.622548
          ],
          [
            120.982829,
            14.622472
          ],
          [
            120.982822,
            14.622091
          ],
          [
            120.982818,
            14.621853
          ],
          [
            120.982814,
            14.621645
          ],
          [
            120.982799,
            14.62081
          ],
          [
            120.982798,
            14.620736
          ],
          [
            120.982792,
            14.620615
          ],
          [
            120.982786,
            14.620356
          ],
          [
            120.982765,
            14.619366
          ],
          [
            120.982762,
            14.61917
          ],
          [
            120.982721,
            14.618121
          ],
          [
            120.982696,
            14.617487
          ],
          [
            120.982679,
            14.617041
          ],
          [
            120.982674,
            14.61683
          ],
          [
            120.982661,
            14.616407
          ],
          [
            120.982639,
            14.615761
          ],
          [
            120.982636,
            14.615613
          ],
          [
            120.982632,
            14.615503
          ],
          [
            120.982598,
            14.614648
          ],
          [
            120.98259,
            14.614465
          ],
          [
            120.982588,
            14.614397
          ],
          [
            120.982586,
            14.61433
          ],
          [
            120.982566,
            14.61342
          ],
          [
            120.982558,
            14.613236
          ],
          [
            120.982554,
            14.613141
          ],
          [
            120.982551,
            14.613089
          ],
          [
            120.982546,
            14.612959
          ],
          [
            120.982487,
            14.612259
          ],
          [
            120.982475,
            14.612122
          ],
          [
            120.982456,
            14.611839
          ],
          [
            120.982443,
            14.61165
          ],
          [
            120.982432,
            14.611479
          ],
          [
            120.98242,
            14.611301
          ],
          [
            120.982404,
            14.61106
          ],
          [
            120.9824,
            14.611011
          ],
          [
            120.982395,
            14.610951
          ],
          [
            120.982376,
            14.610732
          ],
          [
            120.98236,
            14.610538
          ],
          [
            120.982344,
            14.610361
          ],
          [
            120.982329,
            14.610182
          ],
          [
            120.982313,
            14.610001
          ],
          [
            120.982297,
            14.609808
          ],
          [
            120.982288,
            14.60971
          ],
          [
            120.982272,
            14.609483
          ],
          [
            120.982261,
            14.609319
          ],
          [
            120.982249,
            14.609153
          ],
          [
            120.982239,
            14.609003
          ],
          [
            120.982224,
            14.608798
          ],
          [
            120.98222,
            14.60873
          ],
          [
            120.982161,
            14.607807
          ],
          [
            120.982158,
            14.607758
          ],
          [
            120.982071,
            14.606646
          ],
          [
            120.982063,
            14.606541
          ],
          [
            120.982017,
            14.606005
          ],
          [
            120.982012,
            14.605944
          ],
          [
            120.981993,
            14.605717
          ],
          [
            120.981961,
            14.605336
          ],
          [
            120.981951,
            14.605185
          ],
          [
            120.981948,
            14.60514
          ],
          [
            120.981931,
            14.604895
          ],
          [
            120.981918,
            14.604664
          ],
          [
            120.981874,
            14.60389
          ],
          [
            120.98187,
            14.603831
          ],
          [
            120.981869,
            14.603759
          ],
          [
            120.981867,
            14.603684
          ],
          [
            120.981865,
            14.603626
          ],
          [
            120.981859,
            14.603353
          ],
          [
            120.981813,
            14.60237
          ],
          [
            120.981697,
            14.601626
          ],
          [
            120.98159,
            14.600941
          ],
          [
            120.981553,
            14.600595
          ],
          [
            120.981565,
            14.600538
          ],
          [
            120.981487,
            14.600529
          ],
          [
            120.98115,
            14.600454
          ],
          [
            120.980914,
            14.600374
          ],
          [
            120.980686,
            14.600291
          ],
          [
            120.98042,
            14.600127
          ],
          [
            120.980336,
            14.600064
          ],
          [
            120.980306,
            14.600038
          ],
          [
            120.979767,
            14.599704
          ],
          [
            120.97984,
            14.599559
          ],
          [
            120.979998,
            14.599294
          ],
          [
            120.980084,
            14.599148
          ],
          [
            120.980549,
            14.598442
          ],
          [
            120.980588,
            14.59831
          ],
          [
            120.980489,
            14.597538
          ],
          [
            120.980433,
            14.59717
          ],
          [
            120.980248,
            14.596025
          ],
          [
            120.980122,
            14.59534
          ],
          [
            120.980057,
            14.595102
          ],
          [
            120.979868,
            14.594631
          ],
          [
            120.979788,
            14.594446
          ],
          [
            120.979731,
            14.594321
          ],
          [
            120.979502,
            14.594247
          ],
          [
            120.979231,
            14.594168
          ],
          [
            120.979108,
            14.594119
          ],
          [
            120.979041,
            14.594072
          ],
          [
            120.978981,
            14.593995
          ],
          [
            120.978941,
            14.593917
          ],
          [
            120.978915,
            14.593803
          ],
          [
            120.978914,
            14.593778
          ],
          [
            120.978911,
            14.593725
          ],
          [
            120.97893,
            14.593603
          ],
          [
            120.978964,
            14.593501
          ],
          [
            120.979,
            14.593449
          ],
          [
            120.979043,
            14.59339
          ],
          [
            120.979151,
            14.593271
          ],
          [
            120.979312,
            14.593122
          ],
          [
            120.979515,
            14.592859
          ],
          [
            120.979641,
            14.592619
          ],
          [
            120.979924,
            14.59225
          ],
          [
            120.979981,
            14.592173
          ],
          [
            120.980054,
            14.59206
          ],
          [
            120.980104,
            14.591954
          ],
          [
            120.98018,
            14.59176
          ],
          [
            120.980374,
            14.591153
          ],
          [
            120.980608,
            14.590395
          ],
          [
            120.980665,
            14.590031
          ],
          [
            120.980691,
            14.58981
          ],
          [
            120.980724,
            14.589649
          ],
          [
            120.980851,
            14.589077
          ],
          [
            120.980859,
            14.589001
          ],
          [
            120.980858,
            14.58892
          ],
          [
            120.980905,
            14.588696
          ],
          [
            120.980918,
            14.588588
          ],
          [
            120.980915,
            14.588511
          ],
          [
            120.980904,
            14.588394
          ],
          [
            120.980888,
            14.588305
          ],
          [
            120.980848,
            14.588161
          ],
          [
            120.980691,
            14.587607
          ],
          [
            120.980634,
            14.58741
          ],
          [
            120.980467,
            14.58682
          ],
          [
            120.980366,
            14.586466
          ],
          [
            120.980328,
            14.586344
          ],
          [
            120.980294,
            14.586257
          ],
          [
            120.980259,
            14.586169
          ],
          [
            120.980226,
            14.58609
          ],
          [
            120.98018,
            14.586008
          ],
          [
            120.980143,
            14.585943
          ],
          [
            120.980092,
            14.585865
          ],
          [
            120.980051,
            14.585814
          ],
          [
            120.979976,
            14.585724
          ],
          [
            120.979868,
            14.585615
          ],
          [
            120.979762,
            14.585532
          ],
          [
            120.979638,
            14.585443
          ],
          [
            120.979418,
            14.585313
          ],
          [
            120.979344,
            14.585269
          ],
          [
            120.978605,
            14.584827
          ],
          [
            120.978488,
            14.584756
          ],
          [
            120.978324,
            14.584658
          ],
          [
            120.977358,
            14.584073
          ],
          [
            120.976686,
            14.58367
          ],
          [
            120.976034,
            14.583316
          ],
          [
            120.97566,
            14.583114
          ],
          [
            120.975508,
            14.583031
          ],
          [
            120.975437,
            14.582993
          ],
          [
            120.975338,
            14.582935
          ],
          [
            120.975409,
            14.582805
          ],
          [
            120.975525,
            14.582609
          ],
          [
            120.975887,
            14.581995
          ],
          [
            120.975954,
            14.581882
          ],
          [
            120.975966,
            14.581861
          ],
          [
            120.976213,
            14.581443
          ],
          [
            120.976294,
            14.581305
          ],
          [
            120.976569,
            14.580839
          ],
          [
            120.97658,
            14.580822
          ],
          [
            120.976619,
            14.580755
          ],
          [
            120.977002,
            14.580106
          ],
          [
            120.977141,
            14.579871
          ],
          [
            120.9772,
            14.579766
          ],
          [
            120.977307,
            14.579579
          ],
          [
            120.977373,
            14.579458
          ],
          [
            120.977391,
            14.579426
          ],
          [
            120.977621,
            14.579053
          ],
          [
            120.977814,
            14.57874
          ],
          [
            120.977881,
            14.578639
          ],
          [
            120.977971,
            14.578495
          ],
          [
            120.978189,
            14.578122
          ],
          [
            120.978476,
            14.57763
          ],
          [
            120.978538,
            14.577517
          ],
          [
            120.978574,
            14.577453
          ],
          [
            120.979221,
            14.576309
          ],
          [
            120.979598,
            14.575599
          ],
          [
            120.979675,
            14.575454
          ],
          [
            120.979913,
            14.575018
          ],
          [
            120.980741,
            14.573423
          ],
          [
            120.980951,
            14.573018
          ],
          [
            120.980977,
            14.57297
          ],
          [
            120.982958,
            14.568783
          ],
          [
            120.983073,
            14.56853
          ],
          [
            120.984394,
            14.565554
          ],
          [
            120.984673,
            14.564915
          ],
          [
            120.984901,
            14.564396
          ],
          [
            120.984945,
            14.564299
          ],
          [
            120.984979,
            14.56422
          ],
          [
            120.985009,
            14.564148
          ],
          [
            120.985077,
            14.563992
          ],
          [
            120.985607,
            14.562779
          ],
          [
            120.985842,
            14.562248
          ],
          [
            120.98627,
            14.561274
          ],
          [
            120.986649,
            14.560415
          ],
          [
            120.986968,
            14.559691
          ],
          [
            120.987006,
            14.559607
          ],
          [
            120.987051,
            14.559495
          ],
          [
            120.987088,
            14.559403
          ],
          [
            120.987336,
            14.55879
          ],
          [
            120.987478,
            14.558452
          ],
          [
            120.987535,
            14.558292
          ],
          [
            120.987571,
            14.558187
          ],
          [
            120.988471,
            14.555444
          ],
          [
            120.98891,
            14.554092
          ],
          [
            120.98963,
            14.551775
          ],
          [
            120.989649,
            14.551712
          ],
          [
            120.989666,
            14.551647
          ],
          [
            120.989945,
            14.550541
          ],
          [
            120.990429,
            14.548204
          ],
          [
            120.990885,
            14.546358
          ],
          [
            120.991016,
            14.5458
          ],
          [
            120.991222,
            14.544933
          ],
          [
            120.991334,
            14.544368
          ],
          [
            120.991384,
            14.544101
          ],
          [
            120.991907,
            14.541102
          ],
          [
            120.991919,
            14.541033
          ],
          [
            120.991972,
            14.540724
          ],
          [
            120.992101,
            14.539712
          ],
          [
            120.992175,
            14.539501
          ],
          [
            120.992252,
            14.538952
          ],
          [
            120.992462,
            14.53704
          ],
          [
            120.992696,
            14.535132
          ],
          [
            120.99275,
            14.534169
          ],
          [
            120.992901,
            14.532806
          ],
          [
            120.993011,
            14.531844
          ],
          [
            120.993036,
            14.531638
          ],
          [
            120.993063,
            14.531375
          ],
          [
            120.993096,
            14.531078
          ],
          [
            120.993122,
            14.530886
          ],
          [
            120.993265,
            14.529828
          ],
          [
            120.993334,
            14.52922
          ],
          [
            120.993445,
            14.528276
          ],
          [
            120.993532,
            14.52751
          ],
          [
            120.993555,
            14.52732
          ],
          [
            120.993572,
            14.527183
          ],
          [
            120.993613,
            14.526731
          ],
          [
            120.993634,
            14.526268
          ],
          [
            120.99363,
            14.525779
          ],
          [
            120.993629,
            14.525615
          ],
          [
            120.993628,
            14.525405
          ],
          [
            120.993624,
            14.52481
          ],
          [
            120.993609,
            14.52363
          ],
          [
            120.993588,
            14.522062
          ],
          [
            120.993542,
            14.521385
          ],
          [
            120.993416,
            14.519553
          ],
          [
            120.993409,
            14.519457
          ],
          [
            120.993385,
            14.51904
          ],
          [
            120.99335,
            14.518673
          ],
          [
            120.993303,
            14.518314
          ],
          [
            120.993258,
            14.51804
          ],
          [
            120.99314,
            14.517886
          ],
          [
            120.993118,
            14.517857
          ],
          [
            120.99305,
            14.517784
          ],
          [
            120.992939,
            14.517709
          ],
          [
            120.992772,
            14.517635
          ],
          [
            120.992756,
            14.517637
          ],
          [
            120.992574,
            14.517642
          ],
          [
            120.992465,
            14.517646
          ],
          [
            120.992305,
            14.517635
          ],
          [
            120.991761,
            14.51755
          ],
          [
            120.991241,
            14.517452
          ],
          [
            120.990918,
            14.517404
          ],
          [
            120.990782,
            14.51739
          ],
          [
            120.99062,
            14.517386
          ],
          [
            120.990594,
            14.517139
          ],
          [
            120.990585,
            14.517057
          ],
          [
            120.990553,
            14.516789
          ],
          [
            120.990544,
            14.516718
          ],
          [
            120.990535,
            14.516646
          ],
          [
            120.990488,
            14.516312
          ],
          [
            120.990362,
            14.515417
          ],
          [
            120.990331,
            14.515183
          ],
          [
            120.990299,
            14.514936
          ],
          [
            120.990293,
            14.514891
          ],
          [
            120.990274,
            14.514736
          ],
          [
            120.990259,
            14.514612
          ],
          [
            120.990185,
            14.514026
          ],
          [
            120.99016,
            14.513695
          ],
          [
            120.990114,
            14.513382
          ],
          [
            120.990045,
            14.51304
          ],
          [
            120.989908,
            14.51258
          ],
          [
            120.989688,
            14.511867
          ],
          [
            120.989552,
            14.5114
          ],
          [
            120.989478,
            14.511149
          ],
          [
            120.989432,
            14.510993
          ],
          [
            120.989588,
            14.510949
          ],
          [
            120.989726,
            14.51091
          ],
          [
            120.989819,
            14.510835
          ],
          [
            120.990263,
            14.510711
          ],
          [
            120.990255,
            14.510676
          ],
          [
            120.990133,
            14.510216
          ],
          [
            120.990101,
            14.5101
          ]
        ]
      }
    },
    {
      "type": "Feature",
      "properties": {
        "route_id": "PH-MNL02",
        "route_name": "Jeep: Cubao - Divisoria",
        "route_type": "PUJ",
        "route_ref": "CUB-DIV",
        "origin_name": "Origin",
        "destination_name": "Destination",
        "region": "Other",
        "province": "Other"
      },
      "geometry": {
        "type": "LineString",
        "coordinates": [
          [
            121.051086,
            14.619094
          ],
          [
            121.051209,
            14.618822
          ],
          [
            121.051267,
            14.618705
          ],
          [
            121.051375,
            14.618483
          ],
          [
            121.051603,
            14.617976
          ],
          [
            121.052115,
            14.616835
          ],
          [
            121.05218,
            14.616681
          ],
          [
            121.052226,
            14.616643
          ],
          [
            121.052264,
            14.616618
          ],
          [
            121.052307,
            14.616604
          ],
          [
            121.052353,
            14.616601
          ],
          [
            121.052398,
            14.616609
          ],
          [
            121.052439,
            14.616628
          ],
          [
            121.052474,
            14.616656
          ],
          [
            121.052501,
            14.616692
          ],
          [
            121.052517,
            14.616718
          ],
          [
            121.052488,
            14.616777
          ],
          [
            121.052228,
            14.617319
          ],
          [
            121.05205,
            14.617681
          ],
          [
            121.051968,
            14.617846
          ],
          [
            121.051821,
            14.618171
          ],
          [
            121.051443,
            14.618993
          ],
          [
            121.051255,
            14.619388
          ],
          [
            121.051231,
            14.619438
          ],
          [
            121.051197,
            14.619509
          ],
          [
            121.051157,
            14.619592
          ],
          [
            121.051003,
            14.619933
          ],
          [
            121.050946,
            14.620054
          ],
          [
            121.05084,
            14.620283
          ],
          [
            121.050749,
            14.620483
          ],
          [
            121.050548,
            14.620936
          ],
          [
            121.050456,
            14.621142
          ],
          [
            121.050395,
            14.621278
          ],
          [
            121.050337,
            14.621422
          ],
          [
            121.050259,
            14.621585
          ],
          [
            121.050206,
            14.621689
          ],
          [
            121.049958,
            14.621574
          ],
          [
            121.049682,
            14.62145
          ],
          [
            121.049557,
            14.621393
          ],
          [
            121.049539,
            14.621385
          ],
          [
            121.049352,
            14.621298
          ],
          [
            121.049274,
            14.621265
          ],
          [
            121.0492,
            14.621243
          ],
          [
            121.049072,
            14.621219
          ],
          [
            121.04895,
            14.621191
          ],
          [
            121.04888,
            14.621173
          ],
          [
            121.048827,
            14.621152
          ],
          [
            121.048752,
            14.621114
          ],
          [
            121.048686,
            14.621071
          ],
          [
            121.048625,
            14.621027
          ],
          [
            121.048547,
            14.62096
          ],
          [
            121.048463,
            14.620914
          ],
          [
            121.048321,
            14.620861
          ],
          [
            121.047024,
            14.620404
          ],
          [
            121.046807,
            14.620328
          ],
          [
            121.046583,
            14.620263
          ],
          [
            121.045922,
            14.62003
          ],
          [
            121.045388,
            14.619865
          ],
          [
            121.044646,
            14.619639
          ],
          [
            121.044375,
            14.619543
          ],
          [
            121.044114,
            14.619432
          ],
          [
            121.044091,
            14.619422
          ],
          [
            121.04408,
            14.619416
          ],
          [
            121.04353,
            14.619109
          ],
          [
            121.043346,
            14.618999
          ],
          [
            121.043133,
            14.618871
          ],
          [
            121.042673,
            14.618593
          ],
          [
            121.042281,
            14.618358
          ],
          [
            121.042099,
            14.618249
          ],
          [
            121.040181,
            14.617089
          ],
          [
            121.039703,
            14.616805
          ],
          [
            121.039646,
            14.61677
          ],
          [
            121.039579,
            14.616729
          ],
          [
            121.039342,
            14.616589
          ],
          [
            121.038747,
            14.616242
          ],
          [
            121.037535,
            14.615536
          ],
          [
            121.036967,
            14.615202
          ],
          [
            121.036898,
            14.615163
          ],
          [
            121.036807,
            14.61511
          ],
          [
            121.036531,
            14.614953
          ],
          [
            121.036313,
            14.614829
          ],
          [
            121.035529,
            14.614384
          ],
          [
            121.035313,
            14.614263
          ],
          [
            121.035273,
            14.61424
          ],
          [
            121.034917,
            14.614036
          ],
          [
            121.034724,
            14.613927
          ],
          [
            121.03466,
            14.613885
          ],
          [
            121.034547,
            14.613825
          ],
          [
            121.033244,
            14.613065
          ],
          [
            121.033161,
            14.613017
          ],
          [
            121.033043,
            14.612952
          ],
          [
            121.032978,
            14.612922
          ],
          [
            121.032817,
            14.612845
          ],
          [
            121.032606,
            14.612757
          ],
          [
            121.032385,
            14.612674
          ],
          [
            121.03235,
            14.612663
          ],
          [
            121.032271,
            14.612635
          ],
          [
            121.03217,
            14.612602
          ],
          [
            121.032005,
            14.612548
          ],
          [
            121.031388,
            14.612342
          ],
          [
            121.031322,
            14.61232
          ],
          [
            121.031163,
            14.612269
          ],
          [
            121.03076,
            14.612138
          ],
          [
            121.030457,
            14.612035
          ],
          [
            121.030302,
            14.611982
          ],
          [
            121.030028,
            14.61189
          ],
          [
            121.02969,
            14.611781
          ],
          [
            121.02969,
            14.611781
          ],
          [
            121.029166,
            14.611609
          ],
          [
            121.02833,
            14.61134
          ],
          [
            121.027951,
            14.611208
          ],
          [
            121.027793,
            14.611154
          ],
          [
            121.027466,
            14.611043
          ],
          [
            121.026521,
            14.610737
          ],
          [
            121.026259,
            14.610651
          ],
          [
            121.025572,
            14.610424
          ],
          [
            121.024866,
            14.610195
          ],
          [
            121.024483,
            14.610065
          ],
          [
            121.023663,
            14.609797
          ],
          [
            121.023193,
            14.609643
          ],
          [
            121.02291,
            14.60955
          ],
          [
            121.022764,
            14.609492
          ],
          [
            121.022665,
            14.609446
          ],
          [
            121.022562,
            14.609388
          ],
          [
            121.022403,
            14.60928
          ],
          [
            121.022315,
            14.609216
          ],
          [
            121.022257,
            14.609169
          ],
          [
            121.0221,
            14.609026
          ],
          [
            121.021663,
            14.608596
          ],
          [
            121.021161,
            14.608121
          ],
          [
            121.020748,
            14.607731
          ],
          [
            121.020469,
            14.607466
          ],
          [
            121.020414,
            14.607415
          ],
          [
            121.020172,
            14.607186
          ],
          [
            121.019719,
            14.606757
          ],
          [
            121.019635,
            14.606677
          ],
          [
            121.019409,
            14.606464
          ],
          [
            121.018873,
            14.605953
          ],
          [
            121.01872,
            14.605804
          ],
          [
            121.018571,
            14.605657
          ],
          [
            121.018373,
            14.605467
          ],
          [
            121.017815,
            14.604913
          ],
          [
            121.017386,
            14.604486
          ],
          [
            121.017128,
            14.604229
          ],
          [
            121.016969,
            14.604076
          ],
          [
            121.016876,
            14.603975
          ],
          [
            121.016591,
            14.6037
          ],
          [
            121.016042,
            14.603146
          ],
          [
            121.015959,
            14.603073
          ],
          [
            121.015881,
            14.603013
          ],
          [
            121.015795,
            14.602957
          ],
          [
            121.015764,
            14.602941
          ],
          [
            121.015673,
            14.602894
          ],
          [
            121.015579,
            14.602851
          ],
          [
            121.015382,
            14.602776
          ],
          [
            121.015179,
            14.602719
          ],
          [
            121.015136,
            14.60271
          ],
          [
            121.014956,
            14.602679
          ],
          [
            121.014774,
            14.602663
          ],
          [
            121.014486,
            14.602632
          ],
          [
            121.014032,
            14.602589
          ],
          [
            121.013503,
            14.602551
          ],
          [
            121.01167,
            14.602395
          ],
          [
            121.010921,
            14.602329
          ],
          [
            121.010849,
            14.60232
          ],
          [
            121.010582,
            14.602296
          ],
          [
            121.010445,
            14.602282
          ],
          [
            121.009443,
            14.602209
          ],
          [
            121.00881,
            14.602174
          ],
          [
            121.008733,
            14.602169
          ],
          [
            121.008631,
            14.60216
          ],
          [
            121.008591,
            14.602156
          ],
          [
            121.008529,
            14.602151
          ],
          [
            121.008381,
            14.602138
          ],
          [
            121.007998,
            14.602102
          ],
          [
            121.007094,
            14.601981
          ],
          [
            121.006558,
            14.601906
          ],
          [
            121.005409,
            14.6018
          ],
          [
            121.004921,
            14.601756
          ],
          [
            121.004448,
            14.601712
          ],
          [
            121.004339,
            14.601702
          ],
          [
            121.003708,
            14.601644
          ],
          [
            121.003569,
            14.601631
          ],
          [
            121.003468,
            14.601622
          ],
          [
            121.003411,
            14.601617
          ],
          [
            121.002632,
            14.601539
          ],
          [
            121.00247,
            14.601521
          ],
          [
            121.002421,
            14.601516
          ],
          [
            121.002387,
            14.601512
          ],
          [
            121.002254,
            14.601498
          ],
          [
            121.001994,
            14.601453
          ],
          [
            121.001547,
            14.601395
          ],
          [
            121.000662,
            14.601289
          ],
          [
            121.000385,
            14.601256
          ],
          [
            121.000104,
            14.601237
          ],
          [
            120.999518,
            14.601208
          ],
          [
            120.998635,
            14.601137
          ],
          [
            120.998304,
            14.601086
          ],
          [
            120.998009,
            14.601011
          ],
          [
            120.99782,
            14.600964
          ],
          [
            120.997623,
            14.600927
          ],
          [
            120.997089,
            14.600857
          ],
          [
            120.996863,
            14.600793
          ],
          [
            120.996791,
            14.600773
          ],
          [
            120.996597,
            14.600707
          ],
          [
            120.996473,
            14.600654
          ],
          [
            120.996461,
            14.60065
          ],
          [
            120.996418,
            14.600637
          ],
          [
            120.99634,
            14.600611
          ],
          [
            120.996271,
            14.600599
          ],
          [
            120.996179,
            14.60059
          ],
          [
            120.99607,
            14.600605
          ],
          [
            120.996008,
            14.600615
          ],
          [
            120.995922,
            14.600634
          ],
          [
            120.995849,
            14.600656
          ],
          [
            120.995814,
            14.600669
          ],
          [
            120.995729,
            14.600695
          ],
          [
            120.995629,
            14.600733
          ],
          [
            120.994385,
            14.601135
          ],
          [
            120.994154,
            14.601223
          ],
          [
            120.993916,
            14.601296
          ],
          [
            120.993759,
            14.601342
          ],
          [
            120.993617,
            14.601394
          ],
          [
            120.993558,
            14.601416
          ],
          [
            120.993058,
            14.601556
          ],
          [
            120.992896,
            14.601588
          ],
          [
            120.992786,
            14.6016
          ],
          [
            120.992756,
            14.601596
          ],
          [
            120.992652,
            14.601558
          ],
          [
            120.992485,
            14.60149
          ],
          [
            120.992378,
            14.60143
          ],
          [
            120.992216,
            14.601344
          ],
          [
            120.992081,
            14.601271
          ],
          [
            120.991606,
            14.601001
          ],
          [
            120.991559,
            14.600963
          ],
          [
            120.991451,
            14.600871
          ],
          [
            120.991212,
            14.600661
          ],
          [
            120.991101,
            14.600558
          ],
          [
            120.990967,
            14.600431
          ],
          [
            120.990842,
            14.600529
          ],
          [
            120.990734,
            14.600581
          ],
          [
            120.990709,
            14.600593
          ],
          [
            120.990065,
            14.600885
          ],
          [
            120.989705,
            14.60105
          ],
          [
            120.989191,
            14.601288
          ],
          [
            120.988745,
            14.601493
          ],
          [
            120.988217,
            14.601737
          ],
          [
            120.988151,
            14.601768
          ],
          [
            120.988129,
            14.601778
          ],
          [
            120.988107,
            14.601789
          ],
          [
            120.987567,
            14.602036
          ],
          [
            120.987206,
            14.602201
          ],
          [
            120.987129,
            14.602238
          ],
          [
            120.987066,
            14.602267
          ],
          [
            120.986062,
            14.602728
          ],
          [
            120.985693,
            14.6029
          ],
          [
            120.985262,
            14.603108
          ],
          [
            120.984948,
            14.603258
          ],
          [
            120.984826,
            14.603307
          ],
          [
            120.984621,
            14.603368
          ],
          [
            120.983754,
            14.603523
          ],
          [
            120.98371,
            14.603531
          ],
          [
            120.982959,
            14.60365
          ],
          [
            120.982923,
            14.603656
          ],
          [
            120.982532,
            14.603712
          ],
          [
            120.982391,
            14.603764
          ],
          [
            120.9821,
            14.603802
          ],
          [
            120.981969,
            14.603816
          ],
          [
            120.98187,
            14.603831
          ],
          [
            120.981816,
            14.603838
          ],
          [
            120.981159,
            14.603923
          ],
          [
            120.980762,
            14.603968
          ],
          [
            120.980675,
            14.603976
          ],
          [
            120.980618,
            14.60398
          ],
          [
            120.980562,
            14.603988
          ],
          [
            120.980273,
            14.604039
          ],
          [
            120.979995,
            14.604152
          ],
          [
            120.979521,
            14.604327
          ],
          [
            120.979509,
            14.604332
          ],
          [
            120.979389,
            14.604378
          ],
          [
            120.979285,
            14.60442
          ],
          [
            120.979235,
            14.60444
          ],
          [
            120.978876,
            14.604585
          ],
          [
            120.97829,
            14.604812
          ],
          [
            120.978132,
            14.604871
          ],
          [
            120.977658,
            14.605057
          ],
          [
            120.977607,
            14.605077
          ],
          [
            120.977548,
            14.6051
          ],
          [
            120.976983,
            14.605316
          ],
          [
            120.976924,
            14.605339
          ],
          [
            120.976839,
            14.605371
          ],
          [
            120.976605,
            14.605459
          ],
          [
            120.976047,
            14.605672
          ],
          [
            120.975841,
            14.605748
          ],
          [
            120.97514,
            14.606026
          ],
          [
            120.974878,
            14.606125
          ],
          [
            120.974293,
            14.606334
          ],
          [
            120.973907,
            14.606473
          ],
          [
            120.973497,
            14.606632
          ],
          [
            120.973424,
            14.606628
          ],
          [
            120.973352,
            14.606618
          ],
          [
            120.97326,
            14.606599
          ],
          [
            120.972687,
            14.606462
          ],
          [
            120.972175,
            14.606338
          ],
          [
            120.971422,
            14.606174
          ],
          [
            120.97125,
            14.606134
          ],
          [
            120.970868,
            14.606031
          ],
          [
            120.97068,
            14.605971
          ],
          [
            120.970251,
            14.605816
          ],
          [
            120.970126,
            14.605705
          ],
          [
            120.970018,
            14.605597
          ],
          [
            120.969631,
            14.60517
          ],
          [
            120.969282,
            14.604784
          ],
          [
            120.968849,
            14.604304
          ],
          [
            120.968797,
            14.604242
          ],
          [
            120.968747,
            14.604186
          ],
          [
            120.968349,
            14.603738
          ],
          [
            120.967917,
            14.603259
          ],
          [
            120.967558,
            14.602845
          ],
          [
            120.967553,
            14.602831
          ],
          [
            120.96755,
            14.602816
          ],
          [
            120.96755,
            14.602801
          ],
          [
            120.967552,
            14.602786
          ],
          [
            120.967558,
            14.602771
          ],
          [
            120.967566,
            14.602758
          ],
          [
            120.967577,
            14.602747
          ],
          [
            120.967589,
            14.602738
          ],
          [
            120.967603,
            14.602731
          ],
          [
            120.967618,
            14.602726
          ],
          [
            120.967634,
            14.602725
          ],
          [
            120.96765,
            14.602726
          ],
          [
            120.967665,
            14.60273
          ],
          [
            120.967679,
            14.602737
          ],
          [
            120.967692,
            14.602746
          ],
          [
            120.968047,
            14.603169
          ],
          [
            120.968521,
            14.602724
          ],
          [
            120.96861,
            14.60264
          ],
          [
            120.969028,
            14.6022
          ],
          [
            120.969536,
            14.602581
          ],
          [
            120.969873,
            14.602836
          ],
          [
            120.970454,
            14.603276
          ],
          [
            120.970755,
            14.602982
          ],
          [
            120.970867,
            14.602874
          ]
        ]
      }
    },
    {
      "type": "Feature",
      "properties": {
        "route_id": "PH-MNL03",
        "route_name": "Jeep: Baclaran - Quiapo",
        "route_type": "PUJ",
        "route_ref": "BAC-QPO",
        "origin_name": "Origin",
        "destination_name": "Destination",
        "region": "Other",
        "province": "Other"
      },
      "geometry": {
        "type": "LineString",
        "coordinates": [
          [
            120.992429,
            14.533136
          ],
          [
            120.992305,
            14.534194
          ],
          [
            120.992292,
            14.53444
          ],
          [
            120.992279,
            14.534466
          ],
          [
            120.992236,
            14.534498
          ],
          [
            120.992146,
            14.534498
          ],
          [
            120.991801,
            14.534476
          ],
          [
            120.990359,
            14.534279
          ],
          [
            120.990269,
            14.534269
          ],
          [
            120.990189,
            14.534259
          ],
          [
            120.990131,
            14.534251
          ],
          [
            120.990109,
            14.534248
          ],
          [
            120.989421,
            14.534153
          ],
          [
            120.989316,
            14.534141
          ],
          [
            120.989306,
            14.534197
          ],
          [
            120.989234,
            14.534654
          ],
          [
            120.989169,
            14.535142
          ],
          [
            120.989139,
            14.535402
          ],
          [
            120.989125,
            14.535524
          ],
          [
            120.989088,
            14.535864
          ],
          [
            120.989067,
            14.536052
          ],
          [
            120.98906,
            14.536113
          ],
          [
            120.98905,
            14.536196
          ],
          [
            120.989026,
            14.536406
          ],
          [
            120.989017,
            14.536489
          ],
          [
            120.989007,
            14.536568
          ],
          [
            120.988961,
            14.536893
          ],
          [
            120.988952,
            14.536967
          ],
          [
            120.988929,
            14.537145
          ],
          [
            120.988909,
            14.537304
          ],
          [
            120.988839,
            14.537735
          ],
          [
            120.988751,
            14.538375
          ],
          [
            120.988578,
            14.539482
          ],
          [
            120.988559,
            14.539608
          ],
          [
            120.988473,
            14.540165
          ],
          [
            120.988432,
            14.54047
          ],
          [
            120.98842,
            14.54055
          ],
          [
            120.988409,
            14.540625
          ],
          [
            120.988372,
            14.54085
          ],
          [
            120.988346,
            14.541011
          ],
          [
            120.988326,
            14.541127
          ],
          [
            120.988308,
            14.541241
          ],
          [
            120.988148,
            14.542338
          ],
          [
            120.988068,
            14.542891
          ],
          [
            120.988059,
            14.54296
          ],
          [
            120.988043,
            14.543082
          ],
          [
            120.98803,
            14.543211
          ],
          [
            120.988017,
            14.543336
          ],
          [
            120.987991,
            14.543511
          ],
          [
            120.987963,
            14.543671
          ],
          [
            120.987936,
            14.543815
          ],
          [
            120.987908,
            14.543921
          ],
          [
            120.987789,
            14.544387
          ],
          [
            120.987681,
            14.544812
          ],
          [
            120.987663,
            14.544883
          ],
          [
            120.987492,
            14.545544
          ],
          [
            120.987261,
            14.546491
          ],
          [
            120.987106,
            14.547127
          ],
          [
            120.98695,
            14.547748
          ],
          [
            120.9868,
            14.548335
          ],
          [
            120.986767,
            14.548452
          ],
          [
            120.986683,
            14.548788
          ],
          [
            120.986545,
            14.549323
          ],
          [
            120.986485,
            14.549559
          ],
          [
            120.986294,
            14.55029
          ],
          [
            120.986133,
            14.550899
          ],
          [
            120.986105,
            14.551052
          ],
          [
            120.986101,
            14.551097
          ],
          [
            120.986101,
            14.551137
          ],
          [
            120.986103,
            14.551173
          ],
          [
            120.986111,
            14.551214
          ],
          [
            120.98612,
            14.55125
          ],
          [
            120.986135,
            14.551292
          ],
          [
            120.986162,
            14.55136
          ],
          [
            120.9863,
            14.551401
          ],
          [
            120.986531,
            14.551473
          ],
          [
            120.987178,
            14.551671
          ],
          [
            120.987238,
            14.551691
          ],
          [
            120.987382,
            14.551731
          ],
          [
            120.987436,
            14.551744
          ],
          [
            120.987472,
            14.551752
          ],
          [
            120.98749,
            14.551756
          ],
          [
            120.987563,
            14.551766
          ],
          [
            120.98764,
            14.551772
          ],
          [
            120.987911,
            14.551785
          ],
          [
            120.987984,
            14.551789
          ],
          [
            120.988166,
            14.551801
          ],
          [
            120.988221,
            14.551808
          ],
          [
            120.988495,
            14.551846
          ],
          [
            120.98863,
            14.551889
          ],
          [
            120.98883,
            14.551954
          ],
          [
            120.988998,
            14.552009
          ],
          [
            120.989164,
            14.552062
          ],
          [
            120.989253,
            14.552091
          ],
          [
            120.989341,
            14.55212
          ],
          [
            120.989399,
            14.552137
          ],
          [
            120.989638,
            14.552211
          ],
          [
            120.989803,
            14.552256
          ],
          [
            120.989923,
            14.552293
          ],
          [
            120.990148,
            14.55236
          ],
          [
            120.990169,
            14.552377
          ],
          [
            120.990177,
            14.552388
          ],
          [
            120.990187,
            14.552404
          ],
          [
            120.990195,
            14.552423
          ],
          [
            120.990199,
            14.552443
          ],
          [
            120.990201,
            14.552471
          ],
          [
            120.990198,
            14.552488
          ],
          [
            120.990193,
            14.552504
          ],
          [
            120.990185,
            14.552523
          ],
          [
            120.990173,
            14.552538
          ],
          [
            120.990158,
            14.552554
          ],
          [
            120.990138,
            14.552566
          ],
          [
            120.990112,
            14.552575
          ],
          [
            120.990093,
            14.552578
          ],
          [
            120.990075,
            14.552578
          ],
          [
            120.990034,
            14.552574
          ],
          [
            120.989919,
            14.552539
          ],
          [
            120.989852,
            14.552517
          ],
          [
            120.989737,
            14.552481
          ],
          [
            120.98957,
            14.552432
          ],
          [
            120.989524,
            14.552578
          ],
          [
            120.989464,
            14.552771
          ],
          [
            120.989247,
            14.5535
          ],
          [
            120.988957,
            14.554367
          ],
          [
            120.988895,
            14.554516
          ],
          [
            120.988861,
            14.554572
          ],
          [
            120.988819,
            14.554626
          ],
          [
            120.988774,
            14.554766
          ],
          [
            120.988315,
            14.556251
          ],
          [
            120.98812,
            14.556861
          ],
          [
            120.9877,
            14.558213
          ],
          [
            120.987616,
            14.558453
          ],
          [
            120.987557,
            14.558619
          ],
          [
            120.987471,
            14.558836
          ],
          [
            120.987216,
            14.55944
          ],
          [
            120.98721,
            14.559453
          ],
          [
            120.987177,
            14.559535
          ],
          [
            120.987132,
            14.559643
          ],
          [
            120.987086,
            14.559738
          ],
          [
            120.986942,
            14.56005
          ],
          [
            120.986761,
            14.560451
          ],
          [
            120.986655,
            14.560688
          ],
          [
            120.986234,
            14.561657
          ],
          [
            120.985822,
            14.562632
          ],
          [
            120.98567,
            14.562984
          ],
          [
            120.98513,
            14.564197
          ],
          [
            120.985098,
            14.564268
          ],
          [
            120.985063,
            14.564348
          ],
          [
            120.985021,
            14.564444
          ],
          [
            120.984942,
            14.56463
          ],
          [
            120.984775,
            14.565017
          ],
          [
            120.984455,
            14.565741
          ],
          [
            120.98333,
            14.568288
          ],
          [
            120.983195,
            14.568582
          ],
          [
            120.983084,
            14.568838
          ],
          [
            120.982223,
            14.57074
          ],
          [
            120.981944,
            14.571312
          ],
          [
            120.981692,
            14.571828
          ],
          [
            120.981107,
            14.573028
          ],
          [
            120.98108,
            14.573076
          ],
          [
            120.980949,
            14.573352
          ],
          [
            120.980881,
            14.573487
          ],
          [
            120.980495,
            14.574244
          ],
          [
            120.98005,
            14.575098
          ],
          [
            120.979334,
            14.576365
          ],
          [
            120.978856,
            14.577231
          ],
          [
            120.978441,
            14.577978
          ],
          [
            120.978381,
            14.578085
          ],
          [
            120.978323,
            14.57819
          ],
          [
            120.978216,
            14.578392
          ],
          [
            120.978041,
            14.578725
          ],
          [
            120.97797,
            14.578858
          ],
          [
            120.977667,
            14.579363
          ],
          [
            120.977481,
            14.579681
          ],
          [
            120.977413,
            14.579798
          ],
          [
            120.977334,
            14.579923
          ],
          [
            120.977234,
            14.580094
          ],
          [
            120.977173,
            14.580196
          ],
          [
            120.976789,
            14.580849
          ],
          [
            120.976749,
            14.580917
          ],
          [
            120.976739,
            14.580934
          ],
          [
            120.976465,
            14.581399
          ],
          [
            120.976384,
            14.581537
          ],
          [
            120.976141,
            14.581949
          ],
          [
            120.976127,
            14.581973
          ],
          [
            120.976064,
            14.58208
          ],
          [
            120.9757,
            14.582699
          ],
          [
            120.975582,
            14.582899
          ],
          [
            120.975736,
            14.582986
          ],
          [
            120.976114,
            14.583196
          ],
          [
            120.976523,
            14.583426
          ],
          [
            120.976611,
            14.583477
          ],
          [
            120.977433,
            14.583962
          ],
          [
            120.977831,
            14.584199
          ],
          [
            120.978182,
            14.584412
          ],
          [
            120.978549,
            14.584622
          ],
          [
            120.978605,
            14.584654
          ],
          [
            120.978837,
            14.584792
          ],
          [
            120.978963,
            14.584865
          ],
          [
            120.979022,
            14.584898
          ],
          [
            120.979448,
            14.585139
          ],
          [
            120.9797,
            14.585288
          ],
          [
            120.979799,
            14.585354
          ],
          [
            120.979895,
            14.585432
          ],
          [
            120.980044,
            14.585571
          ],
          [
            120.980181,
            14.585737
          ],
          [
            120.980281,
            14.585867
          ],
          [
            120.980339,
            14.585958
          ],
          [
            120.980389,
            14.586055
          ],
          [
            120.980418,
            14.58612
          ],
          [
            120.980448,
            14.5862
          ],
          [
            120.980485,
            14.586317
          ],
          [
            120.980618,
            14.58678
          ],
          [
            120.980786,
            14.587369
          ],
          [
            120.980845,
            14.587582
          ],
          [
            120.980933,
            14.5879
          ],
          [
            120.980989,
            14.588084
          ],
          [
            120.981056,
            14.588324
          ],
          [
            120.981195,
            14.588808
          ],
          [
            120.981216,
            14.588883
          ],
          [
            120.981226,
            14.588953
          ],
          [
            120.981226,
            14.589089
          ],
          [
            120.98119,
            14.589214
          ],
          [
            120.981088,
            14.589545
          ],
          [
            120.980817,
            14.590381
          ],
          [
            120.980555,
            14.591154
          ],
          [
            120.980517,
            14.591264
          ],
          [
            120.980489,
            14.59147
          ],
          [
            120.980398,
            14.591815
          ],
          [
            120.980316,
            14.592069
          ],
          [
            120.980247,
            14.592274
          ],
          [
            120.98023,
            14.59233
          ],
          [
            120.980195,
            14.592422
          ],
          [
            120.98018,
            14.592463
          ],
          [
            120.980077,
            14.592675
          ],
          [
            120.98004,
            14.592752
          ],
          [
            120.979871,
            14.593358
          ],
          [
            120.979833,
            14.593504
          ],
          [
            120.979831,
            14.593582
          ],
          [
            120.979832,
            14.59367
          ],
          [
            120.979847,
            14.593784
          ],
          [
            120.980108,
            14.594899
          ],
          [
            120.980162,
            14.595127
          ],
          [
            120.980193,
            14.595276
          ],
          [
            120.980218,
            14.595417
          ],
          [
            120.980314,
            14.596014
          ],
          [
            120.980511,
            14.597162
          ],
          [
            120.98057,
            14.597506
          ],
          [
            120.980687,
            14.598267
          ],
          [
            120.980716,
            14.598406
          ],
          [
            120.980721,
            14.598515
          ],
          [
            120.980765,
            14.598814
          ],
          [
            120.980787,
            14.598856
          ],
          [
            120.980828,
            14.598904
          ],
          [
            120.980891,
            14.598951
          ],
          [
            120.981185,
            14.599007
          ],
          [
            120.98134,
            14.599017
          ],
          [
            120.981711,
            14.598961
          ],
          [
            120.981987,
            14.598919
          ],
          [
            120.982207,
            14.598885
          ],
          [
            120.982623,
            14.598822
          ],
          [
            120.983088,
            14.598767
          ],
          [
            120.982991,
            14.598186
          ]
        ]
      }
    },
    {
      "type": "Feature",
      "properties": {
        "route_id": "PH-MNL04",
        "route_name": "Jeep: Fairview - City Hall",
        "route_type": "PUJ",
        "route_ref": "FRV-CTY",
        "origin_name": "Origin",
        "destination_name": "Destination",
        "region": "Other",
        "province": "Other"
      },
      "geometry": {
        "type": "LineString",
        "coordinates": [
          [
            121.0661,
            14.708037
          ],
          [
            121.066122,
            14.708037
          ],
          [
            121.066177,
            14.707516
          ],
          [
            121.06621,
            14.707195
          ],
          [
            121.066211,
            14.70714
          ],
          [
            121.066206,
            14.707099
          ],
          [
            121.066189,
            14.707064
          ],
          [
            121.066144,
            14.707032
          ],
          [
            121.066107,
            14.70702
          ],
          [
            121.066055,
            14.707011
          ],
          [
            121.06594,
            14.707003
          ],
          [
            121.065603,
            14.706998
          ],
          [
            121.065482,
            14.707002
          ],
          [
            121.065362,
            14.707013
          ],
          [
            121.065249,
            14.707029
          ],
          [
            121.065131,
            14.707057
          ],
          [
            121.065019,
            14.707096
          ],
          [
            121.064933,
            14.707138
          ],
          [
            121.064853,
            14.707196
          ],
          [
            121.064782,
            14.707032
          ],
          [
            121.064778,
            14.707023
          ],
          [
            121.06475,
            14.706956
          ],
          [
            121.064699,
            14.706839
          ],
          [
            121.064669,
            14.70677
          ],
          [
            121.064466,
            14.706868
          ],
          [
            121.064303,
            14.706963
          ],
          [
            121.06421,
            14.707023
          ],
          [
            121.063986,
            14.707214
          ],
          [
            121.063801,
            14.707413
          ],
          [
            121.063403,
            14.707885
          ],
          [
            121.063286,
            14.708023
          ],
          [
            121.063192,
            14.708135
          ],
          [
            121.063084,
            14.708261
          ],
          [
            121.063029,
            14.708338
          ],
          [
            121.062882,
            14.708501
          ],
          [
            121.062773,
            14.708631
          ],
          [
            121.062645,
            14.70853
          ],
          [
            121.063614,
            14.707381
          ],
          [
            121.063774,
            14.7072
          ],
          [
            121.063885,
            14.707089
          ],
          [
            121.064033,
            14.706959
          ],
          [
            121.064185,
            14.706847
          ],
          [
            121.064307,
            14.706771
          ],
          [
            121.064385,
            14.706728
          ],
          [
            121.064611,
            14.706621
          ],
          [
            121.064867,
            14.706526
          ],
          [
            121.065033,
            14.706477
          ],
          [
            121.065184,
            14.706445
          ],
          [
            121.065336,
            14.706425
          ],
          [
            121.065424,
            14.706415
          ],
          [
            121.065525,
            14.706411
          ],
          [
            121.066305,
            14.706418
          ],
          [
            121.066532,
            14.706419
          ],
          [
            121.066797,
            14.706417
          ],
          [
            121.067135,
            14.70642
          ],
          [
            121.067223,
            14.706421
          ],
          [
            121.067928,
            14.706416
          ],
          [
            121.068645,
            14.706416
          ],
          [
            121.069318,
            14.706422
          ],
          [
            121.069344,
            14.706423
          ],
          [
            121.069432,
            14.706424
          ],
          [
            121.069675,
            14.706423
          ],
          [
            121.069995,
            14.706423
          ],
          [
            121.070288,
            14.706421
          ],
          [
            121.070313,
            14.706419
          ],
          [
            121.070365,
            14.706413
          ],
          [
            121.070417,
            14.706405
          ],
          [
            121.070494,
            14.706393
          ],
          [
            121.07055,
            14.706382
          ],
          [
            121.070664,
            14.706351
          ],
          [
            121.071574,
            14.706046
          ],
          [
            121.071605,
            14.706035
          ],
          [
            121.071802,
            14.705969
          ],
          [
            121.072142,
            14.705854
          ],
          [
            121.072871,
            14.705616
          ],
          [
            121.073247,
            14.705493
          ],
          [
            121.073497,
            14.705413
          ],
          [
            121.073637,
            14.705363
          ],
          [
            121.073849,
            14.705297
          ],
          [
            121.074078,
            14.705233
          ],
          [
            121.074503,
            14.705141
          ],
          [
            121.074696,
            14.705112
          ],
          [
            121.075123,
            14.705062
          ],
          [
            121.075414,
            14.705047
          ],
          [
            121.075501,
            14.705042
          ],
          [
            121.077041,
            14.705038
          ],
          [
            121.07732,
            14.705038
          ],
          [
            121.077449,
            14.705038
          ],
          [
            121.077613,
            14.705037
          ],
          [
            121.078279,
            14.705037
          ],
          [
            121.07834,
            14.705036
          ],
          [
            121.079526,
            14.705008
          ],
          [
            121.079575,
            14.705006
          ],
          [
            121.079786,
            14.704981
          ],
          [
            121.080295,
            14.704912
          ],
          [
            121.080499,
            14.704885
          ],
          [
            121.080774,
            14.704852
          ],
          [
            121.080885,
            14.704838
          ],
          [
            121.081233,
            14.704811
          ],
          [
            121.081477,
            14.704781
          ],
          [
            121.081738,
            14.704739
          ],
          [
            121.081802,
            14.704727
          ],
          [
            121.08188,
            14.704712
          ],
          [
            121.082188,
            14.704652
          ],
          [
            121.082567,
            14.704562
          ],
          [
            121.083224,
            14.704352
          ],
          [
            121.083595,
            14.704173
          ],
          [
            121.083895,
            14.704016
          ],
          [
            121.084015,
            14.70395
          ],
          [
            121.084251,
            14.703812
          ],
          [
            121.084324,
            14.703756
          ],
          [
            121.084588,
            14.703551
          ],
          [
            121.084678,
            14.703474
          ],
          [
            121.085051,
            14.703103
          ],
          [
            121.08534,
            14.70281
          ],
          [
            121.085625,
            14.702488
          ],
          [
            121.085894,
            14.702143
          ],
          [
            121.086071,
            14.70186
          ],
          [
            121.086379,
            14.701311
          ],
          [
            121.086519,
            14.700998
          ],
          [
            121.086643,
            14.700713
          ],
          [
            121.086797,
            14.700304
          ],
          [
            121.086892,
            14.699966
          ],
          [
            121.08699,
            14.69963
          ],
          [
            121.087031,
            14.699457
          ],
          [
            121.087066,
            14.699302
          ],
          [
            121.087094,
            14.699142
          ],
          [
            121.08712,
            14.698959
          ],
          [
            121.087134,
            14.69878
          ],
          [
            121.087143,
            14.698558
          ],
          [
            121.087157,
            14.697957
          ],
          [
            121.087159,
            14.697742
          ],
          [
            121.087165,
            14.697385
          ],
          [
            121.08717,
            14.696806
          ],
          [
            121.08717,
            14.696658
          ],
          [
            121.087173,
            14.69648
          ],
          [
            121.087174,
            14.696379
          ],
          [
            121.087177,
            14.696031
          ],
          [
            121.087177,
            14.695969
          ],
          [
            121.087176,
            14.695847
          ],
          [
            121.087179,
            14.695278
          ],
          [
            121.087165,
            14.694452
          ],
          [
            121.08716,
            14.693603
          ],
          [
            121.087159,
            14.693471
          ],
          [
            121.087161,
            14.6933
          ],
          [
            121.087163,
            14.69316
          ],
          [
            121.087168,
            14.692842
          ],
          [
            121.087149,
            14.691061
          ],
          [
            121.087141,
            14.690558
          ],
          [
            121.087114,
            14.689287
          ],
          [
            121.087106,
            14.688875
          ],
          [
            121.087077,
            14.688376
          ],
          [
            121.087051,
            14.68813
          ],
          [
            121.087011,
            14.687755
          ],
          [
            121.086995,
            14.687643
          ],
          [
            121.086843,
            14.686949
          ],
          [
            121.086825,
            14.686871
          ],
          [
            121.086699,
            14.686462
          ],
          [
            121.086508,
            14.685961
          ],
          [
            121.0864,
            14.685692
          ],
          [
            121.085913,
            14.684602
          ],
          [
            121.085703,
            14.684209
          ],
          [
            121.085486,
            14.683795
          ],
          [
            121.085379,
            14.683519
          ],
          [
            121.085324,
            14.683396
          ],
          [
            121.085143,
            14.682986
          ],
          [
            121.085121,
            14.682936
          ],
          [
            121.085089,
            14.682865
          ],
          [
            121.084909,
            14.68246
          ],
          [
            121.08463,
            14.681767
          ],
          [
            121.084614,
            14.681727
          ],
          [
            121.084386,
            14.681195
          ],
          [
            121.084207,
            14.680793
          ],
          [
            121.08354,
            14.679295
          ],
          [
            121.083488,
            14.679177
          ],
          [
            121.08327,
            14.678689
          ],
          [
            121.083172,
            14.678467
          ],
          [
            121.082988,
            14.678083
          ],
          [
            121.082977,
            14.678061
          ],
          [
            121.08294,
            14.677982
          ],
          [
            121.082906,
            14.677911
          ],
          [
            121.082784,
            14.67766
          ],
          [
            121.082745,
            14.677579
          ],
          [
            121.082553,
            14.677219
          ],
          [
            121.082218,
            14.67656
          ],
          [
            121.082173,
            14.676474
          ],
          [
            121.081921,
            14.676059
          ],
          [
            121.081887,
            14.676007
          ],
          [
            121.081682,
            14.675647
          ],
          [
            121.081546,
            14.675458
          ],
          [
            121.081299,
            14.675085
          ],
          [
            121.081222,
            14.674968
          ],
          [
            121.081032,
            14.674692
          ],
          [
            121.080966,
            14.674597
          ],
          [
            121.080869,
            14.674461
          ],
          [
            121.080654,
            14.674166
          ],
          [
            121.080469,
            14.673919
          ],
          [
            121.080282,
            14.673676
          ],
          [
            121.080235,
            14.673615
          ],
          [
            121.080082,
            14.673421
          ],
          [
            121.080034,
            14.673362
          ],
          [
            121.079704,
            14.672961
          ],
          [
            121.079581,
            14.672816
          ],
          [
            121.079052,
            14.672216
          ],
          [
            121.07844,
            14.671569
          ],
          [
            121.077576,
            14.670729
          ],
          [
            121.077282,
            14.670461
          ],
          [
            121.076946,
            14.670176
          ],
          [
            121.076395,
            14.669703
          ],
          [
            121.075766,
            14.669188
          ],
          [
            121.075446,
            14.668949
          ],
          [
            121.075066,
            14.668668
          ],
          [
            121.074204,
            14.668072
          ],
          [
            121.074039,
            14.667956
          ],
          [
            121.073944,
            14.66789
          ],
          [
            121.073938,
            14.667886
          ],
          [
            121.073564,
            14.667636
          ],
          [
            121.07302,
            14.667279
          ],
          [
            121.072917,
            14.667211
          ],
          [
            121.072256,
            14.666777
          ],
          [
            121.071999,
            14.666607
          ],
          [
            121.071826,
            14.666494
          ],
          [
            121.071709,
            14.666418
          ],
          [
            121.070964,
            14.665928
          ],
          [
            121.070629,
            14.665709
          ],
          [
            121.070473,
            14.665618
          ],
          [
            121.070361,
            14.665547
          ],
          [
            121.069739,
            14.665097
          ],
          [
            121.069355,
            14.664837
          ],
          [
            121.068867,
            14.664523
          ],
          [
            121.068678,
            14.664401
          ],
          [
            121.068339,
            14.664146
          ],
          [
            121.068136,
            14.664014
          ],
          [
            121.068128,
            14.664008
          ],
          [
            121.068096,
            14.663987
          ],
          [
            121.067879,
            14.663843
          ],
          [
            121.066877,
            14.663171
          ],
          [
            121.066787,
            14.663111
          ],
          [
            121.066431,
            14.66292
          ],
          [
            121.064887,
            14.661894
          ],
          [
            121.064338,
            14.661509
          ],
          [
            121.063083,
            14.660668
          ],
          [
            121.062906,
            14.660552
          ],
          [
            121.061407,
            14.659566
          ],
          [
            121.060766,
            14.659144
          ],
          [
            121.060134,
            14.658729
          ],
          [
            121.058889,
            14.65791
          ],
          [
            121.058196,
            14.657443
          ],
          [
            121.05768,
            14.657127
          ],
          [
            121.057355,
            14.656914
          ],
          [
            121.056313,
            14.656238
          ],
          [
            121.054827,
            14.655308
          ],
          [
            121.054227,
            14.654916
          ],
          [
            121.054124,
            14.654847
          ],
          [
            121.053853,
            14.654639
          ],
          [
            121.053817,
            14.654609
          ],
          [
            121.053468,
            14.654336
          ],
          [
            121.053004,
            14.653991
          ],
          [
            121.052664,
            14.653732
          ],
          [
            121.052253,
            14.653472
          ],
          [
            121.051969,
            14.653285
          ],
          [
            121.051847,
            14.653209
          ],
          [
            121.051759,
            14.653173
          ],
          [
            121.051673,
            14.653145
          ],
          [
            121.0516,
            14.653131
          ],
          [
            121.051505,
            14.653119
          ],
          [
            121.051468,
            14.653117
          ],
          [
            121.05141,
            14.653119
          ],
          [
            121.051163,
            14.653149
          ],
          [
            121.05105,
            14.653268
          ],
          [
            121.050935,
            14.653384
          ],
          [
            121.050816,
            14.653497
          ],
          [
            121.050794,
            14.653518
          ],
          [
            121.050668,
            14.653641
          ],
          [
            121.050533,
            14.653756
          ],
          [
            121.050392,
            14.653862
          ],
          [
            121.050243,
            14.65396
          ],
          [
            121.050167,
            14.654005
          ],
          [
            121.05009,
            14.654047
          ],
          [
            121.049918,
            14.654131
          ],
          [
            121.049741,
            14.654203
          ],
          [
            121.049559,
            14.654262
          ],
          [
            121.049373,
            14.65431
          ],
          [
            121.049294,
            14.654327
          ],
          [
            121.049215,
            14.654341
          ],
          [
            121.049094,
            14.654358
          ],
          [
            121.048973,
            14.65437
          ],
          [
            121.048852,
            14.654377
          ],
          [
            121.04873,
            14.654378
          ],
          [
            121.048608,
            14.654375
          ],
          [
            121.048487,
            14.654367
          ],
          [
            121.048366,
            14.654353
          ],
          [
            121.048246,
            14.654334
          ],
          [
            121.048122,
            14.65431
          ],
          [
            121.048,
            14.654279
          ],
          [
            121.047867,
            14.654236
          ],
          [
            121.047739,
            14.654182
          ],
          [
            121.047615,
            14.654119
          ],
          [
            121.047496,
            14.654047
          ],
          [
            121.047384,
            14.653967
          ],
          [
            121.047277,
            14.653879
          ],
          [
            121.047178,
            14.653784
          ],
          [
            121.047092,
            14.653681
          ],
          [
            121.047009,
            14.653582
          ],
          [
            121.046976,
            14.653541
          ],
          [
            121.046865,
            14.653399
          ],
          [
            121.046765,
            14.65325
          ],
          [
            121.046681,
            14.653091
          ],
          [
            121.046614,
            14.652925
          ],
          [
            121.046591,
            14.652849
          ],
          [
            121.046561,
            14.652714
          ],
          [
            121.046537,
            14.652578
          ],
          [
            121.04652,
            14.65244
          ],
          [
            121.04651,
            14.652303
          ],
          [
            121.046506,
            14.652165
          ],
          [
            121.046508,
            14.652026
          ],
          [
            121.046513,
            14.651892
          ],
          [
            121.046522,
            14.651758
          ],
          [
            121.046536,
            14.651624
          ],
          [
            121.046556,
            14.651491
          ],
          [
            121.046581,
            14.651359
          ],
          [
            121.046625,
            14.651187
          ],
          [
            121.046678,
            14.651017
          ],
          [
            121.046738,
            14.65085
          ],
          [
            121.046808,
            14.650686
          ],
          [
            121.046825,
            14.650639
          ],
          [
            121.046912,
            14.65046
          ],
          [
            121.046977,
            14.650344
          ],
          [
            121.047009,
            14.650286
          ],
          [
            121.047116,
            14.650117
          ],
          [
            121.047239,
            14.649946
          ],
          [
            121.047281,
            14.649892
          ],
          [
            121.04737,
            14.64978
          ],
          [
            121.047509,
            14.64962
          ],
          [
            121.047628,
            14.649501
          ],
          [
            121.047728,
            14.649405
          ],
          [
            121.047742,
            14.649394
          ],
          [
            121.047887,
            14.649272
          ],
          [
            121.048051,
            14.649146
          ],
          [
            121.048151,
            14.649068
          ],
          [
            121.048197,
            14.64901
          ],
          [
            121.048242,
            14.648959
          ],
          [
            121.048273,
            14.648901
          ],
          [
            121.048299,
            14.648847
          ],
          [
            121.04835,
            14.648729
          ],
          [
            121.048371,
            14.648672
          ],
          [
            121.048393,
            14.648608
          ],
          [
            121.048421,
            14.648526
          ],
          [
            121.048437,
            14.648468
          ],
          [
            121.048445,
            14.648436
          ],
          [
            121.048454,
            14.648387
          ],
          [
            121.048456,
            14.64834
          ],
          [
            121.048458,
            14.648275
          ],
          [
            121.048454,
            14.648233
          ],
          [
            121.048451,
            14.648198
          ],
          [
            121.048446,
            14.648155
          ],
          [
            121.048442,
            14.648124
          ],
          [
            121.048437,
            14.648097
          ],
          [
            121.048196,
            14.647077
          ],
          [
            121.04819,
            14.647053
          ],
          [
            121.047951,
            14.646042
          ],
          [
            121.047944,
            14.646012
          ],
          [
            121.047877,
            14.64573
          ],
          [
            121.047713,
            14.645038
          ],
          [
            121.04781,
            14.644996
          ],
          [
            121.047958,
            14.645604
          ],
          [
            121.048051,
            14.645984
          ],
          [
            121.04808,
            14.646104
          ]
        ]
      }
    },
    {
      "type": "Feature",
      "properties": {
        "route_id": "PH-MNL05",
        "route_name": "BGC Bus: East Route",
        "route_type": "BUS",
        "route_ref": "BGC-EST",
        "origin_name": "Origin",
        "destination_name": "Destination",
        "region": "Other",
        "province": "Other"
      },
      "geometry": {
        "type": "LineString",
        "coordinates": [
          [
            121.028061,
            14.551068
          ],
          [
            121.027827,
            14.551335
          ],
          [
            121.027776,
            14.551394
          ],
          [
            121.027758,
            14.551414
          ],
          [
            121.02778,
            14.551432
          ],
          [
            121.027847,
            14.55149
          ],
          [
            121.028014,
            14.551629
          ],
          [
            121.028042,
            14.551599
          ],
          [
            121.028158,
            14.551446
          ],
          [
            121.028657,
            14.550894
          ],
          [
            121.028862,
            14.550671
          ],
          [
            121.028877,
            14.550655
          ],
          [
            121.029189,
            14.550316
          ],
          [
            121.029408,
            14.550071
          ],
          [
            121.029583,
            14.549886
          ],
          [
            121.029692,
            14.549771
          ],
          [
            121.029726,
            14.549737
          ],
          [
            121.02976,
            14.549705
          ],
          [
            121.029825,
            14.549653
          ],
          [
            121.029854,
            14.549633
          ],
          [
            121.029921,
            14.549592
          ],
          [
            121.029988,
            14.549553
          ],
          [
            121.030105,
            14.549494
          ],
          [
            121.030164,
            14.54948
          ],
          [
            121.030225,
            14.549465
          ],
          [
            121.030354,
            14.549452
          ],
          [
            121.030823,
            14.549247
          ],
          [
            121.032638,
            14.548453
          ],
          [
            121.033164,
            14.548232
          ],
          [
            121.033388,
            14.548138
          ],
          [
            121.033417,
            14.548126
          ],
          [
            121.033453,
            14.548111
          ],
          [
            121.034257,
            14.547771
          ],
          [
            121.034379,
            14.547719
          ],
          [
            121.034777,
            14.547566
          ],
          [
            121.035522,
            14.547279
          ],
          [
            121.035665,
            14.547238
          ],
          [
            121.035831,
            14.547216
          ],
          [
            121.035942,
            14.547211
          ],
          [
            121.036667,
            14.547302
          ],
          [
            121.036838,
            14.547324
          ],
          [
            121.036921,
            14.547334
          ],
          [
            121.038116,
            14.547479
          ],
          [
            121.038754,
            14.547564
          ],
          [
            121.03884,
            14.547576
          ],
          [
            121.038929,
            14.547586
          ],
          [
            121.039069,
            14.547604
          ],
          [
            121.039105,
            14.547606
          ],
          [
            121.039295,
            14.547631
          ],
          [
            121.039306,
            14.547633
          ],
          [
            121.03949,
            14.547658
          ],
          [
            121.039852,
            14.54771
          ],
          [
            121.040005,
            14.547725
          ],
          [
            121.040113,
            14.547729
          ],
          [
            121.040241,
            14.547723
          ],
          [
            121.040335,
            14.547709
          ],
          [
            121.040481,
            14.54767
          ],
          [
            121.040638,
            14.547615
          ],
          [
            121.040782,
            14.547529
          ],
          [
            121.040896,
            14.547437
          ],
          [
            121.041069,
            14.547266
          ],
          [
            121.041172,
            14.547143
          ],
          [
            121.041464,
            14.546742
          ],
          [
            121.041812,
            14.546249
          ],
          [
            121.041953,
            14.54605
          ],
          [
            121.042073,
            14.545908
          ],
          [
            121.042136,
            14.545849
          ],
          [
            121.042158,
            14.545828
          ],
          [
            121.042278,
            14.545722
          ],
          [
            121.042385,
            14.54564
          ],
          [
            121.0426,
            14.545502
          ],
          [
            121.042799,
            14.545401
          ],
          [
            121.043859,
            14.544881
          ],
          [
            121.044006,
            14.544825
          ],
          [
            121.044189,
            14.544815
          ],
          [
            121.044347,
            14.54482
          ],
          [
            121.044508,
            14.544867
          ],
          [
            121.04472,
            14.544946
          ],
          [
            121.044776,
            14.544965
          ],
          [
            121.044933,
            14.545025
          ],
          [
            121.045028,
            14.545048
          ],
          [
            121.045181,
            14.545064
          ],
          [
            121.045373,
            14.545078
          ],
          [
            121.045436,
            14.545083
          ],
          [
            121.045487,
            14.545065
          ],
          [
            121.045694,
            14.545064
          ],
          [
            121.045795,
            14.545077
          ],
          [
            121.04587,
            14.545086
          ],
          [
            121.046196,
            14.545152
          ],
          [
            121.046391,
            14.545218
          ],
          [
            121.04656,
            14.545301
          ],
          [
            121.046751,
            14.54543
          ],
          [
            121.046892,
            14.54556
          ],
          [
            121.047068,
            14.545736
          ],
          [
            121.047249,
            14.545922
          ],
          [
            121.04749,
            14.546169
          ],
          [
            121.047549,
            14.546235
          ],
          [
            121.047619,
            14.546304
          ],
          [
            121.047724,
            14.546406
          ],
          [
            121.047842,
            14.5465
          ],
          [
            121.047955,
            14.546566
          ],
          [
            121.04806,
            14.546619
          ],
          [
            121.048161,
            14.546658
          ],
          [
            121.048261,
            14.546693
          ],
          [
            121.048328,
            14.546708
          ],
          [
            121.048476,
            14.546735
          ],
          [
            121.048626,
            14.54674
          ],
          [
            121.048737,
            14.546729
          ],
          [
            121.048874,
            14.546716
          ],
          [
            121.048964,
            14.546696
          ],
          [
            121.049136,
            14.546643
          ],
          [
            121.049237,
            14.5466
          ],
          [
            121.049329,
            14.546562
          ],
          [
            121.049464,
            14.546489
          ],
          [
            121.049576,
            14.546419
          ],
          [
            121.049681,
            14.546327
          ],
          [
            121.04971,
            14.546298
          ],
          [
            121.049782,
            14.546227
          ],
          [
            121.049845,
            14.546165
          ],
          [
            121.049884,
            14.546126
          ],
          [
            121.049977,
            14.546037
          ],
          [
            121.050152,
            14.54591
          ],
          [
            121.050315,
            14.54581
          ],
          [
            121.050475,
            14.545727
          ],
          [
            121.05068,
            14.545637
          ],
          [
            121.0508,
            14.54559
          ],
          [
            121.050962,
            14.545538
          ],
          [
            121.051137,
            14.545497
          ],
          [
            121.051314,
            14.545475
          ],
          [
            121.051367,
            14.545469
          ],
          [
            121.051554,
            14.545457
          ],
          [
            121.05171,
            14.54546
          ],
          [
            121.051776,
            14.545463
          ],
          [
            121.051909,
            14.54547
          ],
          [
            121.051949,
            14.545474
          ],
          [
            121.052164,
            14.545502
          ],
          [
            121.052426,
            14.545568
          ],
          [
            121.052591,
            14.545614
          ],
          [
            121.052898,
            14.545754
          ],
          [
            121.053063,
            14.545834
          ],
          [
            121.05308,
            14.545844
          ],
          [
            121.053418,
            14.546078
          ],
          [
            121.053688,
            14.54632
          ],
          [
            121.05397,
            14.546657
          ],
          [
            121.054078,
            14.546836
          ],
          [
            121.054178,
            14.54706
          ],
          [
            121.05424,
            14.547238
          ],
          [
            121.054256,
            14.547288
          ],
          [
            121.054273,
            14.547337
          ],
          [
            121.054288,
            14.547383
          ],
          [
            121.054383,
            14.547369
          ],
          [
            121.054527,
            14.547338
          ],
          [
            121.054668,
            14.547294
          ],
          [
            121.054804,
            14.547239
          ],
          [
            121.054934,
            14.547172
          ],
          [
            121.055058,
            14.547095
          ],
          [
            121.055175,
            14.547008
          ],
          [
            121.055283,
            14.546911
          ],
          [
            121.055382,
            14.546805
          ],
          [
            121.055413,
            14.546765
          ],
          [
            121.055558,
            14.546591
          ],
          [
            121.055975,
            14.546028
          ],
          [
            121.055992,
            14.546004
          ],
          [
            121.05601,
            14.545979
          ],
          [
            121.056032,
            14.545901
          ],
          [
            121.056041,
            14.545844
          ],
          [
            121.056052,
            14.545781
          ],
          [
            121.056061,
            14.545728
          ],
          [
            121.056074,
            14.545676
          ],
          [
            121.056092,
            14.545625
          ],
          [
            121.056114,
            14.545576
          ],
          [
            121.056163,
            14.54548
          ],
          [
            121.056224,
            14.545417
          ],
          [
            121.056331,
            14.545326
          ],
          [
            121.056459,
            14.545265
          ],
          [
            121.056568,
            14.545224
          ],
          [
            121.05669,
            14.5452
          ],
          [
            121.056889,
            14.545158
          ],
          [
            121.057198,
            14.545133
          ],
          [
            121.057304,
            14.545599
          ],
          [
            121.057198,
            14.545133
          ],
          [
            121.056889,
            14.545158
          ],
          [
            121.05669,
            14.5452
          ],
          [
            121.056568,
            14.545224
          ],
          [
            121.056459,
            14.545265
          ],
          [
            121.056331,
            14.545326
          ],
          [
            121.056224,
            14.545417
          ],
          [
            121.056163,
            14.54548
          ],
          [
            121.056114,
            14.545576
          ],
          [
            121.056092,
            14.545625
          ],
          [
            121.056074,
            14.545676
          ],
          [
            121.056061,
            14.545728
          ],
          [
            121.056052,
            14.545781
          ],
          [
            121.056041,
            14.545844
          ],
          [
            121.056032,
            14.545901
          ],
          [
            121.05601,
            14.545979
          ],
          [
            121.05611,
            14.546051
          ],
          [
            121.056084,
            14.546089
          ]
        ]
      }
    },
    {
      "type": "Feature",
      "properties": {
        "route_id": "PH-DVO01",
        "route_name": "Davao Route 1",
        "route_type": "PUJ",
        "route_ref": "DVO1",
        "origin_name": "Origin",
        "destination_name": "Destination",
        "region": "Other",
        "province": "Other"
      },
      "geometry": {
        "type": "LineString",
        "coordinates": [
          [
            125.612346,
            7.073031
          ],
          [
            125.6124,
            7.073219
          ],
          [
            125.61246,
            7.073422
          ],
          [
            125.612496,
            7.073558
          ],
          [
            125.612522,
            7.073651
          ],
          [
            125.612394,
            7.073615
          ],
          [
            125.612297,
            7.07361
          ],
          [
            125.612105,
            7.073601
          ],
          [
            125.611996,
            7.073595
          ],
          [
            125.611882,
            7.073589
          ],
          [
            125.611683,
            7.073577
          ],
          [
            125.611489,
            7.073566
          ],
          [
            125.611421,
            7.07356
          ],
          [
            125.611353,
            7.07355
          ],
          [
            125.611304,
            7.073537
          ],
          [
            125.611264,
            7.073521
          ],
          [
            125.611212,
            7.073495
          ],
          [
            125.611195,
            7.073513
          ],
          [
            125.611175,
            7.073528
          ],
          [
            125.611154,
            7.073541
          ],
          [
            125.611131,
            7.073551
          ],
          [
            125.611107,
            7.073557
          ],
          [
            125.611004,
            7.073717
          ],
          [
            125.611059,
            7.073907
          ],
          [
            125.611135,
            7.074177
          ],
          [
            125.611174,
            7.074315
          ],
          [
            125.611193,
            7.074382
          ],
          [
            125.611244,
            7.074568
          ],
          [
            125.611277,
            7.07471
          ],
          [
            125.611301,
            7.074762
          ],
          [
            125.611315,
            7.074807
          ],
          [
            125.611325,
            7.074874
          ],
          [
            125.611329,
            7.074966
          ],
          [
            125.611326,
            7.07503
          ],
          [
            125.611321,
            7.075085
          ],
          [
            125.611253,
            7.075333
          ],
          [
            125.611228,
            7.075422
          ],
          [
            125.611135,
            7.075416
          ],
          [
            125.611056,
            7.07541
          ],
          [
            125.610915,
            7.0754
          ],
          [
            125.610764,
            7.075388
          ],
          [
            125.610601,
            7.075361
          ],
          [
            125.610463,
            7.075329
          ],
          [
            125.610291,
            7.07527
          ],
          [
            125.610103,
            7.075183
          ],
          [
            125.609998,
            7.075123
          ],
          [
            125.609961,
            7.075095
          ],
          [
            125.609785,
            7.074968
          ],
          [
            125.609654,
            7.074855
          ],
          [
            125.609622,
            7.07482
          ],
          [
            125.609513,
            7.074705
          ],
          [
            125.609375,
            7.074533
          ],
          [
            125.609278,
            7.074372
          ],
          [
            125.609203,
            7.074222
          ],
          [
            125.609149,
            7.074072
          ],
          [
            125.609114,
            7.073951
          ],
          [
            125.609016,
            7.073611
          ],
          [
            125.608948,
            7.073463
          ],
          [
            125.608852,
            7.073336
          ],
          [
            125.608792,
            7.07327
          ],
          [
            125.608216,
            7.072807
          ],
          [
            125.608126,
            7.072735
          ],
          [
            125.60763,
            7.072323
          ],
          [
            125.607111,
            7.071894
          ],
          [
            125.607016,
            7.071816
          ],
          [
            125.606888,
            7.071711
          ],
          [
            125.606179,
            7.071131
          ],
          [
            125.606147,
            7.071104
          ],
          [
            125.605872,
            7.070879
          ],
          [
            125.605806,
            7.070825
          ],
          [
            125.605703,
            7.07074
          ],
          [
            125.605509,
            7.07058
          ],
          [
            125.604924,
            7.070096
          ],
          [
            125.604844,
            7.07003
          ],
          [
            125.604801,
            7.069995
          ],
          [
            125.604504,
            7.069752
          ],
          [
            125.604137,
            7.069452
          ],
          [
            125.603483,
            7.068917
          ],
          [
            125.603213,
            7.068684
          ],
          [
            125.602775,
            7.068305
          ],
          [
            125.60275,
            7.068284
          ],
          [
            125.602684,
            7.068228
          ],
          [
            125.60252,
            7.068091
          ],
          [
            125.602438,
            7.068001
          ],
          [
            125.602337,
            7.067866
          ],
          [
            125.602313,
            7.067819
          ],
          [
            125.602249,
            7.06769
          ],
          [
            125.602183,
            7.067554
          ],
          [
            125.602115,
            7.067379
          ],
          [
            125.602027,
            7.06713
          ],
          [
            125.601975,
            7.066941
          ],
          [
            125.601882,
            7.066546
          ],
          [
            125.601841,
            7.06634
          ],
          [
            125.6018,
            7.066133
          ],
          [
            125.601759,
            7.065927
          ],
          [
            125.601718,
            7.06572
          ],
          [
            125.601677,
            7.065513
          ],
          [
            125.601636,
            7.065307
          ],
          [
            125.601595,
            7.0651
          ],
          [
            125.601543,
            7.064824
          ],
          [
            125.601533,
            7.064767
          ],
          [
            125.601515,
            7.064686
          ],
          [
            125.601508,
            7.064664
          ],
          [
            125.601491,
            7.064604
          ],
          [
            125.601458,
            7.064508
          ],
          [
            125.601398,
            7.06438
          ],
          [
            125.601314,
            7.064248
          ],
          [
            125.601196,
            7.064088
          ],
          [
            125.601108,
            7.064
          ],
          [
            125.600986,
            7.063899
          ],
          [
            125.600811,
            7.063775
          ],
          [
            125.600749,
            7.063739
          ],
          [
            125.600671,
            7.063697
          ],
          [
            125.600644,
            7.063685
          ],
          [
            125.600602,
            7.063666
          ],
          [
            125.600574,
            7.063654
          ],
          [
            125.600518,
            7.063634
          ],
          [
            125.600384,
            7.0636
          ],
          [
            125.599451,
            7.06338
          ],
          [
            125.599249,
            7.063332
          ],
          [
            125.598821,
            7.063231
          ],
          [
            125.59858,
            7.063173
          ],
          [
            125.598355,
            7.063119
          ],
          [
            125.597825,
            7.062991
          ],
          [
            125.596976,
            7.062792
          ],
          [
            125.596807,
            7.062752
          ],
          [
            125.596797,
            7.06275
          ],
          [
            125.596715,
            7.062731
          ],
          [
            125.59648,
            7.062675
          ],
          [
            125.596375,
            7.062651
          ],
          [
            125.5956,
            7.062469
          ],
          [
            125.595511,
            7.062448
          ],
          [
            125.595485,
            7.062442
          ],
          [
            125.595051,
            7.062339
          ],
          [
            125.594784,
            7.062277
          ],
          [
            125.594603,
            7.06223
          ],
          [
            125.594564,
            7.062221
          ],
          [
            125.593309,
            7.061921
          ],
          [
            125.592914,
            7.061826
          ],
          [
            125.592798,
            7.061798
          ],
          [
            125.59256,
            7.061741
          ],
          [
            125.591975,
            7.061601
          ],
          [
            125.591913,
            7.061586
          ],
          [
            125.591471,
            7.061476
          ],
          [
            125.59143,
            7.061466
          ],
          [
            125.591196,
            7.061408
          ],
          [
            125.591114,
            7.061389
          ],
          [
            125.590961,
            7.061353
          ],
          [
            125.590838,
            7.061324
          ],
          [
            125.590789,
            7.061313
          ],
          [
            125.590689,
            7.06129
          ],
          [
            125.590604,
            7.06127
          ],
          [
            125.590582,
            7.06136
          ],
          [
            125.590521,
            7.06161
          ],
          [
            125.590435,
            7.061962
          ],
          [
            125.590385,
            7.062168
          ]
        ]
      }
    },
    {
      "type": "Feature",
      "properties": {
        "route_id": "PH-DVO02",
        "route_name": "Davao Route 2",
        "route_type": "PUJ",
        "route_ref": "DVO2",
        "origin_name": "Origin",
        "destination_name": "Destination",
        "region": "Other",
        "province": "Other"
      },
      "geometry": {
        "type": "LineString",
        "coordinates": [
          [
            125.619948,
            7.085281
          ],
          [
            125.619523,
            7.084929
          ],
          [
            125.619102,
            7.084572
          ],
          [
            125.618756,
            7.084285
          ],
          [
            125.617882,
            7.083564
          ],
          [
            125.616778,
            7.08266
          ],
          [
            125.61666,
            7.082562
          ],
          [
            125.616587,
            7.082502
          ],
          [
            125.61555,
            7.081638
          ],
          [
            125.615457,
            7.081561
          ],
          [
            125.615365,
            7.081488
          ],
          [
            125.614569,
            7.080814
          ],
          [
            125.614414,
            7.080682
          ],
          [
            125.614105,
            7.08044
          ],
          [
            125.614101,
            7.080177
          ],
          [
            125.614097,
            7.079962
          ],
          [
            125.614092,
            7.079643
          ],
          [
            125.614088,
            7.079398
          ],
          [
            125.614086,
            7.079347
          ],
          [
            125.61409,
            7.079295
          ],
          [
            125.614104,
            7.079256
          ],
          [
            125.614122,
            7.079224
          ],
          [
            125.614146,
            7.079189
          ],
          [
            125.614251,
            7.079054
          ],
          [
            125.614354,
            7.078919
          ],
          [
            125.614469,
            7.078778
          ],
          [
            125.614358,
            7.078762
          ],
          [
            125.614084,
            7.078723
          ],
          [
            125.613568,
            7.07865
          ],
          [
            125.613434,
            7.078631
          ],
          [
            125.613166,
            7.078593
          ],
          [
            125.613114,
            7.078586
          ],
          [
            125.613047,
            7.078576
          ],
          [
            125.613057,
            7.078502
          ],
          [
            125.613122,
            7.078046
          ],
          [
            125.613189,
            7.077575
          ],
          [
            125.613221,
            7.07732
          ],
          [
            125.613252,
            7.07707
          ],
          [
            125.613281,
            7.07683
          ],
          [
            125.613284,
            7.076791
          ],
          [
            125.613286,
            7.076758
          ],
          [
            125.61329,
            7.076626
          ],
          [
            125.613201,
            7.076624
          ],
          [
            125.613162,
            7.076622
          ],
          [
            125.613103,
            7.076616
          ],
          [
            125.613038,
            7.076605
          ],
          [
            125.612977,
            7.076591
          ],
          [
            125.612906,
            7.076573
          ],
          [
            125.612835,
            7.076545
          ],
          [
            125.612768,
            7.076512
          ],
          [
            125.612718,
            7.076481
          ],
          [
            125.6126,
            7.076394
          ],
          [
            125.612466,
            7.076277
          ],
          [
            125.611908,
            7.075788
          ],
          [
            125.611727,
            7.075629
          ],
          [
            125.611634,
            7.075561
          ],
          [
            125.611576,
            7.075526
          ],
          [
            125.611495,
            7.075482
          ],
          [
            125.611429,
            7.075454
          ],
          [
            125.61135,
            7.075434
          ],
          [
            125.611289,
            7.075428
          ],
          [
            125.611228,
            7.075422
          ],
          [
            125.611135,
            7.075416
          ],
          [
            125.611056,
            7.07541
          ],
          [
            125.610915,
            7.0754
          ],
          [
            125.610764,
            7.075388
          ],
          [
            125.610601,
            7.075361
          ],
          [
            125.610463,
            7.075329
          ],
          [
            125.610291,
            7.07527
          ],
          [
            125.610103,
            7.075183
          ],
          [
            125.609998,
            7.075123
          ],
          [
            125.609961,
            7.075095
          ],
          [
            125.609785,
            7.074968
          ],
          [
            125.609654,
            7.074855
          ],
          [
            125.609622,
            7.07482
          ],
          [
            125.609513,
            7.074705
          ],
          [
            125.609375,
            7.074533
          ],
          [
            125.609278,
            7.074372
          ],
          [
            125.609203,
            7.074222
          ],
          [
            125.609149,
            7.074072
          ],
          [
            125.609114,
            7.073951
          ],
          [
            125.609016,
            7.073611
          ],
          [
            125.608948,
            7.073463
          ],
          [
            125.608852,
            7.073336
          ],
          [
            125.608792,
            7.07327
          ],
          [
            125.608216,
            7.072807
          ],
          [
            125.608126,
            7.072735
          ],
          [
            125.60763,
            7.072323
          ],
          [
            125.607111,
            7.071894
          ],
          [
            125.607016,
            7.071816
          ],
          [
            125.606888,
            7.071711
          ],
          [
            125.606179,
            7.071131
          ],
          [
            125.606147,
            7.071104
          ],
          [
            125.605872,
            7.070879
          ],
          [
            125.605806,
            7.070825
          ],
          [
            125.605703,
            7.07074
          ],
          [
            125.605509,
            7.07058
          ],
          [
            125.604924,
            7.070096
          ],
          [
            125.604844,
            7.07003
          ],
          [
            125.604801,
            7.069995
          ],
          [
            125.604504,
            7.069752
          ],
          [
            125.604137,
            7.069452
          ],
          [
            125.603483,
            7.068917
          ],
          [
            125.603213,
            7.068684
          ],
          [
            125.602775,
            7.068305
          ],
          [
            125.60275,
            7.068284
          ],
          [
            125.602684,
            7.068228
          ],
          [
            125.60252,
            7.068091
          ],
          [
            125.602438,
            7.068001
          ],
          [
            125.602337,
            7.067866
          ],
          [
            125.602313,
            7.067819
          ],
          [
            125.602249,
            7.06769
          ],
          [
            125.602183,
            7.067554
          ],
          [
            125.602115,
            7.067379
          ],
          [
            125.602027,
            7.06713
          ],
          [
            125.601975,
            7.066941
          ],
          [
            125.601882,
            7.066546
          ],
          [
            125.601841,
            7.06634
          ],
          [
            125.6018,
            7.066133
          ],
          [
            125.601759,
            7.065927
          ],
          [
            125.601718,
            7.06572
          ],
          [
            125.601677,
            7.065513
          ],
          [
            125.601636,
            7.065307
          ],
          [
            125.601595,
            7.0651
          ],
          [
            125.601543,
            7.064824
          ],
          [
            125.601533,
            7.064767
          ],
          [
            125.601515,
            7.064686
          ],
          [
            125.601508,
            7.064664
          ],
          [
            125.601491,
            7.064604
          ],
          [
            125.601458,
            7.064508
          ],
          [
            125.601398,
            7.06438
          ],
          [
            125.601314,
            7.064248
          ],
          [
            125.601196,
            7.064088
          ],
          [
            125.601108,
            7.064
          ],
          [
            125.600986,
            7.063899
          ],
          [
            125.600811,
            7.063775
          ],
          [
            125.600749,
            7.063739
          ],
          [
            125.600671,
            7.063697
          ],
          [
            125.600644,
            7.063685
          ],
          [
            125.600602,
            7.063666
          ],
          [
            125.600574,
            7.063654
          ],
          [
            125.600518,
            7.063634
          ],
          [
            125.600384,
            7.0636
          ],
          [
            125.599451,
            7.06338
          ],
          [
            125.599249,
            7.063332
          ],
          [
            125.598821,
            7.063231
          ],
          [
            125.59858,
            7.063173
          ],
          [
            125.598355,
            7.063119
          ],
          [
            125.597825,
            7.062991
          ],
          [
            125.596976,
            7.062792
          ],
          [
            125.596807,
            7.062752
          ],
          [
            125.596797,
            7.06275
          ],
          [
            125.596715,
            7.062731
          ],
          [
            125.59648,
            7.062675
          ],
          [
            125.596375,
            7.062651
          ],
          [
            125.5956,
            7.062469
          ],
          [
            125.595511,
            7.062448
          ],
          [
            125.595485,
            7.062442
          ],
          [
            125.595051,
            7.062339
          ],
          [
            125.594784,
            7.062277
          ],
          [
            125.594603,
            7.06223
          ],
          [
            125.594564,
            7.062221
          ],
          [
            125.593309,
            7.061921
          ],
          [
            125.592914,
            7.061826
          ],
          [
            125.592798,
            7.061798
          ],
          [
            125.59256,
            7.061741
          ],
          [
            125.591975,
            7.061601
          ],
          [
            125.591913,
            7.061586
          ],
          [
            125.591471,
            7.061476
          ],
          [
            125.59143,
            7.061466
          ],
          [
            125.591196,
            7.061408
          ],
          [
            125.591114,
            7.061389
          ],
          [
            125.590961,
            7.061353
          ],
          [
            125.590838,
            7.061324
          ],
          [
            125.590789,
            7.061313
          ],
          [
            125.590689,
            7.06129
          ],
          [
            125.590604,
            7.06127
          ],
          [
            125.590567,
            7.061262
          ],
          [
            125.590419,
            7.061228
          ],
          [
            125.590334,
            7.061208
          ],
          [
            125.590145,
            7.061164
          ],
          [
            125.589752,
            7.061074
          ],
          [
            125.589207,
            7.060947
          ],
          [
            125.589154,
            7.060935
          ],
          [
            125.589049,
            7.06091
          ],
          [
            125.588736,
            7.060835
          ],
          [
            125.588523,
            7.060784
          ],
          [
            125.588132,
            7.06069
          ],
          [
            125.588012,
            7.060662
          ],
          [
            125.587944,
            7.060646
          ],
          [
            125.58751,
            7.060545
          ],
          [
            125.587441,
            7.060531
          ],
          [
            125.586973,
            7.06042
          ],
          [
            125.586948,
            7.060414
          ],
          [
            125.586799,
            7.060378
          ],
          [
            125.586288,
            7.060256
          ],
          [
            125.586241,
            7.060244
          ],
          [
            125.584937,
            7.059936
          ],
          [
            125.584027,
            7.05972
          ],
          [
            125.583655,
            7.059632
          ],
          [
            125.583562,
            7.05962
          ],
          [
            125.583479,
            7.059612
          ],
          [
            125.583254,
            7.059597
          ],
          [
            125.582658,
            7.059558
          ],
          [
            125.582426,
            7.059535
          ],
          [
            125.582177,
            7.059499
          ],
          [
            125.582111,
            7.059485
          ],
          [
            125.582053,
            7.05947
          ],
          [
            125.581878,
            7.059415
          ],
          [
            125.581704,
            7.059356
          ],
          [
            125.58153,
            7.059288
          ],
          [
            125.581465,
            7.059257
          ],
          [
            125.581409,
            7.05923
          ],
          [
            125.581287,
            7.059161
          ],
          [
            125.581103,
            7.059046
          ],
          [
            125.580732,
            7.05878
          ],
          [
            125.580371,
            7.0585
          ],
          [
            125.579738,
            7.058008
          ],
          [
            125.579659,
            7.057948
          ],
          [
            125.579425,
            7.057768
          ],
          [
            125.578835,
            7.057308
          ],
          [
            125.578796,
            7.057277
          ],
          [
            125.578766,
            7.057196
          ],
          [
            125.578709,
            7.057151
          ],
          [
            125.578654,
            7.057109
          ],
          [
            125.577972,
            7.05658
          ],
          [
            125.577901,
            7.056525
          ],
          [
            125.577723,
            7.056387
          ],
          [
            125.577607,
            7.056297
          ],
          [
            125.577568,
            7.056266
          ],
          [
            125.57752,
            7.056229
          ],
          [
            125.577427,
            7.056222
          ],
          [
            125.57737,
            7.056177
          ],
          [
            125.577434,
            7.056103
          ],
          [
            125.577502,
            7.056025
          ],
          [
            125.577744,
            7.055748
          ],
          [
            125.577923,
            7.055597
          ],
          [
            125.578145,
            7.055355
          ],
          [
            125.578845,
            7.054582
          ],
          [
            125.579007,
            7.054407
          ],
          [
            125.57911,
            7.054295
          ],
          [
            125.579172,
            7.054229
          ],
          [
            125.578997,
            7.054092
          ],
          [
            125.578863,
            7.053984
          ],
          [
            125.57875,
            7.053884
          ],
          [
            125.57862,
            7.053759
          ],
          [
            125.578489,
            7.053615
          ],
          [
            125.578428,
            7.053542
          ],
          [
            125.578402,
            7.053511
          ],
          [
            125.578363,
            7.053455
          ],
          [
            125.578324,
            7.053393
          ],
          [
            125.578303,
            7.053349
          ],
          [
            125.578263,
            7.05327
          ],
          [
            125.578231,
            7.053194
          ],
          [
            125.57823,
            7.053131
          ],
          [
            125.578331,
            7.053133
          ],
          [
            125.578403,
            7.053129
          ],
          [
            125.578461,
            7.053117
          ],
          [
            125.578521,
            7.053087
          ],
          [
            125.578575,
            7.053047
          ],
          [
            125.578714,
            7.052914
          ],
          [
            125.579338,
            7.05225
          ],
          [
            125.579394,
            7.052188
          ],
          [
            125.579437,
            7.052121
          ],
          [
            125.57947,
            7.052056
          ],
          [
            125.579541,
            7.051899
          ],
          [
            125.579667,
            7.051592
          ],
          [
            125.579944,
            7.050921
          ],
          [
            125.580246,
            7.050157
          ]
        ]
      }
    },
    {
      "type": "Feature",
      "properties": {
        "route_id": "PH-DVO03",
        "route_name": "Davao Route 3",
        "route_type": "PUJ",
        "route_ref": "DVO3",
        "origin_name": "Origin",
        "destination_name": "Destination",
        "region": "Other",
        "province": "Other"
      },
      "geometry": {
        "type": "LineString",
        "coordinates": [
          [
            125.630065,
            7.100091
          ],
          [
            125.630256,
            7.09938
          ],
          [
            125.63021,
            7.099368
          ],
          [
            125.630152,
            7.099352
          ],
          [
            125.630185,
            7.099228
          ],
          [
            125.630243,
            7.099244
          ],
          [
            125.630424,
            7.09929
          ],
          [
            125.630557,
            7.099325
          ],
          [
            125.630789,
            7.099385
          ],
          [
            125.630838,
            7.099398
          ],
          [
            125.630975,
            7.099433
          ],
          [
            125.630988,
            7.099437
          ],
          [
            125.631133,
            7.099474
          ],
          [
            125.631277,
            7.099512
          ],
          [
            125.631816,
            7.099651
          ],
          [
            125.63205,
            7.099713
          ],
          [
            125.63214,
            7.099736
          ],
          [
            125.63221,
            7.099755
          ],
          [
            125.632224,
            7.099692
          ],
          [
            125.632357,
            7.099095
          ],
          [
            125.632469,
            7.098589
          ],
          [
            125.632531,
            7.098311
          ],
          [
            125.632629,
            7.097871
          ],
          [
            125.632654,
            7.097757
          ],
          [
            125.632637,
            7.097737
          ],
          [
            125.632627,
            7.097713
          ],
          [
            125.632624,
            7.097696
          ],
          [
            125.632626,
            7.097678
          ],
          [
            125.63263,
            7.097661
          ],
          [
            125.632639,
            7.097645
          ],
          [
            125.63265,
            7.097632
          ],
          [
            125.632668,
            7.097618
          ],
          [
            125.63269,
            7.09761
          ],
          [
            125.632712,
            7.097608
          ],
          [
            125.632735,
            7.097612
          ],
          [
            125.632753,
            7.09762
          ],
          [
            125.632769,
            7.097632
          ],
          [
            125.632793,
            7.097574
          ],
          [
            125.632812,
            7.097498
          ],
          [
            125.632915,
            7.097029
          ],
          [
            125.63294,
            7.096945
          ],
          [
            125.632972,
            7.096877
          ],
          [
            125.633016,
            7.096814
          ],
          [
            125.633101,
            7.096737
          ],
          [
            125.63331,
            7.096573
          ],
          [
            125.633602,
            7.096337
          ],
          [
            125.63387,
            7.096134
          ],
          [
            125.634172,
            7.095908
          ],
          [
            125.634442,
            7.095706
          ],
          [
            125.634192,
            7.095371
          ],
          [
            125.633845,
            7.094932
          ],
          [
            125.633411,
            7.094396
          ],
          [
            125.633303,
            7.094269
          ],
          [
            125.632685,
            7.093543
          ],
          [
            125.631958,
            7.092709
          ],
          [
            125.631513,
            7.092176
          ],
          [
            125.631026,
            7.091647
          ],
          [
            125.630188,
            7.09089
          ],
          [
            125.630083,
            7.0908
          ],
          [
            125.62999,
            7.090721
          ],
          [
            125.629834,
            7.090589
          ],
          [
            125.629584,
            7.090376
          ],
          [
            125.629326,
            7.090157
          ],
          [
            125.629048,
            7.089921
          ],
          [
            125.628769,
            7.089684
          ],
          [
            125.628752,
            7.089667
          ],
          [
            125.62816,
            7.089209
          ],
          [
            125.627919,
            7.089011
          ],
          [
            125.627347,
            7.088541
          ],
          [
            125.627048,
            7.088303
          ],
          [
            125.626633,
            7.087969
          ],
          [
            125.626534,
            7.087893
          ],
          [
            125.626142,
            7.087577
          ],
          [
            125.624203,
            7.085953
          ],
          [
            125.624218,
            7.085884
          ],
          [
            125.624232,
            7.085805
          ],
          [
            125.624246,
            7.085725
          ],
          [
            125.624259,
            7.085641
          ],
          [
            125.62422,
            7.085348
          ],
          [
            125.624219,
            7.085154
          ],
          [
            125.624221,
            7.085102
          ],
          [
            125.624225,
            7.08505
          ],
          [
            125.62429,
            7.084322
          ],
          [
            125.624331,
            7.083853
          ],
          [
            125.624365,
            7.083467
          ],
          [
            125.624389,
            7.083204
          ],
          [
            125.624269,
            7.083105
          ],
          [
            125.624169,
            7.083023
          ],
          [
            125.623843,
            7.082758
          ],
          [
            125.623736,
            7.082722
          ],
          [
            125.623301,
            7.082369
          ],
          [
            125.623109,
            7.082212
          ],
          [
            125.623048,
            7.08216
          ],
          [
            125.623003,
            7.082121
          ],
          [
            125.622621,
            7.08181
          ],
          [
            125.622129,
            7.081392
          ],
          [
            125.621963,
            7.081251
          ],
          [
            125.621916,
            7.081211
          ],
          [
            125.62186,
            7.081122
          ],
          [
            125.621672,
            7.080967
          ],
          [
            125.621562,
            7.080877
          ],
          [
            125.621426,
            7.080766
          ],
          [
            125.621146,
            7.080536
          ],
          [
            125.621127,
            7.08052
          ],
          [
            125.620699,
            7.080169
          ],
          [
            125.619947,
            7.079547
          ],
          [
            125.619485,
            7.07917
          ],
          [
            125.619436,
            7.079128
          ],
          [
            125.618484,
            7.078333
          ],
          [
            125.618369,
            7.078236
          ],
          [
            125.618279,
            7.07816
          ],
          [
            125.617877,
            7.077819
          ],
          [
            125.617522,
            7.077535
          ],
          [
            125.617467,
            7.077493
          ],
          [
            125.617431,
            7.077453
          ],
          [
            125.617408,
            7.077418
          ],
          [
            125.617399,
            7.077368
          ],
          [
            125.617398,
            7.077326
          ],
          [
            125.617409,
            7.077082
          ],
          [
            125.61743,
            7.076809
          ],
          [
            125.617169,
            7.076796
          ],
          [
            125.616992,
            7.076786
          ],
          [
            125.616839,
            7.076778
          ],
          [
            125.616744,
            7.076772
          ],
          [
            125.616467,
            7.076758
          ],
          [
            125.616141,
            7.07674
          ],
          [
            125.616049,
            7.076735
          ],
          [
            125.61583,
            7.076724
          ],
          [
            125.615228,
            7.076691
          ],
          [
            125.615182,
            7.076689
          ],
          [
            125.61504,
            7.076681
          ],
          [
            125.614848,
            7.076671
          ],
          [
            125.614063,
            7.076629
          ],
          [
            125.613557,
            7.076602
          ],
          [
            125.613449,
            7.076621
          ],
          [
            125.613383,
            7.076629
          ],
          [
            125.61329,
            7.076626
          ],
          [
            125.613292,
            7.076534
          ],
          [
            125.613292,
            7.076514
          ],
          [
            125.613292,
            7.076494
          ],
          [
            125.61329,
            7.076468
          ],
          [
            125.613285,
            7.076442
          ],
          [
            125.613279,
            7.076417
          ],
          [
            125.613203,
            7.076159
          ],
          [
            125.61309,
            7.075737
          ],
          [
            125.613108,
            7.075654
          ],
          [
            125.613091,
            7.075588
          ],
          [
            125.613033,
            7.075397
          ],
          [
            125.612986,
            7.075227
          ],
          [
            125.612883,
            7.074918
          ],
          [
            125.612831,
            7.074744
          ],
          [
            125.612568,
            7.073814
          ],
          [
            125.612525,
            7.073772
          ],
          [
            125.612495,
            7.073743
          ],
          [
            125.61246,
            7.07371
          ],
          [
            125.612423,
            7.073681
          ],
          [
            125.612383,
            7.073654
          ],
          [
            125.61234,
            7.073631
          ],
          [
            125.612297,
            7.07361
          ],
          [
            125.612105,
            7.073601
          ],
          [
            125.611996,
            7.073595
          ],
          [
            125.611882,
            7.073589
          ],
          [
            125.611683,
            7.073577
          ],
          [
            125.611489,
            7.073566
          ],
          [
            125.611421,
            7.07356
          ],
          [
            125.611353,
            7.07355
          ],
          [
            125.611304,
            7.073537
          ],
          [
            125.611264,
            7.073521
          ],
          [
            125.611212,
            7.073495
          ],
          [
            125.611195,
            7.073513
          ],
          [
            125.611175,
            7.073528
          ],
          [
            125.611154,
            7.073541
          ],
          [
            125.611131,
            7.073551
          ],
          [
            125.611107,
            7.073557
          ],
          [
            125.611074,
            7.073559
          ],
          [
            125.611042,
            7.073556
          ],
          [
            125.611011,
            7.073546
          ],
          [
            125.610982,
            7.07353
          ],
          [
            125.610957,
            7.07351
          ],
          [
            125.610938,
            7.073484
          ],
          [
            125.610908,
            7.073379
          ],
          [
            125.61091,
            7.073356
          ],
          [
            125.610918,
            7.073328
          ],
          [
            125.610933,
            7.073298
          ],
          [
            125.610955,
            7.073271
          ],
          [
            125.610981,
            7.073249
          ],
          [
            125.611011,
            7.073233
          ],
          [
            125.611043,
            7.073223
          ],
          [
            125.611077,
            7.073219
          ],
          [
            125.611886,
            7.072231
          ],
          [
            125.611936,
            7.07217
          ],
          [
            125.611998,
            7.072093
          ],
          [
            125.61206,
            7.072017
          ],
          [
            125.612098,
            7.072157
          ],
          [
            125.612135,
            7.072297
          ],
          [
            125.61217,
            7.07242
          ],
          [
            125.612343,
            7.07302
          ],
          [
            125.612346,
            7.073031
          ]
        ]
      }
    },
    {
      "type": "Feature",
      "properties": {
        "route_id": "PH-ILO01",
        "route_name": "Iloilo City Proper - Jaro",
        "route_type": "PUJ",
        "route_ref": "ILO1",
        "origin_name": "Origin",
        "destination_name": "Destination",
        "region": "Other",
        "province": "Other"
      },
      "geometry": {
        "type": "LineString",
        "coordinates": [
          [
            122.56412,
            10.695038
          ],
          [
            122.563225,
            10.694759
          ],
          [
            122.562011,
            10.694387
          ],
          [
            122.561679,
            10.694286
          ],
          [
            122.561546,
            10.694245
          ],
          [
            122.560801,
            10.694016
          ],
          [
            122.560149,
            10.693816
          ],
          [
            122.559865,
            10.693729
          ],
          [
            122.559339,
            10.693567
          ],
          [
            122.558863,
            10.693415
          ],
          [
            122.558833,
            10.693406
          ],
          [
            122.558657,
            10.693345
          ],
          [
            122.558497,
            10.693347
          ],
          [
            122.558044,
            10.69344
          ],
          [
            122.558,
            10.693448
          ],
          [
            122.557353,
            10.693589
          ],
          [
            122.557043,
            10.693669
          ],
          [
            122.556665,
            10.693753
          ],
          [
            122.556574,
            10.693772
          ],
          [
            122.556518,
            10.693777
          ],
          [
            122.556344,
            10.693799
          ],
          [
            122.556167,
            10.693849
          ],
          [
            122.555893,
            10.693973
          ],
          [
            122.555661,
            10.694122
          ],
          [
            122.555406,
            10.694316
          ],
          [
            122.555225,
            10.694465
          ],
          [
            122.555141,
            10.694569
          ],
          [
            122.555105,
            10.694625
          ],
          [
            122.55506,
            10.694753
          ],
          [
            122.554995,
            10.6954
          ],
          [
            122.554954,
            10.695709
          ],
          [
            122.554862,
            10.696561
          ],
          [
            122.554853,
            10.696629
          ],
          [
            122.554825,
            10.696902
          ],
          [
            122.554753,
            10.697599
          ],
          [
            122.554748,
            10.697642
          ],
          [
            122.554619,
            10.698656
          ],
          [
            122.554605,
            10.698765
          ],
          [
            122.55459,
            10.698823
          ],
          [
            122.554562,
            10.698919
          ],
          [
            122.554501,
            10.699068
          ],
          [
            122.554418,
            10.699291
          ],
          [
            122.554373,
            10.699417
          ],
          [
            122.554341,
            10.699515
          ],
          [
            122.554308,
            10.699659
          ],
          [
            122.554297,
            10.699706
          ],
          [
            122.554287,
            10.699753
          ],
          [
            122.554266,
            10.699854
          ],
          [
            122.554257,
            10.69989
          ],
          [
            122.554177,
            10.700207
          ],
          [
            122.554096,
            10.700516
          ],
          [
            122.554034,
            10.700758
          ],
          [
            122.554006,
            10.700854
          ],
          [
            122.553976,
            10.700954
          ],
          [
            122.553957,
            10.701021
          ],
          [
            122.553597,
            10.702326
          ],
          [
            122.55358,
            10.702396
          ],
          [
            122.553572,
            10.702422
          ],
          [
            122.553503,
            10.702681
          ],
          [
            122.553457,
            10.702841
          ],
          [
            122.55343,
            10.702956
          ],
          [
            122.553367,
            10.703193
          ],
          [
            122.553324,
            10.703338
          ],
          [
            122.55325,
            10.703593
          ],
          [
            122.553206,
            10.703762
          ],
          [
            122.553179,
            10.703867
          ],
          [
            122.552824,
            10.70518
          ],
          [
            122.552801,
            10.705266
          ],
          [
            122.552634,
            10.705909
          ],
          [
            122.552598,
            10.706042
          ],
          [
            122.552568,
            10.706132
          ],
          [
            122.552427,
            10.706654
          ],
          [
            122.552392,
            10.70679
          ],
          [
            122.552371,
            10.706861
          ],
          [
            122.552207,
            10.707479
          ],
          [
            122.552192,
            10.707532
          ],
          [
            122.552169,
            10.707616
          ],
          [
            122.552147,
            10.707703
          ],
          [
            122.551946,
            10.708461
          ],
          [
            122.551889,
            10.708656
          ],
          [
            122.551866,
            10.708749
          ],
          [
            122.551806,
            10.709076
          ],
          [
            122.551745,
            10.709519
          ],
          [
            122.551736,
            10.709577
          ],
          [
            122.551731,
            10.709619
          ],
          [
            122.551721,
            10.709728
          ],
          [
            122.551716,
            10.7098
          ],
          [
            122.551716,
            10.709865
          ],
          [
            122.55171,
            10.710099
          ],
          [
            122.551706,
            10.710304
          ],
          [
            122.551715,
            10.710501
          ],
          [
            122.551726,
            10.710713
          ],
          [
            122.55173,
            10.710781
          ],
          [
            122.551731,
            10.710795
          ],
          [
            122.551747,
            10.711014
          ],
          [
            122.551798,
            10.711358
          ],
          [
            122.551846,
            10.71159
          ],
          [
            122.551905,
            10.711821
          ],
          [
            122.551963,
            10.71208
          ],
          [
            122.552001,
            10.712246
          ],
          [
            122.552239,
            10.713111
          ],
          [
            122.552309,
            10.713393
          ],
          [
            122.552539,
            10.714272
          ],
          [
            122.552662,
            10.7148
          ],
          [
            122.552779,
            10.715344
          ],
          [
            122.552845,
            10.715787
          ],
          [
            122.552891,
            10.716213
          ],
          [
            122.552904,
            10.716456
          ],
          [
            122.552901,
            10.716523
          ],
          [
            122.552892,
            10.716733
          ],
          [
            122.552884,
            10.716924
          ],
          [
            122.552872,
            10.717216
          ],
          [
            122.552865,
            10.717278
          ],
          [
            122.552852,
            10.717414
          ],
          [
            122.552819,
            10.717628
          ],
          [
            122.552718,
            10.718207
          ],
          [
            122.552609,
            10.7186
          ],
          [
            122.552506,
            10.718916
          ],
          [
            122.552338,
            10.719312
          ],
          [
            122.552328,
            10.719338
          ],
          [
            122.552306,
            10.719382
          ],
          [
            122.552219,
            10.719569
          ],
          [
            122.552338,
            10.719617
          ],
          [
            122.552427,
            10.71966
          ],
          [
            122.552487,
            10.719691
          ],
          [
            122.552638,
            10.71982
          ],
          [
            122.553272,
            10.720597
          ],
          [
            122.553477,
            10.720894
          ],
          [
            122.553652,
            10.721133
          ],
          [
            122.554165,
            10.721823
          ],
          [
            122.554398,
            10.722153
          ],
          [
            122.55471,
            10.72258
          ],
          [
            122.55509,
            10.723079
          ],
          [
            122.555454,
            10.723557
          ],
          [
            122.55549,
            10.723605
          ],
          [
            122.555534,
            10.723656
          ],
          [
            122.55563,
            10.723773
          ],
          [
            122.555943,
            10.724129
          ],
          [
            122.556088,
            10.724309
          ],
          [
            122.556155,
            10.724391
          ],
          [
            122.555126,
            10.725336
          ],
          [
            122.55566,
            10.725865
          ],
          [
            122.556281,
            10.725288
          ]
        ]
      }
    },
    {
      "type": "Feature",
      "properties": {
        "route_id": "PH-ILO02",
        "route_name": "Iloilo City Proper - Molo",
        "route_type": "PUJ",
        "route_ref": "ILO2",
        "origin_name": "Origin",
        "destination_name": "Destination",
        "region": "Other",
        "province": "Other"
      },
      "geometry": {
        "type": "LineString",
        "coordinates": [
          [
            122.56412,
            10.695038
          ],
          [
            122.563225,
            10.694759
          ],
          [
            122.562011,
            10.694387
          ],
          [
            122.561679,
            10.694286
          ],
          [
            122.561546,
            10.694245
          ],
          [
            122.560801,
            10.694016
          ],
          [
            122.560149,
            10.693816
          ],
          [
            122.559865,
            10.693729
          ],
          [
            122.559339,
            10.693567
          ],
          [
            122.558863,
            10.693415
          ],
          [
            122.558833,
            10.693406
          ],
          [
            122.558657,
            10.693345
          ],
          [
            122.558497,
            10.693347
          ],
          [
            122.558044,
            10.69344
          ],
          [
            122.558,
            10.693448
          ],
          [
            122.557353,
            10.693589
          ],
          [
            122.557043,
            10.693669
          ],
          [
            122.556665,
            10.693753
          ],
          [
            122.556574,
            10.693772
          ],
          [
            122.556518,
            10.693777
          ],
          [
            122.556344,
            10.693799
          ],
          [
            122.556167,
            10.693849
          ],
          [
            122.555893,
            10.693973
          ],
          [
            122.555661,
            10.694122
          ],
          [
            122.555406,
            10.694316
          ],
          [
            122.555225,
            10.694465
          ],
          [
            122.555141,
            10.694569
          ],
          [
            122.555105,
            10.694625
          ],
          [
            122.55506,
            10.694753
          ],
          [
            122.554995,
            10.6954
          ],
          [
            122.554954,
            10.695709
          ],
          [
            122.554862,
            10.696561
          ],
          [
            122.554853,
            10.696629
          ],
          [
            122.554825,
            10.696902
          ],
          [
            122.554753,
            10.697599
          ],
          [
            122.554748,
            10.697642
          ],
          [
            122.554619,
            10.698656
          ],
          [
            122.554605,
            10.698765
          ],
          [
            122.55459,
            10.698823
          ],
          [
            122.554562,
            10.698919
          ],
          [
            122.554501,
            10.699068
          ],
          [
            122.554418,
            10.699291
          ],
          [
            122.554373,
            10.699417
          ],
          [
            122.554341,
            10.699515
          ],
          [
            122.554308,
            10.699659
          ],
          [
            122.554297,
            10.699706
          ],
          [
            122.554287,
            10.699753
          ],
          [
            122.554266,
            10.699854
          ],
          [
            122.554115,
            10.699834
          ],
          [
            122.554065,
            10.699828
          ],
          [
            122.553828,
            10.699797
          ],
          [
            122.553362,
            10.699735
          ],
          [
            122.553297,
            10.699725
          ],
          [
            122.55316,
            10.699705
          ],
          [
            122.552864,
            10.699669
          ],
          [
            122.552677,
            10.699641
          ],
          [
            122.552648,
            10.699633
          ],
          [
            122.552607,
            10.699608
          ],
          [
            122.552449,
            10.699589
          ],
          [
            122.552325,
            10.699576
          ],
          [
            122.551974,
            10.69953
          ],
          [
            122.551672,
            10.699499
          ],
          [
            122.551608,
            10.699493
          ],
          [
            122.551487,
            10.699475
          ],
          [
            122.551183,
            10.699441
          ],
          [
            122.550534,
            10.699368
          ],
          [
            122.550488,
            10.699361
          ],
          [
            122.549668,
            10.699252
          ],
          [
            122.549369,
            10.699217
          ],
          [
            122.54928,
            10.699202
          ],
          [
            122.549178,
            10.699196
          ],
          [
            122.549091,
            10.699187
          ],
          [
            122.54813,
            10.699025
          ],
          [
            122.548035,
            10.699009
          ],
          [
            122.547907,
            10.698985
          ],
          [
            122.547644,
            10.698937
          ],
          [
            122.5475,
            10.698914
          ],
          [
            122.5473,
            10.69888
          ],
          [
            122.547211,
            10.698865
          ],
          [
            122.547185,
            10.69886
          ],
          [
            122.546949,
            10.698819
          ],
          [
            122.54666,
            10.698766
          ],
          [
            122.546545,
            10.69874
          ],
          [
            122.546522,
            10.698734
          ],
          [
            122.546217,
            10.698663
          ],
          [
            122.545716,
            10.698538
          ],
          [
            122.545652,
            10.698522
          ],
          [
            122.54529,
            10.698373
          ],
          [
            122.544831,
            10.69815
          ],
          [
            122.544529,
            10.697988
          ],
          [
            122.544164,
            10.697798
          ],
          [
            122.544099,
            10.697762
          ],
          [
            122.543975,
            10.698047
          ]
        ]
      }
    }
  ]
}