{
  "type": "FeatureCollection",
  "features": [
    {
      "type": "Feature",
      "properties": {
        "route_id": "MY-01",
        "route_name": "Kelana Jaya Line",
        "route_type": "TRAIN",
        "route_ref": "KJL",
        "origin_name": "Origin",
        "destination_name": "Destination",
        "region": "Other",
        "province": "Other"
      },
      "geometry": {
        "type": "LineString",
        "coordinates": [
          [
            101.724145,
            3.230144
          ],
          [
            101.724175,
            3.230113
          ],
          [
            101.72424,
            3.230046
          ],
          [
            101.724242,
            3.22993
          ],
          [
            101.724247,
            3.22954
          ],
          [
            101.72425,
            3.229284
          ],
          [
            101.724258,
            3.229208
          ],
          [
            101.724289,
            3.229165
          ],
          [
            101.724321,
            3.229138
          ],
          [
            101.724552,
            3.229134
          ],
          [
            101.724605,
            3.229119
          ],
          [
            101.724656,
            3.22908
          ],
          [
            101.724689,
            3.229015
          ],
          [
            101.724693,
            3.228703
          ],
          [
            101.724741,
            3.228623
          ],
          [
            101.72477,
            3.228575
          ],
          [
            101.724787,
            3.228552
          ],
          [
            101.724842,
            3.228496
          ],
          [
            101.724988,
            3.228348
          ],
          [
            101.725039,
            3.228294
          ],
          [
            101.725084,
            3.228232
          ],
          [
            101.725098,
            3.228213
          ],
          [
            101.725232,
            3.227946
          ],
          [
            101.725259,
            3.227769
          ],
          [
            101.725248,
            3.22771
          ],
          [
            101.725092,
            3.227291
          ],
          [
            101.725032,
            3.227105
          ],
          [
            101.725002,
            3.227017
          ],
          [
            101.724931,
            3.227035
          ],
          [
            101.724793,
            3.227062
          ],
          [
            101.724648,
            3.22707
          ],
          [
            101.724488,
            3.227063
          ],
          [
            101.724358,
            3.227045
          ],
          [
            101.724314,
            3.227038
          ],
          [
            101.72424,
            3.227016
          ],
          [
            101.723933,
            3.226903
          ],
          [
            101.723736,
            3.226795
          ],
          [
            101.723652,
            3.22672
          ],
          [
            101.723579,
            3.22665
          ],
          [
            101.723267,
            3.226358
          ],
          [
            101.722533,
            3.225625
          ],
          [
            101.722452,
            3.225545
          ],
          [
            101.721835,
            3.224919
          ],
          [
            101.721682,
            3.224764
          ],
          [
            101.721074,
            3.224167
          ],
          [
            101.720819,
            3.223913
          ],
          [
            101.720673,
            3.223766
          ],
          [
            101.720504,
            3.223602
          ],
          [
            101.720208,
            3.223291
          ],
          [
            101.719612,
            3.222666
          ],
          [
            101.719585,
            3.222578
          ],
          [
            101.71958,
            3.222521
          ],
          [
            101.719585,
            3.222466
          ],
          [
            101.719613,
            3.222351
          ],
          [
            101.719837,
            3.222108
          ],
          [
            101.720166,
            3.221773
          ],
          [
            101.720246,
            3.221689
          ],
          [
            101.720555,
            3.221366
          ],
          [
            101.72113,
            3.220767
          ],
          [
            101.721259,
            3.220632
          ],
          [
            101.721295,
            3.220596
          ],
          [
            101.721335,
            3.220555
          ],
          [
            101.721381,
            3.220508
          ],
          [
            101.721459,
            3.220423
          ],
          [
            101.721608,
            3.220261
          ],
          [
            101.72189,
            3.219962
          ],
          [
            101.722358,
            3.219458
          ],
          [
            101.722377,
            3.219437
          ],
          [
            101.722534,
            3.219267
          ],
          [
            101.722558,
            3.219241
          ],
          [
            101.722643,
            3.219147
          ],
          [
            101.722728,
            3.219053
          ],
          [
            101.722745,
            3.219036
          ],
          [
            101.723001,
            3.218774
          ],
          [
            101.723611,
            3.218113
          ],
          [
            101.723997,
            3.217692
          ],
          [
            101.724398,
            3.217167
          ],
          [
            101.724492,
            3.217048
          ],
          [
            101.724542,
            3.216984
          ],
          [
            101.724609,
            3.216907
          ],
          [
            101.724627,
            3.216877
          ],
          [
            101.724697,
            3.21676
          ],
          [
            101.724846,
            3.21646
          ],
          [
            101.724861,
            3.216426
          ],
          [
            101.72498,
            3.216165
          ],
          [
            101.725088,
            3.215937
          ],
          [
            101.725207,
            3.215646
          ],
          [
            101.725607,
            3.214632
          ],
          [
            101.725623,
            3.214575
          ],
          [
            101.72576,
            3.214095
          ],
          [
            101.725903,
            3.213364
          ],
          [
            101.725951,
            3.213118
          ],
          [
            101.725989,
            3.21291
          ],
          [
            101.726185,
            3.211783
          ],
          [
            101.726236,
            3.211575
          ],
          [
            101.726286,
            3.211379
          ],
          [
            101.72641,
            3.211054
          ],
          [
            101.726543,
            3.210759
          ],
          [
            101.72658,
            3.21068
          ],
          [
            101.726794,
            3.210305
          ],
          [
            101.727047,
            3.209906
          ],
          [
            101.727226,
            3.209645
          ],
          [
            101.727318,
            3.209519
          ],
          [
            101.727413,
            3.209403
          ],
          [
            101.727536,
            3.209265
          ],
          [
            101.727708,
            3.209089
          ],
          [
            101.727769,
            3.209027
          ],
          [
            101.727868,
            3.208937
          ],
          [
            101.727998,
            3.208814
          ],
          [
            101.727899,
            3.2087
          ],
          [
            101.727696,
            3.20847
          ],
          [
            101.727385,
            3.208115
          ],
          [
            101.727247,
            3.207954
          ],
          [
            101.727007,
            3.20761
          ],
          [
            101.726841,
            3.20741
          ],
          [
            101.726767,
            3.207321
          ],
          [
            101.726692,
            3.207231
          ],
          [
            101.726437,
            3.206927
          ],
          [
            101.726336,
            3.206813
          ],
          [
            101.725849,
            3.206301
          ],
          [
            101.725477,
            3.205939
          ],
          [
            101.725413,
            3.205878
          ],
          [
            101.725386,
            3.205851
          ],
          [
            101.725059,
            3.205581
          ],
          [
            101.724722,
            3.205306
          ],
          [
            101.724613,
            3.205217
          ],
          [
            101.724388,
            3.205035
          ],
          [
            101.724156,
            3.204867
          ],
          [
            101.723673,
            3.204534
          ],
          [
            101.723552,
            3.20445
          ],
          [
            101.723279,
            3.204263
          ],
          [
            101.722819,
            3.203958
          ],
          [
            101.722498,
            3.203731
          ],
          [
            101.722236,
            3.203545
          ],
          [
            101.722163,
            3.203492
          ],
          [
            101.722132,
            3.203466
          ],
          [
            101.722034,
            3.203392
          ],
          [
            101.721954,
            3.203332
          ],
          [
            101.721802,
            3.203215
          ],
          [
            101.72131,
            3.202815
          ],
          [
            101.721018,
            3.202578
          ],
          [
            101.72042,
            3.202092
          ],
          [
            101.719512,
            3.201382
          ],
          [
            101.71932,
            3.201231
          ],
          [
            101.718717,
            3.200772
          ],
          [
            101.718489,
            3.200597
          ],
          [
            101.71835,
            3.200481
          ],
          [
            101.718127,
            3.200322
          ],
          [
            101.717768,
            3.200066
          ],
          [
            101.717475,
            3.199855
          ],
          [
            101.717401,
            3.199796
          ],
          [
            101.717357,
            3.199762
          ],
          [
            101.717321,
            3.199734
          ],
          [
            101.716796,
            3.199351
          ],
          [
            101.716326,
            3.199005
          ],
          [
            101.716161,
            3.198883
          ],
          [
            101.716037,
            3.198788
          ],
          [
            101.716011,
            3.198768
          ],
          [
            101.715756,
            3.198572
          ],
          [
            101.715726,
            3.198548
          ],
          [
            101.715618,
            3.198458
          ],
          [
            101.715393,
            3.19827
          ],
          [
            101.715078,
            3.198007
          ],
          [
            101.714779,
            3.197719
          ],
          [
            101.714425,
            3.197358
          ],
          [
            101.714173,
            3.197099
          ],
          [
            101.714017,
            3.196939
          ],
          [
            101.71384,
            3.196757
          ],
          [
            101.713765,
            3.196678
          ],
          [
            101.713276,
            3.196171
          ],
          [
            101.712957,
            3.195851
          ],
          [
            101.712908,
            3.195802
          ],
          [
            101.71254,
            3.195434
          ],
          [
            101.712376,
            3.195266
          ],
          [
            101.712341,
            3.19523
          ],
          [
            101.712217,
            3.195103
          ],
          [
            101.712159,
            3.195043
          ],
          [
            101.711909,
            3.194798
          ],
          [
            101.711663,
            3.194555
          ],
          [
            101.711424,
            3.194315
          ],
          [
            101.711411,
            3.194303
          ],
          [
            101.710815,
            3.193757
          ],
          [
            101.710225,
            3.193216
          ],
          [
            101.710014,
            3.193022
          ],
          [
            101.709819,
            3.192844
          ],
          [
            101.70952,
            3.192564
          ],
          [
            101.709473,
            3.19252
          ],
          [
            101.709435,
            3.192484
          ],
          [
            101.709388,
            3.192442
          ],
          [
            101.709289,
            3.192356
          ],
          [
            101.708566,
            3.191742
          ],
          [
            101.707903,
            3.191217
          ],
          [
            101.70736,
            3.190773
          ],
          [
            101.706206,
            3.18987
          ],
          [
            101.705876,
            3.189614
          ],
          [
            101.705668,
            3.189422
          ],
          [
            101.704636,
            3.188583
          ],
          [
            101.703876,
            3.188007
          ],
          [
            101.703587,
            3.187787
          ],
          [
            101.703512,
            3.187731
          ],
          [
            101.703251,
            3.187534
          ],
          [
            101.702992,
            3.187326
          ],
          [
            101.702762,
            3.187138
          ],
          [
            101.702688,
            3.187056
          ],
          [
            101.702609,
            3.18696
          ],
          [
            101.702512,
            3.186753
          ],
          [
            101.702334,
            3.186365
          ],
          [
            101.702097,
            3.185746
          ],
          [
            101.702003,
            3.185408
          ],
          [
            101.70197,
            3.185179
          ],
          [
            101.701957,
            3.184937
          ],
          [
            101.701952,
            3.184771
          ],
          [
            101.701965,
            3.184568
          ],
          [
            101.701997,
            3.184342
          ],
          [
            101.702123,
            3.183911
          ],
          [
            101.702172,
            3.183732
          ],
          [
            101.702208,
            3.183582
          ],
          [
            101.702216,
            3.183523
          ],
          [
            101.702226,
            3.183336
          ],
          [
            101.702224,
            3.183144
          ],
          [
            101.702221,
            3.182992
          ],
          [
            101.702207,
            3.182887
          ],
          [
            101.702178,
            3.182764
          ],
          [
            101.702093,
            3.182553
          ],
          [
            101.702066,
            3.182478
          ],
          [
            101.701937,
            3.18217
          ],
          [
            101.701832,
            3.18194
          ],
          [
            101.701781,
            3.181825
          ],
          [
            101.701737,
            3.181723
          ],
          [
            101.701556,
            3.181305
          ],
          [
            101.701204,
            3.180453
          ],
          [
            101.701107,
            3.180213
          ],
          [
            101.70107,
            3.180119
          ],
          [
            101.700972,
            3.179871
          ],
          [
            101.700888,
            3.17965
          ],
          [
            101.700757,
            3.179338
          ],
          [
            101.70062,
            3.179003
          ],
          [
            101.700526,
            3.178769
          ],
          [
            101.700504,
            3.178716
          ],
          [
            101.700433,
            3.178529
          ],
          [
            101.700421,
            3.17849
          ],
          [
            101.700408,
            3.17838
          ],
          [
            101.700404,
            3.178235
          ],
          [
            101.700394,
            3.178124
          ],
          [
            101.700386,
            3.178072
          ],
          [
            101.700378,
            3.17802
          ],
          [
            101.700368,
            3.177953
          ],
          [
            101.700361,
            3.177898
          ],
          [
            101.700362,
            3.177713
          ],
          [
            101.700325,
            3.177221
          ],
          [
            101.700236,
            3.176446
          ],
          [
            101.700089,
            3.175758
          ],
          [
            101.700062,
            3.175605
          ],
          [
            101.700014,
            3.175333
          ],
          [
            101.699929,
            3.175034
          ],
          [
            101.699907,
            3.174958
          ],
          [
            101.699893,
            3.174866
          ],
          [
            101.699897,
            3.174775
          ],
          [
            101.699964,
            3.174572
          ],
          [
            101.70004,
            3.174475
          ],
          [
            101.700082,
            3.174393
          ],
          [
            101.700112,
            3.174314
          ],
          [
            101.70012,
            3.174234
          ],
          [
            101.700112,
            3.174153
          ],
          [
            101.700085,
            3.174064
          ],
          [
            101.700053,
            3.173976
          ],
          [
            101.699962,
            3.173859
          ],
          [
            101.69981,
            3.173774
          ],
          [
            101.699714,
            3.173745
          ],
          [
            101.69962,
            3.173656
          ],
          [
            101.699523,
            3.173528
          ],
          [
            101.699475,
            3.173443
          ],
          [
            101.699334,
            3.173129
          ],
          [
            101.699192,
            3.172729
          ],
          [
            101.699129,
            3.172499
          ],
          [
            101.699065,
            3.172295
          ],
          [
            101.699026,
            3.172137
          ],
          [
            101.698948,
            3.171861
          ],
          [
            101.698889,
            3.171687
          ],
          [
            101.69881,
            3.171371
          ],
          [
            101.698597,
            3.17064
          ],
          [
            101.698567,
            3.17055
          ],
          [
            101.698538,
            3.170418
          ],
          [
            101.698506,
            3.170292
          ],
          [
            101.698483,
            3.170094
          ],
          [
            101.698484,
            3.169928
          ],
          [
            101.698484,
            3.169695
          ],
          [
            101.698481,
            3.169293
          ],
          [
            101.698484,
            3.168084
          ],
          [
            101.698481,
            3.167959
          ],
          [
            101.698481,
            3.167816
          ],
          [
            101.698476,
            3.167759
          ],
          [
            101.698463,
            3.167482
          ],
          [
            101.69846,
            3.167402
          ],
          [
            101.698455,
            3.167322
          ],
          [
            101.69844,
            3.167086
          ],
          [
            101.698425,
            3.166912
          ],
          [
            101.69842,
            3.16683
          ],
          [
            101.698374,
            3.166705
          ],
          [
            101.698363,
            3.166532
          ],
          [
            101.698348,
            3.166322
          ],
          [
            101.698372,
            3.16606
          ],
          [
            101.69837,
            3.16602
          ],
          [
            101.698365,
            3.165951
          ],
          [
            101.698356,
            3.165795
          ],
          [
            101.698351,
            3.165722
          ],
          [
            101.69834,
            3.165557
          ],
          [
            101.698338,
            3.165521
          ],
          [
            101.698335,
            3.165473
          ],
          [
            101.698326,
            3.165388
          ],
          [
            101.698305,
            3.165075
          ],
          [
            101.698277,
            3.164809
          ],
          [
            101.69826,
            3.164662
          ],
          [
            101.698253,
            3.164621
          ],
          [
            101.6982,
            3.164249
          ],
          [
            101.698188,
            3.16418
          ],
          [
            101.698151,
            3.163903
          ],
          [
            101.698138,
            3.163813
          ],
          [
            101.698115,
            3.163644
          ],
          [
            101.698081,
            3.163406
          ],
          [
            101.698068,
            3.163303
          ],
          [
            101.698004,
            3.162846
          ],
          [
            101.697985,
            3.162699
          ],
          [
            101.697974,
            3.162627
          ],
          [
            101.697956,
            3.162506
          ],
          [
            101.697951,
            3.162477
          ],
          [
            101.697932,
            3.162357
          ],
          [
            101.697865,
            3.162132
          ],
          [
            101.697808,
            3.161992
          ],
          [
            101.69779,
            3.161951
          ],
          [
            101.697756,
            3.161877
          ],
          [
            101.697685,
            3.161704
          ],
          [
            101.697645,
            3.161614
          ],
          [
            101.697535,
            3.161355
          ],
          [
            101.697492,
            3.161261
          ],
          [
            101.69726,
            3.160752
          ],
          [
            101.697199,
            3.16062
          ],
          [
            101.697168,
            3.160553
          ],
          [
            101.696981,
            3.160145
          ],
          [
            101.696964,
            3.160107
          ],
          [
            101.69691,
            3.159989
          ],
          [
            101.696854,
            3.159867
          ],
          [
            101.696836,
            3.159826
          ],
          [
            101.696785,
            3.15971
          ],
          [
            101.696746,
            3.159618
          ],
          [
            101.696664,
            3.159438
          ],
          [
            101.696619,
            3.159336
          ],
          [
            101.696519,
            3.159111
          ],
          [
            101.696448,
            3.15895
          ],
          [
            101.69636,
            3.158753
          ],
          [
            101.696233,
            3.158468
          ],
          [
            101.696193,
            3.158377
          ],
          [
            101.696187,
            3.158362
          ],
          [
            101.696112,
            3.158195
          ],
          [
            101.696105,
            3.158178
          ],
          [
            101.696074,
            3.158109
          ],
          [
            101.695963,
            3.157829
          ],
          [
            101.695916,
            3.157656
          ],
          [
            101.695894,
            3.157523
          ],
          [
            101.695889,
            3.157446
          ],
          [
            101.695895,
            3.157371
          ],
          [
            101.695932,
            3.157078
          ],
          [
            101.695937,
            3.157001
          ],
          [
            101.695965,
            3.156842
          ],
          [
            101.695868,
            3.156821
          ],
          [
            101.695824,
            3.156814
          ],
          [
            101.695808,
            3.156797
          ],
          [
            101.695728,
            3.156766
          ],
          [
            101.695617,
            3.156744
          ],
          [
            101.695536,
            3.156736
          ],
          [
            101.695497,
            3.156731
          ],
          [
            101.695394,
            3.15672
          ],
          [
            101.694859,
            3.156696
          ],
          [
            101.694798,
            3.156695
          ],
          [
            101.694689,
            3.156694
          ],
          [
            101.694662,
            3.156693
          ],
          [
            101.694572,
            3.156784
          ],
          [
            101.694263,
            3.156785
          ],
          [
            101.694243,
            3.156778
          ],
          [
            101.694237,
            3.156772
          ],
          [
            101.694231,
            3.156763
          ],
          [
            101.694227,
            3.156745
          ],
          [
            101.694241,
            3.15652
          ],
          [
            101.694241,
            3.156337
          ],
          [
            101.694235,
            3.156139
          ],
          [
            101.694203,
            3.155835
          ],
          [
            101.694159,
            3.155647
          ],
          [
            101.69406,
            3.155379
          ],
          [
            101.693963,
            3.155009
          ],
          [
            101.693872,
            3.154685
          ],
          [
            101.693661,
            3.154116
          ],
          [
            101.693597,
            3.153921
          ],
          [
            101.693533,
            3.153749
          ],
          [
            101.693465,
            3.153546
          ],
          [
            101.693405,
            3.153322
          ],
          [
            101.693245,
            3.152634
          ],
          [
            101.693119,
            3.152105
          ],
          [
            101.692998,
            3.15154
          ],
          [
            101.692899,
            3.151017
          ],
          [
            101.692799,
            3.150491
          ],
          [
            101.692732,
            3.15018
          ],
          [
            101.692578,
            3.149382
          ],
          [
            101.692374,
            3.148381
          ],
          [
            101.692362,
            3.147868
          ],
          [
            101.692383,
            3.147427
          ],
          [
            101.692413,
            3.147296
          ],
          [
            101.692452,
            3.147173
          ],
          [
            101.692534,
            3.146916
          ],
          [
            101.692732,
            3.146508
          ],
          [
            101.692954,
            3.146202
          ],
          [
            101.693055,
            3.146069
          ],
          [
            101.693132,
            3.145968
          ],
          [
            101.693242,
            3.145786
          ],
          [
            101.693295,
            3.145661
          ],
          [
            101.693364,
            3.145487
          ],
          [
            101.693395,
            3.145398
          ],
          [
            101.693417,
            3.145336
          ],
          [
            101.693443,
            3.145208
          ],
          [
            101.693455,
            3.145005
          ],
          [
            101.693454,
            3.144882
          ],
          [
            101.693431,
            3.144738
          ],
          [
            101.693405,
            3.144626
          ],
          [
            101.693347,
            3.14441
          ],
          [
            101.693274,
            3.144192
          ],
          [
            101.693192,
            3.143899
          ],
          [
            101.693153,
            3.143789
          ],
          [
            101.693117,
            3.143677
          ],
          [
            101.693085,
            3.143565
          ],
          [
            101.693056,
            3.143451
          ],
          [
            101.693031,
            3.143337
          ],
          [
            101.69301,
            3.143222
          ],
          [
            101.692983,
            3.143104
          ],
          [
            101.692961,
            3.142965
          ],
          [
            101.692961,
            3.142837
          ],
          [
            101.692977,
            3.142628
          ],
          [
            101.693105,
            3.141897
          ],
          [
            101.693158,
            3.141665
          ],
          [
            101.693188,
            3.141596
          ],
          [
            101.693304,
            3.141357
          ],
          [
            101.693433,
            3.141171
          ],
          [
            101.693518,
            3.141073
          ],
          [
            101.69366,
            3.140939
          ],
          [
            101.693808,
            3.14083
          ],
          [
            101.69414,
            3.140729
          ],
          [
            101.694896,
            3.140555
          ],
          [
            101.694963,
            3.14054
          ],
          [
            101.695001,
            3.14054
          ],
          [
            101.695064,
            3.140564
          ],
          [
            101.695079,
            3.140577
          ],
          [
            101.695094,
            3.14059
          ],
          [
            101.695127,
            3.140611
          ],
          [
            101.695163,
            3.140628
          ],
          [
            101.695224,
            3.140645
          ],
          [
            101.695288,
            3.140648
          ],
          [
            101.695351,
            3.140637
          ],
          [
            101.69541,
            3.140612
          ],
          [
            101.695467,
            3.140571
          ],
          [
            101.695512,
            3.140517
          ],
          [
            101.695545,
            3.140448
          ],
          [
            101.695559,
            3.140373
          ],
          [
            101.695553,
            3.140297
          ],
          [
            101.695527,
            3.140226
          ],
          [
            101.695483,
            3.140163
          ],
          [
            101.695424,
            3.140114
          ],
          [
            101.69536,
            3.140084
          ],
          [
            101.69529,
            3.140071
          ],
          [
            101.695239,
            3.13996
          ],
          [
            101.695211,
            3.139892
          ],
          [
            101.69521,
            3.139888
          ],
          [
            101.695194,
            3.139815
          ],
          [
            101.695194,
            3.13963
          ],
          [
            101.695201,
            3.139454
          ],
          [
            101.695224,
            3.139307
          ],
          [
            101.695255,
            3.139123
          ],
          [
            101.695357,
            3.138529
          ],
          [
            101.695367,
            3.138385
          ],
          [
            101.695369,
            3.138284
          ],
          [
            101.695367,
            3.138105
          ],
          [
            101.695358,
            3.138029
          ],
          [
            101.695326,
            3.137736
          ],
          [
            101.695258,
            3.136893
          ],
          [
            101.695218,
            3.136452
          ],
          [
            101.695167,
            3.135653
          ],
          [
            101.695073,
            3.134919
          ],
          [
            101.695052,
            3.134744
          ],
          [
            101.695023,
            3.134522
          ],
          [
            101.694993,
            3.134311
          ],
          [
            101.694963,
            3.134152
          ],
          [
            101.694913,
            3.133967
          ],
          [
            101.69485,
            3.133801
          ],
          [
            101.694743,
            3.133555
          ],
          [
            101.694565,
            3.133292
          ],
          [
            101.694442,
            3.133125
          ],
          [
            101.694348,
            3.133012
          ],
          [
            101.694238,
            3.132899
          ],
          [
            101.69416,
            3.132828
          ],
          [
            101.694079,
            3.132757
          ],
          [
            101.69401,
            3.132702
          ],
          [
            101.693918,
            3.132637
          ],
          [
            101.693828,
            3.13258
          ],
          [
            101.69373,
            3.132527
          ],
          [
            101.693627,
            3.13248
          ],
          [
            101.69349,
            3.132431
          ],
          [
            101.693342,
            3.132388
          ],
          [
            101.693181,
            3.132354
          ],
          [
            101.69298,
            3.132318
          ],
          [
            101.692723,
            3.132273
          ],
          [
            101.692552,
            3.132236
          ],
          [
            101.692442,
            3.132208
          ],
          [
            101.692363,
            3.132179
          ],
          [
            101.692287,
            3.132143
          ],
          [
            101.692228,
            3.132107
          ],
          [
            101.692164,
            3.132058
          ],
          [
            101.692086,
            3.13199
          ],
          [
            101.692003,
            3.1319
          ],
          [
            101.691936,
            3.131816
          ],
          [
            101.691878,
            3.13173
          ],
          [
            101.69184,
            3.131669
          ],
          [
            101.691801,
            3.13158
          ],
          [
            101.691737,
            3.131428
          ],
          [
            101.691688,
            3.131278
          ],
          [
            101.691615,
            3.131035
          ],
          [
            101.69157,
            3.130885
          ],
          [
            101.691468,
            3.130533
          ],
          [
            101.69144,
            3.130426
          ],
          [
            101.691411,
            3.130312
          ],
          [
            101.691326,
            3.129989
          ],
          [
            101.69131,
            3.129928
          ],
          [
            101.691286,
            3.129841
          ],
          [
            101.691263,
            3.129772
          ],
          [
            101.691174,
            3.129497
          ],
          [
            101.691142,
            3.129417
          ],
          [
            101.691108,
            3.129345
          ],
          [
            101.691059,
            3.129238
          ],
          [
            101.69099,
            3.1291
          ],
          [
            101.690877,
            3.12895
          ],
          [
            101.69077,
            3.128826
          ],
          [
            101.690672,
            3.128723
          ],
          [
            101.690509,
            3.128581
          ],
          [
            101.690305,
            3.128429
          ],
          [
            101.68966,
            3.127958
          ],
          [
            101.688905,
            3.127398
          ],
          [
            101.687945,
            3.126696
          ],
          [
            101.687752,
            3.126555
          ],
          [
            101.687513,
            3.126413
          ],
          [
            101.687436,
            3.126372
          ],
          [
            101.687357,
            3.12633
          ],
          [
            101.687275,
            3.126287
          ],
          [
            101.687008,
            3.126166
          ],
          [
            101.686748,
            3.126049
          ],
          [
            101.686151,
            3.125797
          ],
          [
            101.684995,
            3.125327
          ],
          [
            101.684739,
            3.125203
          ],
          [
            101.684491,
            3.125068
          ],
          [
            101.684342,
            3.124976
          ],
          [
            101.684043,
            3.124788
          ],
          [
            101.681967,
            3.123303
          ],
          [
            101.681523,
            3.122986
          ],
          [
            101.680391,
            3.122137
          ],
          [
            101.680185,
            3.121943
          ],
          [
            101.679997,
            3.121733
          ],
          [
            101.679816,
            3.121448
          ],
          [
            101.679649,
            3.121065
          ],
          [
            101.679539,
            3.120699
          ],
          [
            101.679502,
            3.120199
          ],
          [
            101.679508,
            3.120067
          ],
          [
            101.679518,
            3.119844
          ],
          [
            101.679523,
            3.119751
          ],
          [
            101.679549,
            3.119285
          ],
          [
            101.679552,
            3.119239
          ],
          [
            101.679554,
            3.11921
          ],
          [
            101.679556,
            3.119121
          ],
          [
            101.679572,
            3.118507
          ],
          [
            101.679581,
            3.118167
          ],
          [
            101.679584,
            3.117835
          ],
          [
            101.679489,
            3.117331
          ],
          [
            101.679419,
            3.117072
          ],
          [
            101.679324,
            3.116835
          ],
          [
            101.679202,
            3.116585
          ],
          [
            101.679051,
            3.116357
          ],
          [
            101.678904,
            3.116151
          ],
          [
            101.678748,
            3.115959
          ],
          [
            101.678457,
            3.115699
          ],
          [
            101.678265,
            3.115561
          ],
          [
            101.678052,
            3.115438
          ],
          [
            101.677763,
            3.11532
          ],
          [
            101.677466,
            3.115206
          ],
          [
            101.677074,
            3.115092
          ],
          [
            101.676869,
            3.115033
          ],
          [
            101.676733,
            3.115001
          ],
          [
            101.676442,
            3.114945
          ],
          [
            101.675869,
            3.114864
          ],
          [
            101.67539,
            3.114796
          ],
          [
            101.674797,
            3.114734
          ],
          [
            101.673694,
            3.114645
          ],
          [
            101.672864,
            3.114632
          ],
          [
            101.672298,
            3.114623
          ],
          [
            101.672178,
            3.114623
          ],
          [
            101.670739,
            3.114653
          ],
          [
            101.669815,
            3.114694
          ],
          [
            101.669577,
            3.114705
          ],
          [
            101.668425,
            3.114756
          ],
          [
            101.667492,
            3.114798
          ],
          [
            101.666819,
            3.114836
          ],
          [
            101.666482,
            3.114858
          ],
          [
            101.665902,
            3.114885
          ],
          [
            101.663253,
            3.115016
          ],
          [
            101.662866,
            3.115025
          ],
          [
            101.662459,
            3.115011
          ],
          [
            101.662375,
            3.115008
          ],
          [
            101.662175,
            3.115006
          ],
          [
            101.661805,
            3.114947
          ],
          [
            101.661565,
            3.114896
          ],
          [
            101.661322,
            3.114828
          ],
          [
            101.660917,
            3.114673
          ],
          [
            101.660572,
            3.114516
          ],
          [
            101.660271,
            3.114362
          ],
          [
            101.659984,
            3.114196
          ],
          [
            101.659605,
            3.113975
          ],
          [
            101.65914,
            3.113705
          ],
          [
            101.657251,
            3.112609
          ],
          [
            101.656079,
            3.111928
          ],
          [
            101.654949,
            3.111264
          ],
          [
            101.654615,
            3.111051
          ],
          [
            101.654251,
            3.110813
          ],
          [
            101.653096,
            3.110044
          ],
          [
            101.650996,
            3.108677
          ],
          [
            101.648806,
            3.107404
          ],
          [
            101.647279,
            3.106566
          ],
          [
            101.646619,
            3.106257
          ],
          [
            101.645999,
            3.106005
          ],
          [
            101.6453,
            3.105754
          ],
          [
            101.644869,
            3.105592
          ],
          [
            101.644597,
            3.105478
          ],
          [
            101.644139,
            3.105252
          ],
          [
            101.643638,
            3.104984
          ],
          [
            101.643341,
            3.104817
          ],
          [
            101.642696,
            3.104406
          ],
          [
            101.642073,
            3.103985
          ],
          [
            101.641691,
            3.103736
          ],
          [
            101.641127,
            3.103411
          ],
          [
            101.639007,
            3.102217
          ],
          [
            101.63809,
            3.101706
          ],
          [
            101.637651,
            3.101423
          ],
          [
            101.637422,
            3.101257
          ],
          [
            101.637149,
            3.101043
          ],
          [
            101.636836,
            3.100747
          ],
          [
            101.636549,
            3.100418
          ],
          [
            101.636293,
            3.10005
          ],
          [
            101.636181,
            3.099867
          ],
          [
            101.636028,
            3.09957
          ],
          [
            101.635812,
            3.099063
          ],
          [
            101.635616,
            3.098416
          ],
          [
            101.63519,
            3.096818
          ],
          [
            101.634914,
            3.095977
          ],
          [
            101.634572,
            3.095174
          ],
          [
            101.63437,
            3.094726
          ],
          [
            101.63424,
            3.094464
          ],
          [
            101.63409,
            3.094201
          ],
          [
            101.633969,
            3.094003
          ],
          [
            101.633894,
            3.093876
          ],
          [
            101.63355,
            3.093354
          ],
          [
            101.633377,
            3.093122
          ],
          [
            101.632663,
            3.092261
          ],
          [
            101.631958,
            3.091547
          ],
          [
            101.63129,
            3.090982
          ],
          [
            101.629473,
            3.089617
          ],
          [
            101.62918,
            3.089407
          ],
          [
            101.62563,
            3.086736
          ],
          [
            101.624853,
            3.086215
          ],
          [
            101.624362,
            3.085931
          ],
          [
            101.62386,
            3.085666
          ],
          [
            101.623137,
            3.085346
          ],
          [
            101.622753,
            3.085185
          ],
          [
            101.622234,
            3.085012
          ],
          [
            101.621524,
            3.084821
          ],
          [
            101.620991,
            3.084705
          ],
          [
            101.620062,
            3.08456
          ],
          [
            101.619951,
            3.084546
          ],
          [
            101.619836,
            3.084531
          ],
          [
            101.6195,
            3.084487
          ],
          [
            101.617606,
            3.084246
          ],
          [
            101.616509,
            3.084118
          ],
          [
            101.615893,
            3.084078
          ],
          [
            101.615326,
            3.084059
          ],
          [
            101.614721,
            3.084045
          ],
          [
            101.614355,
            3.084026
          ],
          [
            101.613949,
            3.084001
          ],
          [
            101.613689,
            3.083973
          ],
          [
            101.613158,
            3.083899
          ],
          [
            101.612744,
            3.083815
          ],
          [
            101.612629,
            3.083788
          ],
          [
            101.611418,
            3.083523
          ],
          [
            101.611074,
            3.083474
          ],
          [
            101.610786,
            3.083428
          ],
          [
            101.609995,
            3.083329
          ],
          [
            101.609215,
            3.083258
          ],
          [
            101.608757,
            3.083243
          ],
          [
            101.608206,
            3.083242
          ],
          [
            101.60792,
            3.083242
          ],
          [
            101.605264,
            3.083208
          ],
          [
            101.604826,
            3.083201
          ],
          [
            101.604704,
            3.083202
          ],
          [
            101.602167,
            3.083137
          ],
          [
            101.601916,
            3.083138
          ],
          [
            101.601225,
            3.083148
          ],
          [
            101.600987,
            3.083159
          ],
          [
            101.600512,
            3.083215
          ],
          [
            101.599729,
            3.08335
          ],
          [
            101.598874,
            3.083516
          ],
          [
            101.597859,
            3.083707
          ],
          [
            101.597495,
            3.083671
          ],
          [
            101.596883,
            3.083744
          ],
          [
            101.596268,
            3.083844
          ],
          [
            101.594893,
            3.084109
          ],
          [
            101.594721,
            3.084083
          ],
          [
            101.594169,
            3.084166
          ],
          [
            101.594036,
            3.084182
          ],
          [
            101.593901,
            3.084188
          ],
          [
            101.593785,
            3.084172
          ],
          [
            101.593665,
            3.084146
          ],
          [
            101.593567,
            3.084113
          ],
          [
            101.59348,
            3.08406
          ],
          [
            101.593338,
            3.083922
          ],
          [
            101.593242,
            3.083743
          ],
          [
            101.593204,
            3.083643
          ],
          [
            101.593192,
            3.08358
          ],
          [
            101.593213,
            3.083301
          ],
          [
            101.593193,
            3.082112
          ],
          [
            101.593188,
            3.081858
          ],
          [
            101.593175,
            3.080646
          ],
          [
            101.59317,
            3.080263
          ],
          [
            101.593156,
            3.079345
          ],
          [
            101.593152,
            3.079129
          ],
          [
            101.593153,
            3.079052
          ],
          [
            101.593154,
            3.078913
          ],
          [
            101.593161,
            3.077147
          ],
          [
            101.593162,
            3.077023
          ],
          [
            101.593167,
            3.075735
          ],
          [
            101.593176,
            3.074965
          ],
          [
            101.593174,
            3.074637
          ],
          [
            101.593164,
            3.074347
          ],
          [
            101.59316,
            3.074208
          ],
          [
            101.593144,
            3.073749
          ],
          [
            101.593142,
            3.073684
          ],
          [
            101.593152,
            3.073625
          ],
          [
            101.593178,
            3.073588
          ],
          [
            101.593197,
            3.073557
          ],
          [
            101.593225,
            3.073541
          ],
          [
            101.593266,
            3.073503
          ],
          [
            101.593308,
            3.073452
          ],
          [
            101.593325,
            3.073414
          ],
          [
            101.593338,
            3.073352
          ],
          [
            101.593344,
            3.073221
          ],
          [
            101.593341,
            3.073127
          ],
          [
            101.593331,
            3.073047
          ],
          [
            101.593316,
            3.072996
          ],
          [
            101.593282,
            3.072944
          ],
          [
            101.593252,
            3.072911
          ],
          [
            101.593225,
            3.072891
          ],
          [
            101.593188,
            3.072871
          ],
          [
            101.593154,
            3.072795
          ],
          [
            101.593138,
            3.072724
          ],
          [
            101.593142,
            3.072461
          ],
          [
            101.593158,
            3.071418
          ],
          [
            101.593199,
            3.069096
          ],
          [
            101.593205,
            3.068771
          ],
          [
            101.593185,
            3.066542
          ],
          [
            101.593108,
            3.066197
          ],
          [
            101.593119,
            3.065572
          ],
          [
            101.593126,
            3.065331
          ],
          [
            101.593131,
            3.065165
          ],
          [
            101.593131,
            3.064561
          ],
          [
            101.593121,
            3.063671
          ],
          [
            101.59312,
            3.063521
          ],
          [
            101.593115,
            3.062286
          ],
          [
            101.593098,
            3.061849
          ],
          [
            101.59308,
            3.061601
          ],
          [
            101.593047,
            3.061402
          ],
          [
            101.592992,
            3.061247
          ],
          [
            101.592947,
            3.061108
          ],
          [
            101.592903,
            3.060984
          ],
          [
            101.592793,
            3.060726
          ],
          [
            101.592647,
            3.060383
          ],
          [
            101.592623,
            3.060325
          ],
          [
            101.592615,
            3.060308
          ],
          [
            101.592606,
            3.060287
          ],
          [
            101.592338,
            3.059594
          ],
          [
            101.592264,
            3.059407
          ],
          [
            101.592213,
            3.059262
          ],
          [
            101.592164,
            3.059134
          ],
          [
            101.59211,
            3.058929
          ],
          [
            101.59209,
            3.058802
          ],
          [
            101.592065,
            3.058569
          ],
          [
            101.592055,
            3.057814
          ],
          [
            101.592087,
            3.057171
          ],
          [
            101.592082,
            3.056846
          ],
          [
            101.592081,
            3.056778
          ],
          [
            101.592079,
            3.056674
          ],
          [
            101.592079,
            3.056555
          ],
          [
            101.592079,
            3.056304
          ],
          [
            101.592079,
            3.055899
          ],
          [
            101.592078,
            3.055299
          ],
          [
            101.592078,
            3.055233
          ],
          [
            101.592078,
            3.054908
          ],
          [
            101.592077,
            3.054332
          ],
          [
            101.592077,
            3.054031
          ],
          [
            101.592077,
            3.053876
          ],
          [
            101.592067,
            3.051372
          ],
          [
            101.592071,
            3.050827
          ],
          [
            101.592062,
            3.050654
          ],
          [
            101.592047,
            3.050555
          ],
          [
            101.592015,
            3.050361
          ],
          [
            101.591975,
            3.050165
          ],
          [
            101.591913,
            3.04996
          ],
          [
            101.591839,
            3.049766
          ],
          [
            101.591749,
            3.04958
          ],
          [
            101.591614,
            3.049356
          ],
          [
            101.591592,
            3.049327
          ],
          [
            101.59142,
            3.049109
          ],
          [
            101.591159,
            3.048807
          ],
          [
            101.59068,
            3.048253
          ],
          [
            101.589894,
            3.047344
          ],
          [
            101.589781,
            3.047213
          ],
          [
            101.589271,
            3.046605
          ],
          [
            101.589217,
            3.046542
          ],
          [
            101.588654,
            3.04587
          ],
          [
            101.588541,
            3.045702
          ],
          [
            101.588462,
            3.045562
          ],
          [
            101.588383,
            3.045398
          ],
          [
            101.588324,
            3.045247
          ],
          [
            101.588307,
            3.045171
          ],
          [
            101.588271,
            3.04501
          ],
          [
            101.588249,
            3.044856
          ],
          [
            101.588223,
            3.044671
          ],
          [
            101.588216,
            3.043801
          ],
          [
            101.588214,
            3.043524
          ],
          [
            101.588211,
            3.043109
          ],
          [
            101.58821,
            3.043014
          ],
          [
            101.588214,
            3.042589
          ],
          [
            101.588232,
            3.040463
          ],
          [
            101.588255,
            3.040067
          ],
          [
            101.58828,
            3.03982
          ],
          [
            101.588268,
            3.038835
          ],
          [
            101.588231,
            3.038416
          ],
          [
            101.5882,
            3.037876
          ],
          [
            101.588201,
            3.036791
          ],
          [
            101.588199,
            3.035499
          ],
          [
            101.5882,
            3.035244
          ],
          [
            101.588201,
            3.034846
          ],
          [
            101.588203,
            3.034084
          ],
          [
            101.588203,
            3.033993
          ],
          [
            101.588207,
            3.033794
          ],
          [
            101.588211,
            3.03364
          ],
          [
            101.588209,
            3.033165
          ],
          [
            101.588197,
            3.033027
          ],
          [
            101.588151,
            3.032721
          ],
          [
            101.588107,
            3.032575
          ],
          [
            101.588,
            3.032297
          ],
          [
            101.587941,
            3.032183
          ],
          [
            101.587851,
            3.032054
          ],
          [
            101.587674,
            3.031821
          ],
          [
            101.587506,
            3.03163
          ],
          [
            101.587321,
            3.031471
          ],
          [
            101.587112,
            3.031331
          ],
          [
            101.587033,
            3.031278
          ],
          [
            101.586913,
            3.031216
          ],
          [
            101.586761,
            3.031147
          ],
          [
            101.585671,
            3.030819
          ],
          [
            101.585476,
            3.030788
          ],
          [
            101.585111,
            3.030766
          ],
          [
            101.58498,
            3.030761
          ],
          [
            101.584904,
            3.030758
          ],
          [
            101.584829,
            3.030754
          ],
          [
            101.584335,
            3.030734
          ],
          [
            101.584017,
            3.030714
          ],
          [
            101.583882,
            3.030697
          ],
          [
            101.583734,
            3.030672
          ],
          [
            101.583549,
            3.03063
          ],
          [
            101.583295,
            3.030558
          ],
          [
            101.582948,
            3.030419
          ],
          [
            101.582653,
            3.03026
          ],
          [
            101.58252,
            3.030179
          ],
          [
            101.582404,
            3.030096
          ],
          [
            101.581743,
            3.02956
          ],
          [
            101.581491,
            3.029371
          ],
          [
            101.580459,
            3.028614
          ],
          [
            101.580301,
            3.028426
          ],
          [
            101.580251,
            3.028362
          ],
          [
            101.580216,
            3.028267
          ],
          [
            101.580228,
            3.028151
          ],
          [
            101.580257,
            3.028061
          ],
          [
            101.580324,
            3.027846
          ],
          [
            101.580368,
            3.027726
          ],
          [
            101.580404,
            3.027627
          ],
          [
            101.58047,
            3.027397
          ],
          [
            101.580479,
            3.027168
          ],
          [
            101.580548,
            3.026793
          ],
          [
            101.580587,
            3.026514
          ],
          [
            101.5806,
            3.026358
          ],
          [
            101.580612,
            3.02618
          ],
          [
            101.580617,
            3.026022
          ],
          [
            101.580605,
            3.025741
          ],
          [
            101.58058,
            3.025166
          ],
          [
            101.580587,
            3.02467
          ],
          [
            101.580612,
            3.024481
          ],
          [
            101.580653,
            3.024158
          ],
          [
            101.580781,
            3.023758
          ],
          [
            101.58099,
            3.023382
          ],
          [
            101.581118,
            3.02317
          ],
          [
            101.581342,
            3.022884
          ],
          [
            101.581487,
            3.022713
          ],
          [
            101.581556,
            3.02265
          ],
          [
            101.581679,
            3.022557
          ],
          [
            101.581822,
            3.022463
          ],
          [
            101.582029,
            3.022356
          ],
          [
            101.582254,
            3.022259
          ],
          [
            101.58249,
            3.022185
          ],
          [
            101.582854,
            3.022089
          ],
          [
            101.583114,
            3.022094
          ],
          [
            101.583214,
            3.022102
          ],
          [
            101.583323,
            3.022118
          ],
          [
            101.583445,
            3.022148
          ],
          [
            101.583554,
            3.022213
          ],
          [
            101.583646,
            3.022291
          ],
          [
            101.583745,
            3.022411
          ],
          [
            101.583824,
            3.022531
          ],
          [
            101.583894,
            3.022639
          ],
          [
            101.583961,
            3.022714
          ],
          [
            101.584043,
            3.02277
          ],
          [
            101.584185,
            3.022822
          ],
          [
            101.584299,
            3.022836
          ],
          [
            101.58441,
            3.022821
          ],
          [
            101.584533,
            3.022788
          ],
          [
            101.584643,
            3.022727
          ],
          [
            101.584735,
            3.022639
          ],
          [
            101.584816,
            3.022488
          ],
          [
            101.584851,
            3.02239
          ],
          [
            101.584859,
            3.022299
          ],
          [
            101.584851,
            3.022196
          ],
          [
            101.584829,
            3.022083
          ],
          [
            101.584768,
            3.021821
          ],
          [
            101.584648,
            3.021312
          ],
          [
            101.584497,
            3.020655
          ],
          [
            101.584179,
            3.019361
          ],
          [
            101.584144,
            3.019198
          ],
          [
            101.584056,
            3.018659
          ],
          [
            101.58397,
            3.018149
          ],
          [
            101.583951,
            3.018079
          ],
          [
            101.583935,
            3.01802
          ],
          [
            101.583921,
            3.017987
          ],
          [
            101.583908,
            3.017953
          ],
          [
            101.583871,
            3.017898
          ],
          [
            101.583819,
            3.017825
          ],
          [
            101.583194,
            3.016989
          ],
          [
            101.582926,
            3.01663
          ],
          [
            101.582799,
            3.01646
          ],
          [
            101.582409,
            3.015871
          ],
          [
            101.582362,
            3.0158
          ],
          [
            101.582328,
            3.015726
          ],
          [
            101.5823,
            3.015649
          ],
          [
            101.582279,
            3.015553
          ],
          [
            101.582268,
            3.015443
          ],
          [
            101.582267,
            3.015353
          ],
          [
            101.582273,
            3.013469
          ],
          [
            101.582272,
            3.011786
          ],
          [
            101.582165,
            3.011173
          ],
          [
            101.582136,
            3.010964
          ],
          [
            101.582109,
            3.010793
          ],
          [
            101.582006,
            3.01022
          ],
          [
            101.581896,
            3.009762
          ],
          [
            101.581878,
            3.009681
          ],
          [
            101.581784,
            3.009543
          ],
          [
            101.581531,
            3.009334
          ],
          [
            101.581128,
            3.009153
          ],
          [
            101.580489,
            3.008861
          ],
          [
            101.579554,
            3.008381
          ],
          [
            101.579071,
            3.008165
          ],
          [
            101.578971,
            3.00812
          ],
          [
            101.578497,
            3.007908
          ],
          [
            101.578333,
            3.007868
          ],
          [
            101.578206,
            3.007844
          ],
          [
            101.577938,
            3.00782
          ],
          [
            101.577566,
            3.007808
          ],
          [
            101.576831,
            3.007799
          ],
          [
            101.576095,
            3.007803
          ],
          [
            101.575514,
            3.007831
          ],
          [
            101.575114,
            3.007881
          ],
          [
            101.574567,
            3.007969
          ],
          [
            101.574101,
            3.008034
          ],
          [
            101.573765,
            3.008043
          ],
          [
            101.573013,
            3.008035
          ],
          [
            101.572854,
            3.008012
          ],
          [
            101.572714,
            3.007955
          ],
          [
            101.572586,
            3.007868
          ],
          [
            101.572518,
            3.007809
          ],
          [
            101.572471,
            3.007756
          ],
          [
            101.572407,
            3.007689
          ],
          [
            101.57233,
            3.007475
          ],
          [
            101.572309,
            3.007402
          ],
          [
            101.5723,
            3.007319
          ],
          [
            101.572297,
            3.006852
          ],
          [
            101.572299,
            3.006421
          ],
          [
            101.572313,
            3.005132
          ],
          [
            101.572333,
            3.004417
          ],
          [
            101.572342,
            3.0042
          ],
          [
            101.57237,
            3.003998
          ],
          [
            101.57243,
            3.003747
          ],
          [
            101.572517,
            3.003483
          ],
          [
            101.572644,
            3.003041
          ],
          [
            101.572751,
            3.002728
          ],
          [
            101.572771,
            3.002658
          ],
          [
            101.572788,
            3.002544
          ],
          [
            101.572789,
            3.002264
          ],
          [
            101.572807,
            3.001515
          ],
          [
            101.572827,
            3.000705
          ],
          [
            101.572827,
            3.000601
          ],
          [
            101.572822,
            3.000149
          ],
          [
            101.572846,
            2.999832
          ],
          [
            101.572868,
            2.999677
          ],
          [
            101.572895,
            2.999534
          ],
          [
            101.572938,
            2.999215
          ],
          [
            101.572977,
            2.99914
          ],
          [
            101.573152,
            2.998702
          ],
          [
            101.573203,
            2.998514
          ],
          [
            101.573236,
            2.99837
          ],
          [
            101.57326,
            2.998152
          ],
          [
            101.573261,
            2.997963
          ],
          [
            101.57328,
            2.997202
          ],
          [
            101.573315,
            2.997122
          ],
          [
            101.573336,
            2.997057
          ],
          [
            101.573362,
            2.99702
          ],
          [
            101.573407,
            2.996987
          ],
          [
            101.57359,
            2.996934
          ],
          [
            101.574542,
            2.996922
          ],
          [
            101.574824,
            2.996901
          ],
          [
            101.575073,
            2.996867
          ],
          [
            101.575346,
            2.996817
          ],
          [
            101.575624,
            2.996745
          ],
          [
            101.57575,
            2.9967
          ],
          [
            101.575893,
            2.996649
          ],
          [
            101.576168,
            2.996542
          ],
          [
            101.576368,
            2.996444
          ],
          [
            101.57666,
            2.996295
          ],
          [
            101.576745,
            2.996252
          ],
          [
            101.576843,
            2.996202
          ],
          [
            101.577172,
            2.996034
          ],
          [
            101.578286,
            2.995477
          ],
          [
            101.578408,
            2.995478
          ],
          [
            101.578518,
            2.995503
          ],
          [
            101.578622,
            2.995579
          ],
          [
            101.578707,
            2.995752
          ],
          [
            101.578769,
            2.995807
          ],
          [
            101.578852,
            2.996009
          ],
          [
            101.578937,
            2.996175
          ],
          [
            101.579014,
            2.996325
          ],
          [
            101.579086,
            2.996443
          ],
          [
            101.579164,
            2.996571
          ],
          [
            101.579233,
            2.996688
          ],
          [
            101.579363,
            2.996916
          ],
          [
            101.5795,
            2.997207
          ],
          [
            101.579616,
            2.997443
          ],
          [
            101.579725,
            2.99772
          ],
          [
            101.579836,
            2.997956
          ],
          [
            101.579887,
            2.99806
          ],
          [
            101.579938,
            2.998184
          ],
          [
            101.58007,
            2.99845
          ],
          [
            101.580116,
            2.998544
          ],
          [
            101.580321,
            2.998996
          ],
          [
            101.580336,
            2.99904
          ],
          [
            101.580495,
            2.999418
          ],
          [
            101.580538,
            2.999516
          ],
          [
            101.580562,
            2.999614
          ],
          [
            101.580579,
            2.999846
          ],
          [
            101.580622,
            3.000105
          ],
          [
            101.58065,
            3.000347
          ],
          [
            101.580775,
            3.000637
          ],
          [
            101.580806,
            3.000712
          ],
          [
            101.580918,
            3.000952
          ],
          [
            101.580999,
            3.001125
          ],
          [
            101.581062,
            3.0012
          ],
          [
            101.581146,
            3.001223
          ],
          [
            101.581481,
            3.001227
          ],
          [
            101.58181,
            3.001238
          ],
          [
            101.581921,
            3.001249
          ],
          [
            101.582009,
            3.001282
          ],
          [
            101.582149,
            3.001364
          ],
          [
            101.582273,
            3.001482
          ],
          [
            101.582408,
            3.001609
          ],
          [
            101.582655,
            3.001863
          ],
          [
            101.582731,
            3.001985
          ],
          [
            101.582809,
            3.002169
          ],
          [
            101.582901,
            3.002408
          ],
          [
            101.583009,
            3.002652
          ],
          [
            101.583147,
            3.003011
          ],
          [
            101.583157,
            3.003142
          ],
          [
            101.58316,
            3.003275
          ],
          [
            101.583156,
            3.003566
          ],
          [
            101.583149,
            3.003883
          ],
          [
            101.58315,
            3.0041
          ]
        ]
      }
    },
    {
      "type": "Feature",
      "properties": {
        "route_id": "MY-02",
        "route_name": "Ampang Line",
        "route_type": "TRAIN",
        "route_ref": "AMP",
        "origin_name": "Origin",
        "destination_name": "Destination",
        "region": "Other",
        "province": "Other"
      },
      "geometry": {
        "type": "LineString",
        "coordinates": [
          [
            101.695071,
            3.18009
          ],
          [
            101.694966,
            3.180398
          ],
          [
            101.694958,
            3.180423
          ],
          [
            101.69504,
            3.180428
          ],
          [
            101.695368,
            3.17946
          ],
          [
            101.695626,
            3.178724
          ],
          [
            101.695668,
            3.178604
          ],
          [
            101.695775,
            3.178284
          ],
          [
            101.695831,
            3.178116
          ],
          [
            101.695895,
            3.177923
          ],
          [
            101.695917,
            3.177857
          ],
          [
            101.695947,
            3.17777
          ],
          [
            101.695964,
            3.1777
          ],
          [
            101.695875,
            3.177695
          ],
          [
            101.695695,
            3.177717
          ],
          [
            101.695577,
            3.177698
          ],
          [
            101.695545,
            3.177694
          ],
          [
            101.695372,
            3.177668
          ],
          [
            101.695104,
            3.177627
          ],
          [
            101.694334,
            3.177511
          ],
          [
            101.693432,
            3.177374
          ],
          [
            101.693397,
            3.177369
          ],
          [
            101.693376,
            3.177366
          ],
          [
            101.693269,
            3.177321
          ],
          [
            101.693186,
            3.177299
          ],
          [
            101.692895,
            3.177253
          ],
          [
            101.692893,
            3.177253
          ],
          [
            101.692836,
            3.177244
          ],
          [
            101.692845,
            3.177171
          ],
          [
            101.692893,
            3.176794
          ],
          [
            101.692946,
            3.176375
          ],
          [
            101.692966,
            3.17621
          ],
          [
            101.692976,
            3.176124
          ],
          [
            101.693062,
            3.175566
          ],
          [
            101.693103,
            3.17534
          ],
          [
            101.693127,
            3.175194
          ],
          [
            101.693148,
            3.175054
          ],
          [
            101.693149,
            3.174945
          ],
          [
            101.693136,
            3.174862
          ],
          [
            101.693123,
            3.174804
          ],
          [
            101.693106,
            3.174753
          ],
          [
            101.693057,
            3.174665
          ],
          [
            101.693024,
            3.174622
          ],
          [
            101.692982,
            3.174565
          ],
          [
            101.692801,
            3.174359
          ],
          [
            101.692553,
            3.174075
          ],
          [
            101.692546,
            3.174068
          ],
          [
            101.69245,
            3.17396
          ],
          [
            101.692439,
            3.173949
          ],
          [
            101.69225,
            3.173729
          ],
          [
            101.692187,
            3.173663
          ],
          [
            101.691907,
            3.173355
          ],
          [
            101.6918,
            3.173227
          ],
          [
            101.691749,
            3.173167
          ],
          [
            101.691698,
            3.173104
          ],
          [
            101.69167,
            3.173068
          ],
          [
            101.691662,
            3.173058
          ],
          [
            101.691657,
            3.173039
          ],
          [
            101.691655,
            3.173026
          ],
          [
            101.691652,
            3.173009
          ],
          [
            101.69165,
            3.172974
          ],
          [
            101.691651,
            3.172949
          ],
          [
            101.691654,
            3.172923
          ],
          [
            101.691664,
            3.172875
          ],
          [
            101.691972,
            3.172556
          ],
          [
            101.692258,
            3.172297
          ],
          [
            101.692396,
            3.172171
          ],
          [
            101.692616,
            3.171969
          ],
          [
            101.692619,
            3.171966
          ],
          [
            101.692713,
            3.17188
          ],
          [
            101.692834,
            3.171764
          ],
          [
            101.692734,
            3.171685
          ],
          [
            101.692675,
            3.17163
          ],
          [
            101.692563,
            3.171527
          ],
          [
            101.692524,
            3.171497
          ],
          [
            101.692221,
            3.171169
          ],
          [
            101.691641,
            3.170554
          ],
          [
            101.691422,
            3.170303
          ],
          [
            101.691386,
            3.170267
          ],
          [
            101.691283,
            3.170193
          ],
          [
            101.691126,
            3.170012
          ],
          [
            101.690848,
            3.169705
          ],
          [
            101.69078,
            3.169635
          ],
          [
            101.690744,
            3.169599
          ],
          [
            101.690514,
            3.169352
          ],
          [
            101.690317,
            3.169085
          ],
          [
            101.690165,
            3.168888
          ],
          [
            101.690014,
            3.168714
          ],
          [
            101.689847,
            3.168525
          ],
          [
            101.689669,
            3.168327
          ],
          [
            101.689596,
            3.16823
          ],
          [
            101.689523,
            3.168115
          ],
          [
            101.689477,
            3.168022
          ],
          [
            101.689437,
            3.16792
          ],
          [
            101.689423,
            3.167832
          ],
          [
            101.689412,
            3.167743
          ],
          [
            101.689418,
            3.167604
          ],
          [
            101.689445,
            3.16751
          ],
          [
            101.68947,
            3.167435
          ],
          [
            101.689517,
            3.167336
          ],
          [
            101.689591,
            3.167246
          ],
          [
            101.689662,
            3.167177
          ],
          [
            101.689752,
            3.167087
          ],
          [
            101.690055,
            3.166767
          ],
          [
            101.690311,
            3.166505
          ],
          [
            101.690342,
            3.16644
          ],
          [
            101.690663,
            3.166143
          ],
          [
            101.690857,
            3.165971
          ],
          [
            101.691171,
            3.165658
          ],
          [
            101.69139,
            3.165408
          ],
          [
            101.691509,
            3.165264
          ],
          [
            101.691614,
            3.165119
          ],
          [
            101.691725,
            3.164955
          ],
          [
            101.691841,
            3.164779
          ],
          [
            101.69198,
            3.164522
          ],
          [
            101.692085,
            3.164266
          ],
          [
            101.692173,
            3.164016
          ],
          [
            101.692244,
            3.16377
          ],
          [
            101.692316,
            3.163456
          ],
          [
            101.692375,
            3.163134
          ],
          [
            101.692394,
            3.162785
          ],
          [
            101.692432,
            3.162295
          ],
          [
            101.692465,
            3.161832
          ],
          [
            101.69249,
            3.161565
          ],
          [
            101.692524,
            3.161412
          ],
          [
            101.692554,
            3.161272
          ],
          [
            101.692607,
            3.161065
          ],
          [
            101.692683,
            3.160832
          ],
          [
            101.692832,
            3.1604
          ],
          [
            101.692868,
            3.160282
          ],
          [
            101.692939,
            3.160077
          ],
          [
            101.693137,
            3.159553
          ],
          [
            101.693265,
            3.159231
          ],
          [
            101.693392,
            3.158868
          ],
          [
            101.69349,
            3.158592
          ],
          [
            101.693638,
            3.158228
          ],
          [
            101.693733,
            3.158007
          ],
          [
            101.693889,
            3.157592
          ],
          [
            101.693976,
            3.157373
          ],
          [
            101.694061,
            3.157139
          ],
          [
            101.694103,
            3.156992
          ],
          [
            101.694151,
            3.156802
          ],
          [
            101.694179,
            3.156567
          ],
          [
            101.694182,
            3.156219
          ],
          [
            101.694155,
            3.155847
          ],
          [
            101.694123,
            3.155643
          ],
          [
            101.69406,
            3.155379
          ],
          [
            101.693963,
            3.155009
          ],
          [
            101.693872,
            3.154685
          ],
          [
            101.693661,
            3.154116
          ],
          [
            101.693597,
            3.153921
          ],
          [
            101.693533,
            3.153749
          ],
          [
            101.693465,
            3.153546
          ],
          [
            101.693405,
            3.153322
          ],
          [
            101.693245,
            3.152634
          ],
          [
            101.693119,
            3.152105
          ],
          [
            101.692998,
            3.15154
          ],
          [
            101.692899,
            3.151017
          ],
          [
            101.692799,
            3.150491
          ],
          [
            101.692732,
            3.15018
          ],
          [
            101.692578,
            3.149382
          ],
          [
            101.692374,
            3.148381
          ],
          [
            101.692362,
            3.147868
          ],
          [
            101.692383,
            3.147427
          ],
          [
            101.692413,
            3.147296
          ],
          [
            101.692452,
            3.147173
          ],
          [
            101.692534,
            3.146916
          ],
          [
            101.692732,
            3.146508
          ],
          [
            101.692954,
            3.146202
          ],
          [
            101.693055,
            3.146069
          ],
          [
            101.693132,
            3.145968
          ],
          [
            101.693242,
            3.145786
          ],
          [
            101.693295,
            3.145661
          ],
          [
            101.693364,
            3.145487
          ],
          [
            101.693395,
            3.145398
          ],
          [
            101.693417,
            3.145336
          ],
          [
            101.693443,
            3.145208
          ],
          [
            101.693455,
            3.145005
          ],
          [
            101.693454,
            3.144882
          ],
          [
            101.693431,
            3.144738
          ],
          [
            101.693405,
            3.144626
          ],
          [
            101.693347,
            3.14441
          ],
          [
            101.693274,
            3.144192
          ],
          [
            101.693192,
            3.143899
          ],
          [
            101.693153,
            3.143789
          ],
          [
            101.693117,
            3.143677
          ],
          [
            101.693085,
            3.143565
          ],
          [
            101.693056,
            3.143451
          ],
          [
            101.693031,
            3.143337
          ],
          [
            101.69301,
            3.143222
          ],
          [
            101.692983,
            3.143104
          ],
          [
            101.692961,
            3.142965
          ],
          [
            101.692961,
            3.142837
          ],
          [
            101.692977,
            3.142628
          ],
          [
            101.693105,
            3.141897
          ],
          [
            101.693158,
            3.141665
          ],
          [
            101.693188,
            3.141596
          ],
          [
            101.693304,
            3.141357
          ],
          [
            101.693433,
            3.141171
          ],
          [
            101.693518,
            3.141073
          ],
          [
            101.69366,
            3.140939
          ],
          [
            101.693808,
            3.14083
          ],
          [
            101.693998,
            3.140722
          ],
          [
            101.694147,
            3.140666
          ],
          [
            101.694455,
            3.140594
          ],
          [
            101.694954,
            3.140483
          ],
          [
            101.695501,
            3.140366
          ],
          [
            101.696235,
            3.140181
          ],
          [
            101.696875,
            3.140039
          ],
          [
            101.697004,
            3.140014
          ],
          [
            101.697299,
            3.139952
          ],
          [
            101.697515,
            3.139902
          ],
          [
            101.697597,
            3.139879
          ],
          [
            101.697694,
            3.139853
          ],
          [
            101.697783,
            3.139823
          ],
          [
            101.697854,
            3.139798
          ],
          [
            101.697975,
            3.139752
          ],
          [
            101.698068,
            3.13971
          ],
          [
            101.698142,
            3.139677
          ],
          [
            101.698203,
            3.139646
          ],
          [
            101.698284,
            3.139596
          ],
          [
            101.698371,
            3.139536
          ],
          [
            101.69849,
            3.139438
          ],
          [
            101.698982,
            3.139023
          ],
          [
            101.699374,
            3.138692
          ],
          [
            101.699393,
            3.138676
          ],
          [
            101.699572,
            3.138525
          ],
          [
            101.699801,
            3.138332
          ],
          [
            101.700274,
            3.137921
          ],
          [
            101.70048,
            3.137764
          ],
          [
            101.700671,
            3.137643
          ],
          [
            101.700903,
            3.137527
          ],
          [
            101.701035,
            3.137468
          ],
          [
            101.70148,
            3.137307
          ],
          [
            101.702063,
            3.137127
          ],
          [
            101.702716,
            3.136926
          ],
          [
            101.70307,
            3.136802
          ],
          [
            101.703327,
            3.136704
          ],
          [
            101.703761,
            3.136503
          ],
          [
            101.704212,
            3.136265
          ],
          [
            101.70453,
            3.136069
          ],
          [
            101.704803,
            3.135867
          ],
          [
            101.705126,
            3.135606
          ],
          [
            101.705574,
            3.135185
          ],
          [
            101.706057,
            3.134707
          ],
          [
            101.706352,
            3.134399
          ],
          [
            101.706871,
            3.133834
          ],
          [
            101.707279,
            3.133368
          ],
          [
            101.707716,
            3.132875
          ],
          [
            101.708253,
            3.132278
          ],
          [
            101.70889,
            3.131622
          ],
          [
            101.70932,
            3.1312
          ],
          [
            101.710367,
            3.130171
          ],
          [
            101.710703,
            3.129845
          ],
          [
            101.710926,
            3.129648
          ],
          [
            101.711126,
            3.129486
          ],
          [
            101.711513,
            3.12922
          ],
          [
            101.711946,
            3.128931
          ],
          [
            101.712259,
            3.128712
          ],
          [
            101.712531,
            3.128521
          ],
          [
            101.712731,
            3.128371
          ],
          [
            101.712906,
            3.128213
          ],
          [
            101.713105,
            3.128024
          ],
          [
            101.71335,
            3.127736
          ],
          [
            101.713614,
            3.127416
          ],
          [
            101.713959,
            3.126989
          ],
          [
            101.714184,
            3.126721
          ],
          [
            101.714494,
            3.126365
          ],
          [
            101.714695,
            3.126153
          ],
          [
            101.715143,
            3.125695
          ],
          [
            101.715631,
            3.125242
          ],
          [
            101.716557,
            3.12438
          ],
          [
            101.716892,
            3.12408
          ],
          [
            101.717536,
            3.123492
          ],
          [
            101.718224,
            3.122822
          ],
          [
            101.718801,
            3.12226
          ],
          [
            101.719261,
            3.121813
          ],
          [
            101.720663,
            3.120448
          ],
          [
            101.721067,
            3.120054
          ],
          [
            101.722213,
            3.118931
          ],
          [
            101.723824,
            3.117363
          ],
          [
            101.723988,
            3.117204
          ],
          [
            101.724184,
            3.117013
          ],
          [
            101.725131,
            3.116101
          ],
          [
            101.725542,
            3.115713
          ],
          [
            101.72566,
            3.115605
          ],
          [
            101.726409,
            3.114953
          ],
          [
            101.726951,
            3.114538
          ],
          [
            101.727695,
            3.113971
          ],
          [
            101.728415,
            3.113393
          ],
          [
            101.728705,
            3.113106
          ],
          [
            101.728959,
            3.112793
          ],
          [
            101.729106,
            3.112582
          ],
          [
            101.729238,
            3.112348
          ],
          [
            101.729358,
            3.112092
          ],
          [
            101.729497,
            3.111732
          ],
          [
            101.729623,
            3.111341
          ],
          [
            101.729703,
            3.111072
          ],
          [
            101.729757,
            3.110897
          ],
          [
            101.729887,
            3.110481
          ],
          [
            101.729942,
            3.110304
          ],
          [
            101.730059,
            3.109927
          ],
          [
            101.730164,
            3.10959
          ],
          [
            101.730254,
            3.109283
          ],
          [
            101.730794,
            3.107432
          ],
          [
            101.730892,
            3.107195
          ],
          [
            101.730999,
            3.106962
          ],
          [
            101.731208,
            3.106568
          ],
          [
            101.731772,
            3.105718
          ],
          [
            101.7322,
            3.105079
          ],
          [
            101.733003,
            3.103882
          ],
          [
            101.733163,
            3.10366
          ],
          [
            101.733438,
            3.103314
          ],
          [
            101.733551,
            3.1032
          ],
          [
            101.733814,
            3.102914
          ],
          [
            101.734432,
            3.102259
          ],
          [
            101.735106,
            3.101544
          ],
          [
            101.735836,
            3.100741
          ],
          [
            101.736532,
            3.099977
          ],
          [
            101.737474,
            3.098973
          ],
          [
            101.737682,
            3.098736
          ],
          [
            101.737938,
            3.098398
          ],
          [
            101.7381,
            3.098173
          ],
          [
            101.738237,
            3.097942
          ],
          [
            101.738437,
            3.097532
          ],
          [
            101.738531,
            3.097298
          ],
          [
            101.738625,
            3.097015
          ],
          [
            101.738904,
            3.096136
          ],
          [
            101.739666,
            3.093738
          ],
          [
            101.739996,
            3.092699
          ],
          [
            101.740156,
            3.092195
          ],
          [
            101.740501,
            3.091108
          ],
          [
            101.740728,
            3.090394
          ],
          [
            101.740882,
            3.08991
          ],
          [
            101.741091,
            3.089252
          ],
          [
            101.741113,
            3.089177
          ],
          [
            101.741423,
            3.08816
          ],
          [
            101.741576,
            3.087655
          ],
          [
            101.741629,
            3.087395
          ],
          [
            101.741726,
            3.086903
          ],
          [
            101.7418,
            3.0865
          ],
          [
            101.741831,
            3.086282
          ],
          [
            101.741864,
            3.085871
          ],
          [
            101.741889,
            3.085214
          ],
          [
            101.741897,
            3.08479
          ],
          [
            101.741915,
            3.084065
          ],
          [
            101.741927,
            3.083134
          ],
          [
            101.741958,
            3.082108
          ],
          [
            101.741995,
            3.08173
          ],
          [
            101.74201,
            3.081628
          ],
          [
            101.742026,
            3.081539
          ],
          [
            101.742048,
            3.081441
          ],
          [
            101.742078,
            3.081329
          ],
          [
            101.742117,
            3.081205
          ],
          [
            101.742166,
            3.081071
          ],
          [
            101.742226,
            3.08093
          ],
          [
            101.742299,
            3.080784
          ],
          [
            101.742339,
            3.080722
          ],
          [
            101.742546,
            3.080406
          ],
          [
            101.742749,
            3.080163
          ],
          [
            101.742996,
            3.079923
          ],
          [
            101.743245,
            3.079717
          ],
          [
            101.743435,
            3.07961
          ],
          [
            101.743657,
            3.079498
          ],
          [
            101.743873,
            3.079405
          ],
          [
            101.744027,
            3.079341
          ],
          [
            101.744161,
            3.079297
          ],
          [
            101.744383,
            3.079251
          ],
          [
            101.744639,
            3.079204
          ],
          [
            101.745967,
            3.079036
          ],
          [
            101.746012,
            3.07903
          ],
          [
            101.74633,
            3.078987
          ],
          [
            101.747375,
            3.078823
          ],
          [
            101.748546,
            3.078669
          ],
          [
            101.748705,
            3.078642
          ],
          [
            101.748793,
            3.078627
          ],
          [
            101.749164,
            3.078543
          ],
          [
            101.749409,
            3.078494
          ],
          [
            101.750077,
            3.078347
          ],
          [
            101.750267,
            3.078289
          ],
          [
            101.750842,
            3.078112
          ],
          [
            101.751107,
            3.078017
          ],
          [
            101.752127,
            3.077636
          ],
          [
            101.752383,
            3.07754
          ],
          [
            101.752781,
            3.077399
          ],
          [
            101.75496,
            3.076482
          ],
          [
            101.755216,
            3.076381
          ],
          [
            101.755673,
            3.076219
          ],
          [
            101.755847,
            3.076194
          ],
          [
            101.756141,
            3.076109
          ],
          [
            101.756663,
            3.075975
          ],
          [
            101.757901,
            3.07578
          ],
          [
            101.758559,
            3.075672
          ],
          [
            101.759489,
            3.075499
          ],
          [
            101.759747,
            3.075373
          ],
          [
            101.760009,
            3.075245
          ],
          [
            101.760588,
            3.074667
          ],
          [
            101.761186,
            3.074056
          ],
          [
            101.76131,
            3.07393
          ],
          [
            101.761403,
            3.073837
          ],
          [
            101.761497,
            3.073626
          ],
          [
            101.761646,
            3.073374
          ],
          [
            101.762025,
            3.072769
          ],
          [
            101.762326,
            3.072235
          ],
          [
            101.762615,
            3.071881
          ],
          [
            101.762914,
            3.071598
          ],
          [
            101.763336,
            3.071232
          ],
          [
            101.763973,
            3.070779
          ],
          [
            101.764529,
            3.070351
          ],
          [
            101.766193,
            3.069041
          ],
          [
            101.767217,
            3.068241
          ],
          [
            101.7681,
            3.067551
          ],
          [
            101.768729,
            3.066988
          ],
          [
            101.769542,
            3.066137
          ],
          [
            101.77174,
            3.063305
          ],
          [
            101.772461,
            3.062369
          ],
          [
            101.773367,
            3.06114
          ],
          [
            101.773511,
            3.060908
          ],
          [
            101.773586,
            3.060748
          ],
          [
            101.773662,
            3.060579
          ],
          [
            101.773777,
            3.060318
          ],
          [
            101.774047,
            3.059142
          ],
          [
            101.774125,
            3.058784
          ],
          [
            101.774224,
            3.05814
          ],
          [
            101.774258,
            3.057476
          ],
          [
            101.774248,
            3.054686
          ],
          [
            101.774246,
            3.054163
          ],
          [
            101.774247,
            3.05366
          ],
          [
            101.774317,
            3.053306
          ],
          [
            101.774336,
            3.053118
          ],
          [
            101.774392,
            3.052832
          ],
          [
            101.774518,
            3.052474
          ],
          [
            101.774642,
            3.052185
          ],
          [
            101.774808,
            3.051915
          ],
          [
            101.775112,
            3.051542
          ],
          [
            101.775187,
            3.051452
          ],
          [
            101.774793,
            3.051138
          ],
          [
            101.77445,
            3.050849
          ],
          [
            101.774288,
            3.050712
          ],
          [
            101.77418,
            3.050621
          ],
          [
            101.774062,
            3.050522
          ],
          [
            101.773811,
            3.050335
          ],
          [
            101.773731,
            3.050276
          ],
          [
            101.773654,
            3.050219
          ],
          [
            101.773211,
            3.049924
          ],
          [
            101.773033,
            3.049843
          ],
          [
            101.772966,
            3.049812
          ],
          [
            101.772818,
            3.049741
          ],
          [
            101.77278,
            3.049731
          ],
          [
            101.772702,
            3.049709
          ],
          [
            101.772557,
            3.049679
          ],
          [
            101.772305,
            3.049662
          ],
          [
            101.772119,
            3.049657
          ],
          [
            101.772056,
            3.049653
          ],
          [
            101.771908,
            3.049641
          ],
          [
            101.771738,
            3.049633
          ],
          [
            101.771092,
            3.049604
          ],
          [
            101.770932,
            3.049603
          ],
          [
            101.770727,
            3.049617
          ],
          [
            101.77039,
            3.049662
          ],
          [
            101.770235,
            3.049681
          ],
          [
            101.770137,
            3.049686
          ],
          [
            101.770025,
            3.04968
          ],
          [
            101.769619,
            3.049636
          ],
          [
            101.768975,
            3.049568
          ],
          [
            101.768733,
            3.049542
          ],
          [
            101.768655,
            3.049533
          ],
          [
            101.768204,
            3.049466
          ],
          [
            101.768013,
            3.049447
          ],
          [
            101.767841,
            3.049442
          ],
          [
            101.767282,
            3.049445
          ],
          [
            101.766268,
            3.049447
          ],
          [
            101.76589,
            3.049448
          ],
          [
            101.765762,
            3.049461
          ],
          [
            101.765762,
            3.049552
          ],
          [
            101.765753,
            3.049793
          ],
          [
            101.765716,
            3.050325
          ],
          [
            101.765708,
            3.05052
          ],
          [
            101.765692,
            3.050905
          ],
          [
            101.765477,
            3.050895
          ],
          [
            101.765497,
            3.050541
          ],
          [
            101.765511,
            3.049997
          ],
          [
            101.765505,
            3.049975
          ],
          [
            101.765487,
            3.049958
          ],
          [
            101.765238,
            3.049935
          ],
          [
            101.765191,
            3.049931
          ],
          [
            101.764299,
            3.049854
          ],
          [
            101.76359,
            3.049779
          ],
          [
            101.763031,
            3.049775
          ],
          [
            101.761751,
            3.049756
          ],
          [
            101.761747,
            3.050288
          ],
          [
            101.761094,
            3.050266
          ]
        ]
      }
    },
    {
      "type": "Feature",
      "properties": {
        "route_id": "MY-03",
        "route_name": "Sri Petaling Line",
        "route_type": "TRAIN",
        "route_ref": "SPL",
        "origin_name": "Origin",
        "destination_name": "Destination",
        "region": "Other",
        "province": "Other"
      },
      "geometry": {
        "type": "LineString",
        "coordinates": [
          [
            101.695071,
            3.18009
          ],
          [
            101.694966,
            3.180398
          ],
          [
            101.694958,
            3.180423
          ],
          [
            101.69504,
            3.180428
          ],
          [
            101.695368,
            3.17946
          ],
          [
            101.695626,
            3.178724
          ],
          [
            101.695668,
            3.178604
          ],
          [
            101.695775,
            3.178284
          ],
          [
            101.695831,
            3.178116
          ],
          [
            101.695895,
            3.177923
          ],
          [
            101.695917,
            3.177857
          ],
          [
            101.695947,
            3.17777
          ],
          [
            101.695964,
            3.1777
          ],
          [
            101.695875,
            3.177695
          ],
          [
            101.695695,
            3.177717
          ],
          [
            101.695577,
            3.177698
          ],
          [
            101.695545,
            3.177694
          ],
          [
            101.695372,
            3.177668
          ],
          [
            101.695104,
            3.177627
          ],
          [
            101.694334,
            3.177511
          ],
          [
            101.693432,
            3.177374
          ],
          [
            101.693397,
            3.177369
          ],
          [
            101.693376,
            3.177366
          ],
          [
            101.693269,
            3.177321
          ],
          [
            101.693186,
            3.177299
          ],
          [
            101.692895,
            3.177253
          ],
          [
            101.692893,
            3.177253
          ],
          [
            101.692836,
            3.177244
          ],
          [
            101.692845,
            3.177171
          ],
          [
            101.692893,
            3.176794
          ],
          [
            101.692946,
            3.176375
          ],
          [
            101.692966,
            3.17621
          ],
          [
            101.692976,
            3.176124
          ],
          [
            101.693062,
            3.175566
          ],
          [
            101.693103,
            3.17534
          ],
          [
            101.693127,
            3.175194
          ],
          [
            101.693148,
            3.175054
          ],
          [
            101.693149,
            3.174945
          ],
          [
            101.693136,
            3.174862
          ],
          [
            101.693123,
            3.174804
          ],
          [
            101.693106,
            3.174753
          ],
          [
            101.693057,
            3.174665
          ],
          [
            101.693024,
            3.174622
          ],
          [
            101.692982,
            3.174565
          ],
          [
            101.692801,
            3.174359
          ],
          [
            101.692553,
            3.174075
          ],
          [
            101.692546,
            3.174068
          ],
          [
            101.69245,
            3.17396
          ],
          [
            101.692439,
            3.173949
          ],
          [
            101.69225,
            3.173729
          ],
          [
            101.692187,
            3.173663
          ],
          [
            101.691907,
            3.173355
          ],
          [
            101.6918,
            3.173227
          ],
          [
            101.691749,
            3.173167
          ],
          [
            101.691698,
            3.173104
          ],
          [
            101.69167,
            3.173068
          ],
          [
            101.691662,
            3.173058
          ],
          [
            101.691657,
            3.173039
          ],
          [
            101.691655,
            3.173026
          ],
          [
            101.691652,
            3.173009
          ],
          [
            101.69165,
            3.172974
          ],
          [
            101.691651,
            3.172949
          ],
          [
            101.691654,
            3.172923
          ],
          [
            101.691664,
            3.172875
          ],
          [
            101.691972,
            3.172556
          ],
          [
            101.692258,
            3.172297
          ],
          [
            101.692396,
            3.172171
          ],
          [
            101.692616,
            3.171969
          ],
          [
            101.692619,
            3.171966
          ],
          [
            101.692713,
            3.17188
          ],
          [
            101.692834,
            3.171764
          ],
          [
            101.692734,
            3.171685
          ],
          [
            101.692675,
            3.17163
          ],
          [
            101.692563,
            3.171527
          ],
          [
            101.692524,
            3.171497
          ],
          [
            101.692221,
            3.171169
          ],
          [
            101.691641,
            3.170554
          ],
          [
            101.691422,
            3.170303
          ],
          [
            101.691386,
            3.170267
          ],
          [
            101.691283,
            3.170193
          ],
          [
            101.691126,
            3.170012
          ],
          [
            101.690848,
            3.169705
          ],
          [
            101.69078,
            3.169635
          ],
          [
            101.690744,
            3.169599
          ],
          [
            101.690514,
            3.169352
          ],
          [
            101.690317,
            3.169085
          ],
          [
            101.690165,
            3.168888
          ],
          [
            101.690014,
            3.168714
          ],
          [
            101.689847,
            3.168525
          ],
          [
            101.689669,
            3.168327
          ],
          [
            101.689596,
            3.16823
          ],
          [
            101.689523,
            3.168115
          ],
          [
            101.689477,
            3.168022
          ],
          [
            101.689437,
            3.16792
          ],
          [
            101.689423,
            3.167832
          ],
          [
            101.689412,
            3.167743
          ],
          [
            101.689418,
            3.167604
          ],
          [
            101.689445,
            3.16751
          ],
          [
            101.68947,
            3.167435
          ],
          [
            101.689517,
            3.167336
          ],
          [
            101.689591,
            3.167246
          ],
          [
            101.689662,
            3.167177
          ],
          [
            101.689752,
            3.167087
          ],
          [
            101.690055,
            3.166767
          ],
          [
            101.690311,
            3.166505
          ],
          [
            101.690342,
            3.16644
          ],
          [
            101.690663,
            3.166143
          ],
          [
            101.690857,
            3.165971
          ],
          [
            101.691171,
            3.165658
          ],
          [
            101.69139,
            3.165408
          ],
          [
            101.691509,
            3.165264
          ],
          [
            101.691614,
            3.165119
          ],
          [
            101.691725,
            3.164955
          ],
          [
            101.691841,
            3.164779
          ],
          [
            101.69198,
            3.164522
          ],
          [
            101.692085,
            3.164266
          ],
          [
            101.692173,
            3.164016
          ],
          [
            101.692244,
            3.16377
          ],
          [
            101.692316,
            3.163456
          ],
          [
            101.692375,
            3.163134
          ],
          [
            101.692394,
            3.162785
          ],
          [
            101.692432,
            3.162295
          ],
          [
            101.692465,
            3.161832
          ],
          [
            101.69249,
            3.161565
          ],
          [
            101.692524,
            3.161412
          ],
          [
            101.692554,
            3.161272
          ],
          [
            101.692607,
            3.161065
          ],
          [
            101.692683,
            3.160832
          ],
          [
            101.692832,
            3.1604
          ],
          [
            101.692868,
            3.160282
          ],
          [
            101.692939,
            3.160077
          ],
          [
            101.693137,
            3.159553
          ],
          [
            101.693265,
            3.159231
          ],
          [
            101.693392,
            3.158868
          ],
          [
            101.69349,
            3.158592
          ],
          [
            101.693638,
            3.158228
          ],
          [
            101.693733,
            3.158007
          ],
          [
            101.693889,
            3.157592
          ],
          [
            101.693976,
            3.157373
          ],
          [
            101.694061,
            3.157139
          ],
          [
            101.694103,
            3.156992
          ],
          [
            101.694151,
            3.156802
          ],
          [
            101.694179,
            3.156567
          ],
          [
            101.694182,
            3.156219
          ],
          [
            101.694155,
            3.155847
          ],
          [
            101.694123,
            3.155643
          ],
          [
            101.69406,
            3.155379
          ],
          [
            101.693963,
            3.155009
          ],
          [
            101.693872,
            3.154685
          ],
          [
            101.693661,
            3.154116
          ],
          [
            101.693597,
            3.153921
          ],
          [
            101.693533,
            3.153749
          ],
          [
            101.693465,
            3.153546
          ],
          [
            101.693405,
            3.153322
          ],
          [
            101.693245,
            3.152634
          ],
          [
            101.693119,
            3.152105
          ],
          [
            101.692998,
            3.15154
          ],
          [
            101.692899,
            3.151017
          ],
          [
            101.692799,
            3.150491
          ],
          [
            101.692732,
            3.15018
          ],
          [
            101.692578,
            3.149382
          ],
          [
            101.692374,
            3.148381
          ],
          [
            101.692362,
            3.147868
          ],
          [
            101.692383,
            3.147427
          ],
          [
            101.692413,
            3.147296
          ],
          [
            101.692452,
            3.147173
          ],
          [
            101.692534,
            3.146916
          ],
          [
            101.692732,
            3.146508
          ],
          [
            101.692954,
            3.146202
          ],
          [
            101.693055,
            3.146069
          ],
          [
            101.693132,
            3.145968
          ],
          [
            101.693242,
            3.145786
          ],
          [
            101.693295,
            3.145661
          ],
          [
            101.693364,
            3.145487
          ],
          [
            101.693395,
            3.145398
          ],
          [
            101.693417,
            3.145336
          ],
          [
            101.693443,
            3.145208
          ],
          [
            101.693455,
            3.145005
          ],
          [
            101.693454,
            3.144882
          ],
          [
            101.693431,
            3.144738
          ],
          [
            101.693405,
            3.144626
          ],
          [
            101.693347,
            3.14441
          ],
          [
            101.693274,
            3.144192
          ],
          [
            101.693192,
            3.143899
          ],
          [
            101.693153,
            3.143789
          ],
          [
            101.693117,
            3.143677
          ],
          [
            101.693085,
            3.143565
          ],
          [
            101.693056,
            3.143451
          ],
          [
            101.693031,
            3.143337
          ],
          [
            101.69301,
            3.143222
          ],
          [
            101.692983,
            3.143104
          ],
          [
            101.692961,
            3.142965
          ],
          [
            101.692961,
            3.142837
          ],
          [
            101.692977,
            3.142628
          ],
          [
            101.693105,
            3.141897
          ],
          [
            101.693158,
            3.141665
          ],
          [
            101.693188,
            3.141596
          ],
          [
            101.693304,
            3.141357
          ],
          [
            101.693433,
            3.141171
          ],
          [
            101.693518,
            3.141073
          ],
          [
            101.69366,
            3.140939
          ],
          [
            101.693808,
            3.14083
          ],
          [
            101.69414,
            3.140729
          ],
          [
            101.694896,
            3.140555
          ],
          [
            101.694963,
            3.14054
          ],
          [
            101.695001,
            3.14054
          ],
          [
            101.695064,
            3.140564
          ],
          [
            101.695079,
            3.140577
          ],
          [
            101.695094,
            3.14059
          ],
          [
            101.695127,
            3.140611
          ],
          [
            101.695163,
            3.140628
          ],
          [
            101.695224,
            3.140645
          ],
          [
            101.695288,
            3.140648
          ],
          [
            101.695351,
            3.140637
          ],
          [
            101.69541,
            3.140612
          ],
          [
            101.695467,
            3.140571
          ],
          [
            101.695512,
            3.140517
          ],
          [
            101.695545,
            3.140448
          ],
          [
            101.695559,
            3.140373
          ],
          [
            101.695553,
            3.140297
          ],
          [
            101.695527,
            3.140226
          ],
          [
            101.695483,
            3.140163
          ],
          [
            101.695424,
            3.140114
          ],
          [
            101.69536,
            3.140084
          ],
          [
            101.69529,
            3.140071
          ],
          [
            101.695239,
            3.13996
          ],
          [
            101.695211,
            3.139892
          ],
          [
            101.69521,
            3.139888
          ],
          [
            101.695194,
            3.139815
          ],
          [
            101.695194,
            3.13963
          ],
          [
            101.695201,
            3.139454
          ],
          [
            101.695224,
            3.139307
          ],
          [
            101.695255,
            3.139123
          ],
          [
            101.695357,
            3.138529
          ],
          [
            101.695367,
            3.138385
          ],
          [
            101.695369,
            3.138284
          ],
          [
            101.695367,
            3.138105
          ],
          [
            101.695358,
            3.138029
          ],
          [
            101.695326,
            3.137736
          ],
          [
            101.695258,
            3.136893
          ],
          [
            101.695218,
            3.136452
          ],
          [
            101.695167,
            3.135653
          ],
          [
            101.695073,
            3.134919
          ],
          [
            101.695052,
            3.134744
          ],
          [
            101.695023,
            3.134522
          ],
          [
            101.694993,
            3.134311
          ],
          [
            101.694963,
            3.134152
          ],
          [
            101.694913,
            3.133967
          ],
          [
            101.69485,
            3.133801
          ],
          [
            101.694743,
            3.133555
          ],
          [
            101.694565,
            3.133292
          ],
          [
            101.694442,
            3.133125
          ],
          [
            101.694348,
            3.133012
          ],
          [
            101.694238,
            3.132899
          ],
          [
            101.69416,
            3.132828
          ],
          [
            101.694079,
            3.132757
          ],
          [
            101.69401,
            3.132702
          ],
          [
            101.693918,
            3.132637
          ],
          [
            101.693828,
            3.13258
          ],
          [
            101.69373,
            3.132527
          ],
          [
            101.693627,
            3.13248
          ],
          [
            101.69349,
            3.132431
          ],
          [
            101.693342,
            3.132388
          ],
          [
            101.693181,
            3.132354
          ],
          [
            101.69298,
            3.132318
          ],
          [
            101.692723,
            3.132273
          ],
          [
            101.692552,
            3.132236
          ],
          [
            101.692442,
            3.132208
          ],
          [
            101.692363,
            3.132179
          ],
          [
            101.692287,
            3.132143
          ],
          [
            101.692228,
            3.132107
          ],
          [
            101.692164,
            3.132058
          ],
          [
            101.692086,
            3.13199
          ],
          [
            101.692003,
            3.1319
          ],
          [
            101.691936,
            3.131816
          ],
          [
            101.691878,
            3.13173
          ],
          [
            101.69184,
            3.131669
          ],
          [
            101.691801,
            3.13158
          ],
          [
            101.691737,
            3.131428
          ],
          [
            101.691688,
            3.131278
          ],
          [
            101.691615,
            3.131035
          ],
          [
            101.69157,
            3.130885
          ],
          [
            101.691468,
            3.130533
          ],
          [
            101.69144,
            3.130426
          ],
          [
            101.691411,
            3.130312
          ],
          [
            101.691326,
            3.129989
          ],
          [
            101.69131,
            3.129928
          ],
          [
            101.691286,
            3.129841
          ],
          [
            101.691263,
            3.129772
          ],
          [
            101.691174,
            3.129497
          ],
          [
            101.691142,
            3.129417
          ],
          [
            101.691108,
            3.129345
          ],
          [
            101.691059,
            3.129238
          ],
          [
            101.69099,
            3.1291
          ],
          [
            101.690877,
            3.12895
          ],
          [
            101.69077,
            3.128826
          ],
          [
            101.690672,
            3.128723
          ],
          [
            101.690509,
            3.128581
          ],
          [
            101.690305,
            3.128429
          ],
          [
            101.68966,
            3.127958
          ],
          [
            101.688905,
            3.127398
          ],
          [
            101.687945,
            3.126696
          ],
          [
            101.687752,
            3.126555
          ],
          [
            101.687513,
            3.126413
          ],
          [
            101.687436,
            3.126372
          ],
          [
            101.687357,
            3.12633
          ],
          [
            101.687275,
            3.126287
          ],
          [
            101.687008,
            3.126166
          ],
          [
            101.686748,
            3.126049
          ],
          [
            101.686151,
            3.125797
          ],
          [
            101.684995,
            3.125327
          ],
          [
            101.684739,
            3.125203
          ],
          [
            101.684491,
            3.125068
          ],
          [
            101.684342,
            3.124976
          ],
          [
            101.684043,
            3.124788
          ],
          [
            101.681967,
            3.123303
          ],
          [
            101.681523,
            3.122986
          ],
          [
            101.680391,
            3.122137
          ],
          [
            101.680185,
            3.121943
          ],
          [
            101.679997,
            3.121733
          ],
          [
            101.679816,
            3.121448
          ],
          [
            101.679649,
            3.121065
          ],
          [
            101.679539,
            3.120699
          ],
          [
            101.679502,
            3.120199
          ],
          [
            101.679508,
            3.120067
          ],
          [
            101.679518,
            3.119844
          ],
          [
            101.679523,
            3.119751
          ],
          [
            101.679549,
            3.119285
          ],
          [
            101.679552,
            3.119239
          ],
          [
            101.679554,
            3.11921
          ],
          [
            101.679556,
            3.119121
          ],
          [
            101.679572,
            3.118507
          ],
          [
            101.679581,
            3.118167
          ],
          [
            101.679584,
            3.117835
          ],
          [
            101.679615,
            3.117708
          ],
          [
            101.67962,
            3.117599
          ],
          [
            101.679586,
            3.117336
          ],
          [
            101.679541,
            3.117093
          ],
          [
            101.679364,
            3.116632
          ],
          [
            101.679247,
            3.116358
          ],
          [
            101.679128,
            3.116052
          ],
          [
            101.679084,
            3.11586
          ],
          [
            101.679032,
            3.115057
          ],
          [
            101.678951,
            3.114586
          ],
          [
            101.678881,
            3.114191
          ],
          [
            101.678782,
            3.113537
          ],
          [
            101.678683,
            3.113112
          ],
          [
            101.678456,
            3.112034
          ],
          [
            101.678401,
            3.111728
          ],
          [
            101.678312,
            3.111076
          ],
          [
            101.678318,
            3.110517
          ],
          [
            101.678354,
            3.110095
          ],
          [
            101.678401,
            3.109795
          ],
          [
            101.678408,
            3.10974
          ],
          [
            101.678428,
            3.109589
          ],
          [
            101.67848,
            3.109135
          ],
          [
            101.678538,
            3.108629
          ],
          [
            101.678561,
            3.108464
          ],
          [
            101.678586,
            3.108218
          ],
          [
            101.678592,
            3.108109
          ],
          [
            101.678601,
            3.107957
          ],
          [
            101.678604,
            3.107906
          ],
          [
            101.678615,
            3.107716
          ],
          [
            101.678618,
            3.107586
          ],
          [
            101.67861,
            3.107456
          ],
          [
            101.678601,
            3.107374
          ],
          [
            101.678599,
            3.107358
          ],
          [
            101.67857,
            3.107176
          ],
          [
            101.678563,
            3.107139
          ],
          [
            101.678451,
            3.106512
          ],
          [
            101.678399,
            3.10621
          ],
          [
            101.678347,
            3.105924
          ],
          [
            101.678323,
            3.105793
          ],
          [
            101.678304,
            3.105654
          ],
          [
            101.678272,
            3.105432
          ],
          [
            101.678235,
            3.105206
          ],
          [
            101.678186,
            3.104921
          ],
          [
            101.678123,
            3.104584
          ],
          [
            101.677941,
            3.103795
          ],
          [
            101.677882,
            3.103516
          ],
          [
            101.677768,
            3.103191
          ],
          [
            101.677725,
            3.103053
          ],
          [
            101.677656,
            3.102836
          ],
          [
            101.677368,
            3.102169
          ],
          [
            101.676633,
            3.100644
          ],
          [
            101.676621,
            3.10061
          ],
          [
            101.676532,
            3.100348
          ],
          [
            101.676461,
            3.100036
          ],
          [
            101.6764,
            3.099783
          ],
          [
            101.676303,
            3.099334
          ],
          [
            101.676254,
            3.099096
          ],
          [
            101.676217,
            3.098882
          ],
          [
            101.676178,
            3.098607
          ],
          [
            101.676143,
            3.098334
          ],
          [
            101.676137,
            3.098295
          ],
          [
            101.676059,
            3.097775
          ],
          [
            101.675998,
            3.097458
          ],
          [
            101.675977,
            3.09735
          ],
          [
            101.675896,
            3.09693
          ],
          [
            101.675854,
            3.096719
          ],
          [
            101.6758,
            3.096447
          ],
          [
            101.675695,
            3.095912
          ],
          [
            101.675602,
            3.095473
          ],
          [
            101.675503,
            3.09501
          ],
          [
            101.675409,
            3.09457
          ],
          [
            101.675137,
            3.093291
          ],
          [
            101.675127,
            3.093245
          ],
          [
            101.675082,
            3.093034
          ],
          [
            101.675041,
            3.092839
          ],
          [
            101.675022,
            3.092774
          ],
          [
            101.67501,
            3.092714
          ],
          [
            101.674963,
            3.092473
          ],
          [
            101.674916,
            3.092228
          ],
          [
            101.674859,
            3.091922
          ],
          [
            101.674853,
            3.091891
          ],
          [
            101.674773,
            3.091508
          ],
          [
            101.674755,
            3.091421
          ],
          [
            101.674689,
            3.091066
          ],
          [
            101.674662,
            3.090922
          ],
          [
            101.674455,
            3.089993
          ],
          [
            101.674444,
            3.089928
          ],
          [
            101.674419,
            3.089812
          ],
          [
            101.674336,
            3.089424
          ],
          [
            101.674312,
            3.089308
          ],
          [
            101.674304,
            3.08927
          ],
          [
            101.674249,
            3.08901
          ],
          [
            101.674228,
            3.088909
          ],
          [
            101.674172,
            3.08864
          ],
          [
            101.674118,
            3.088352
          ],
          [
            101.674091,
            3.088219
          ],
          [
            101.674016,
            3.087834
          ],
          [
            101.673996,
            3.087722
          ],
          [
            101.673885,
            3.087148
          ],
          [
            101.673862,
            3.087034
          ],
          [
            101.673828,
            3.086887
          ],
          [
            101.673794,
            3.086744
          ],
          [
            101.673751,
            3.08658
          ],
          [
            101.673726,
            3.086486
          ],
          [
            101.673683,
            3.086341
          ],
          [
            101.673659,
            3.086271
          ],
          [
            101.673322,
            3.085599
          ],
          [
            101.673276,
            3.085518
          ],
          [
            101.673179,
            3.08534
          ],
          [
            101.672989,
            3.085074
          ],
          [
            101.672874,
            3.084937
          ],
          [
            101.67273,
            3.084767
          ],
          [
            101.672492,
            3.084543
          ],
          [
            101.672372,
            3.084443
          ],
          [
            101.672119,
            3.084257
          ],
          [
            101.671792,
            3.084057
          ],
          [
            101.671056,
            3.08359
          ],
          [
            101.670551,
            3.083308
          ],
          [
            101.670069,
            3.08303
          ],
          [
            101.669959,
            3.082962
          ],
          [
            101.669503,
            3.082678
          ],
          [
            101.668728,
            3.082198
          ],
          [
            101.66824,
            3.081904
          ],
          [
            101.668083,
            3.081808
          ],
          [
            101.667947,
            3.081741
          ],
          [
            101.667868,
            3.081703
          ],
          [
            101.667782,
            3.081643
          ],
          [
            101.667704,
            3.081619
          ],
          [
            101.66756,
            3.081576
          ],
          [
            101.667294,
            3.081487
          ],
          [
            101.667034,
            3.081392
          ],
          [
            101.666838,
            3.081299
          ],
          [
            101.66678,
            3.081272
          ],
          [
            101.666527,
            3.081123
          ],
          [
            101.666029,
            3.080626
          ],
          [
            101.665924,
            3.080521
          ],
          [
            101.665844,
            3.080412
          ],
          [
            101.665678,
            3.080181
          ],
          [
            101.665586,
            3.080051
          ],
          [
            101.665452,
            3.079848
          ],
          [
            101.6651,
            3.079346
          ],
          [
            101.66445,
            3.078451
          ],
          [
            101.664392,
            3.078392
          ],
          [
            101.664304,
            3.078303
          ],
          [
            101.664201,
            3.078199
          ],
          [
            101.663674,
            3.07768
          ],
          [
            101.663413,
            3.07743
          ],
          [
            101.662881,
            3.076957
          ],
          [
            101.662821,
            3.076903
          ],
          [
            101.661926,
            3.076101
          ],
          [
            101.661587,
            3.075797
          ],
          [
            101.661257,
            3.075501
          ],
          [
            101.661151,
            3.075396
          ],
          [
            101.660817,
            3.075094
          ],
          [
            101.660604,
            3.0749
          ],
          [
            101.660422,
            3.074754
          ],
          [
            101.660376,
            3.074716
          ],
          [
            101.660084,
            3.074519
          ],
          [
            101.659973,
            3.074448
          ],
          [
            101.659597,
            3.074206
          ],
          [
            101.659465,
            3.074121
          ],
          [
            101.659379,
            3.074065
          ],
          [
            101.659229,
            3.073979
          ],
          [
            101.65915,
            3.073944
          ],
          [
            101.659053,
            3.073923
          ],
          [
            101.658597,
            3.073641
          ],
          [
            101.658453,
            3.073542
          ],
          [
            101.658257,
            3.073408
          ],
          [
            101.658137,
            3.073318
          ],
          [
            101.657956,
            3.073138
          ],
          [
            101.657859,
            3.073022
          ],
          [
            101.657738,
            3.07282
          ],
          [
            101.657683,
            3.072717
          ],
          [
            101.657409,
            3.072112
          ],
          [
            101.657378,
            3.072049
          ],
          [
            101.657236,
            3.071758
          ],
          [
            101.657218,
            3.071722
          ],
          [
            101.657141,
            3.071563
          ],
          [
            101.657012,
            3.071299
          ],
          [
            101.656952,
            3.071176
          ],
          [
            101.656923,
            3.071117
          ],
          [
            101.656889,
            3.071047
          ],
          [
            101.656803,
            3.07087
          ],
          [
            101.656774,
            3.070812
          ],
          [
            101.656698,
            3.070655
          ],
          [
            101.65666,
            3.070579
          ],
          [
            101.656592,
            3.07044
          ],
          [
            101.65649,
            3.070234
          ],
          [
            101.656447,
            3.070148
          ],
          [
            101.656381,
            3.070028
          ],
          [
            101.656309,
            3.069897
          ],
          [
            101.656232,
            3.069778
          ],
          [
            101.656114,
            3.069652
          ],
          [
            101.656008,
            3.069535
          ],
          [
            101.655808,
            3.069313
          ],
          [
            101.655502,
            3.069023
          ],
          [
            101.655414,
            3.068968
          ],
          [
            101.655268,
            3.068883
          ],
          [
            101.654726,
            3.068571
          ],
          [
            101.654545,
            3.068487
          ],
          [
            101.654463,
            3.068387
          ],
          [
            101.654087,
            3.06815
          ],
          [
            101.65384,
            3.067962
          ],
          [
            101.651308,
            3.065995
          ],
          [
            101.650849,
            3.065621
          ],
          [
            101.650545,
            3.065381
          ],
          [
            101.650491,
            3.065339
          ],
          [
            101.650224,
            3.065123
          ],
          [
            101.64999,
            3.06493
          ],
          [
            101.649735,
            3.06471
          ],
          [
            101.649188,
            3.064133
          ],
          [
            101.649114,
            3.064056
          ],
          [
            101.648788,
            3.063719
          ],
          [
            101.648493,
            3.063407
          ],
          [
            101.648272,
            3.063174
          ],
          [
            101.647275,
            3.06218
          ],
          [
            101.646901,
            3.061937
          ],
          [
            101.646829,
            3.061893
          ],
          [
            101.646759,
            3.06185
          ],
          [
            101.646258,
            3.06156
          ],
          [
            101.645768,
            3.061256
          ],
          [
            101.645368,
            3.060969
          ],
          [
            101.645075,
            3.060802
          ],
          [
            101.644284,
            3.060346
          ],
          [
            101.644218,
            3.060308
          ],
          [
            101.642795,
            3.059504
          ],
          [
            101.642487,
            3.059324
          ],
          [
            101.642268,
            3.059195
          ],
          [
            101.642095,
            3.059094
          ],
          [
            101.641604,
            3.058833
          ],
          [
            101.641552,
            3.058807
          ],
          [
            101.640881,
            3.058436
          ],
          [
            101.640695,
            3.058365
          ],
          [
            101.640358,
            3.058315
          ],
          [
            101.63996,
            3.05832
          ],
          [
            101.63979,
            3.058316
          ],
          [
            101.63963,
            3.058313
          ],
          [
            101.639456,
            3.058293
          ],
          [
            101.638662,
            3.058205
          ],
          [
            101.638366,
            3.05817
          ],
          [
            101.63815,
            3.058145
          ],
          [
            101.638109,
            3.058142
          ],
          [
            101.637377,
            3.058057
          ],
          [
            101.636557,
            3.057962
          ],
          [
            101.635361,
            3.057804
          ],
          [
            101.634905,
            3.057743
          ],
          [
            101.634678,
            3.057712
          ],
          [
            101.634443,
            3.05768
          ],
          [
            101.634157,
            3.057642
          ],
          [
            101.632819,
            3.057474
          ],
          [
            101.63224,
            3.057415
          ],
          [
            101.63098,
            3.057239
          ],
          [
            101.629912,
            3.057049
          ],
          [
            101.629025,
            3.056833
          ],
          [
            101.628618,
            3.056702
          ],
          [
            101.628405,
            3.056621
          ],
          [
            101.628182,
            3.056505
          ],
          [
            101.627865,
            3.056331
          ],
          [
            101.62728,
            3.055921
          ],
          [
            101.626692,
            3.055409
          ],
          [
            101.626208,
            3.054876
          ],
          [
            101.626021,
            3.05464
          ],
          [
            101.625831,
            3.054394
          ],
          [
            101.625617,
            3.054171
          ],
          [
            101.625404,
            3.053882
          ],
          [
            101.62509,
            3.053455
          ],
          [
            101.624611,
            3.052675
          ],
          [
            101.624351,
            3.052234
          ],
          [
            101.624253,
            3.052019
          ],
          [
            101.62406,
            3.05169
          ],
          [
            101.624023,
            3.051631
          ],
          [
            101.62399,
            3.051578
          ],
          [
            101.623814,
            3.051297
          ],
          [
            101.623656,
            3.051059
          ],
          [
            101.623512,
            3.050851
          ],
          [
            101.62259,
            3.049692
          ],
          [
            101.622487,
            3.049555
          ],
          [
            101.62232,
            3.04934
          ],
          [
            101.622088,
            3.049
          ],
          [
            101.621919,
            3.048741
          ],
          [
            101.62165,
            3.048328
          ],
          [
            101.621077,
            3.047165
          ],
          [
            101.620532,
            3.046137
          ],
          [
            101.620503,
            3.046081
          ],
          [
            101.620342,
            3.045772
          ],
          [
            101.620316,
            3.045725
          ],
          [
            101.620213,
            3.045511
          ],
          [
            101.620115,
            3.045319
          ],
          [
            101.61992,
            3.044976
          ],
          [
            101.619835,
            3.044827
          ],
          [
            101.619722,
            3.044627
          ],
          [
            101.619576,
            3.044366
          ],
          [
            101.6195,
            3.04425
          ],
          [
            101.61933,
            3.044071
          ],
          [
            101.619191,
            3.043758
          ],
          [
            101.61909,
            3.043512
          ],
          [
            101.618976,
            3.043193
          ],
          [
            101.618877,
            3.042907
          ],
          [
            101.618813,
            3.04268
          ],
          [
            101.618774,
            3.042538
          ],
          [
            101.618682,
            3.042187
          ],
          [
            101.618478,
            3.041336
          ],
          [
            101.618457,
            3.041233
          ],
          [
            101.618387,
            3.040893
          ],
          [
            101.618273,
            3.040351
          ],
          [
            101.618197,
            3.040012
          ],
          [
            101.61807,
            3.03948
          ],
          [
            101.617895,
            3.038979
          ],
          [
            101.617837,
            3.038735
          ],
          [
            101.617696,
            3.038152
          ],
          [
            101.61764,
            3.037927
          ],
          [
            101.617578,
            3.03765
          ],
          [
            101.617507,
            3.037304
          ],
          [
            101.61746,
            3.037071
          ],
          [
            101.617021,
            3.034958
          ],
          [
            101.616902,
            3.034503
          ],
          [
            101.616835,
            3.034234
          ],
          [
            101.616754,
            3.033977
          ],
          [
            101.616655,
            3.033722
          ],
          [
            101.616204,
            3.032691
          ],
          [
            101.615943,
            3.032079
          ],
          [
            101.615604,
            3.031332
          ],
          [
            101.615493,
            3.031041
          ],
          [
            101.615426,
            3.030823
          ],
          [
            101.615375,
            3.030627
          ],
          [
            101.615317,
            3.030372
          ],
          [
            101.615254,
            3.029996
          ],
          [
            101.615148,
            3.029349
          ],
          [
            101.615069,
            3.028891
          ],
          [
            101.615067,
            3.02888
          ],
          [
            101.615038,
            3.028701
          ],
          [
            101.614994,
            3.028391
          ],
          [
            101.614973,
            3.028273
          ],
          [
            101.614012,
            3.022889
          ],
          [
            101.614043,
            3.022782
          ],
          [
            101.614017,
            3.022604
          ],
          [
            101.61395,
            3.022177
          ],
          [
            101.613943,
            3.021981
          ],
          [
            101.613899,
            3.02179
          ],
          [
            101.613791,
            3.021269
          ],
          [
            101.613769,
            3.02118
          ],
          [
            101.613732,
            3.021057
          ],
          [
            101.613679,
            3.020912
          ],
          [
            101.613619,
            3.020789
          ],
          [
            101.613618,
            3.02072
          ],
          [
            101.613603,
            3.020636
          ],
          [
            101.61358,
            3.020552
          ],
          [
            101.613441,
            3.019994
          ],
          [
            101.613419,
            3.019903
          ],
          [
            101.613385,
            3.019752
          ],
          [
            101.613348,
            3.019585
          ],
          [
            101.613324,
            3.019425
          ],
          [
            101.613215,
            3.018839
          ],
          [
            101.61312,
            3.018347
          ],
          [
            101.613084,
            3.018075
          ],
          [
            101.613058,
            3.017927
          ],
          [
            101.613034,
            3.017793
          ],
          [
            101.613004,
            3.017634
          ],
          [
            101.612996,
            3.017586
          ],
          [
            101.612966,
            3.017427
          ],
          [
            101.6129,
            3.017056
          ],
          [
            101.612799,
            3.016487
          ],
          [
            101.612722,
            3.016089
          ],
          [
            101.612624,
            3.015597
          ],
          [
            101.612584,
            3.015394
          ],
          [
            101.612457,
            3.01472
          ],
          [
            101.612329,
            3.014104
          ],
          [
            101.612318,
            3.014021
          ],
          [
            101.612318,
            3.013954
          ],
          [
            101.612326,
            3.013908
          ],
          [
            101.612342,
            3.013849
          ],
          [
            101.612372,
            3.013788
          ],
          [
            101.612525,
            3.013533
          ],
          [
            101.612667,
            3.013295
          ],
          [
            101.612815,
            3.013016
          ],
          [
            101.613122,
            3.012371
          ],
          [
            101.613295,
            3.012007
          ],
          [
            101.613329,
            3.011929
          ],
          [
            101.613234,
            3.01188
          ],
          [
            101.612961,
            3.011756
          ],
          [
            101.612802,
            3.011684
          ],
          [
            101.612654,
            3.011579
          ],
          [
            101.612519,
            3.011448
          ],
          [
            101.612401,
            3.011242
          ],
          [
            101.612276,
            3.011011
          ],
          [
            101.611866,
            3.010257
          ],
          [
            101.611805,
            3.010177
          ],
          [
            101.61171,
            3.010094
          ],
          [
            101.611616,
            3.010042
          ],
          [
            101.611507,
            3.010018
          ],
          [
            101.611352,
            3.009991
          ],
          [
            101.611263,
            3.009982
          ],
          [
            101.611124,
            3.009972
          ],
          [
            101.611021,
            3.009967
          ],
          [
            101.610807,
            3.009955
          ],
          [
            101.609647,
            3.009956
          ],
          [
            101.609407,
            3.009944
          ],
          [
            101.609136,
            3.00989
          ],
          [
            101.608963,
            3.009851
          ],
          [
            101.608783,
            3.009759
          ],
          [
            101.608562,
            3.009595
          ],
          [
            101.608373,
            3.009412
          ],
          [
            101.607672,
            3.008696
          ],
          [
            101.607541,
            3.00855
          ],
          [
            101.607419,
            3.008437
          ],
          [
            101.607361,
            3.008384
          ],
          [
            101.607172,
            3.008197
          ],
          [
            101.607003,
            3.008068
          ],
          [
            101.606758,
            3.007907
          ],
          [
            101.606531,
            3.007823
          ],
          [
            101.606424,
            3.007797
          ],
          [
            101.606286,
            3.007764
          ],
          [
            101.605891,
            3.007746
          ],
          [
            101.605736,
            3.007745
          ],
          [
            101.605667,
            3.007744
          ],
          [
            101.605508,
            3.007742
          ],
          [
            101.605256,
            3.00774
          ],
          [
            101.605114,
            3.007738
          ],
          [
            101.604768,
            3.007734
          ],
          [
            101.604725,
            3.007734
          ],
          [
            101.604639,
            3.00768
          ],
          [
            101.604587,
            3.007624
          ],
          [
            101.60453,
            3.00757
          ],
          [
            101.604437,
            3.007459
          ],
          [
            101.604406,
            3.007178
          ],
          [
            101.604419,
            3.006849
          ],
          [
            101.604416,
            3.006157
          ],
          [
            101.604413,
            3.005873
          ],
          [
            101.604408,
            3.005511
          ],
          [
            101.60442,
            3.00447
          ],
          [
            101.604413,
            3.004247
          ],
          [
            101.604413,
            3.004185
          ],
          [
            101.604421,
            3.004153
          ],
          [
            101.604422,
            3.004131
          ],
          [
            101.6044,
            3.004043
          ],
          [
            101.604369,
            3.003964
          ],
          [
            101.604318,
            3.003851
          ],
          [
            101.604219,
            3.00371
          ],
          [
            101.604164,
            3.003645
          ],
          [
            101.604097,
            3.003585
          ],
          [
            101.604136,
            3.003518
          ],
          [
            101.604179,
            3.003453
          ],
          [
            101.604231,
            3.003411
          ]
        ]
      }
    },
    {
      "type": "Feature",
      "properties": {
        "route_id": "MY-04",
        "route_name": "KL Monorail",
        "route_type": "TRAIN",
        "route_ref": "MONO",
        "origin_name": "Origin",
        "destination_name": "Destination",
        "region": "Other",
        "province": "Other"
      },
      "geometry": {
        "type": "LineString",
        "coordinates": [
          [
            101.685524,
            3.133759
          ],
          [
            101.685766,
            3.133351
          ],
          [
            101.685841,
            3.133236
          ],
          [
            101.685898,
            3.133206
          ],
          [
            101.686252,
            3.133397
          ],
          [
            101.686369,
            3.133432
          ],
          [
            101.686418,
            3.133459
          ],
          [
            101.686609,
            3.133565
          ],
          [
            101.686673,
            3.133602
          ],
          [
            101.686745,
            3.133641
          ],
          [
            101.686814,
            3.133678
          ],
          [
            101.686852,
            3.133699
          ],
          [
            101.686924,
            3.13374
          ],
          [
            101.687588,
            3.134127
          ],
          [
            101.687782,
            3.134249
          ],
          [
            101.687834,
            3.134319
          ],
          [
            101.687843,
            3.134338
          ],
          [
            101.687888,
            3.134451
          ],
          [
            101.687905,
            3.134553
          ],
          [
            101.687903,
            3.134677
          ],
          [
            101.687855,
            3.13479
          ],
          [
            101.687739,
            3.134944
          ],
          [
            101.687366,
            3.135579
          ],
          [
            101.687314,
            3.135668
          ],
          [
            101.687161,
            3.135935
          ],
          [
            101.687143,
            3.136003
          ],
          [
            101.687149,
            3.136073
          ],
          [
            101.687178,
            3.136134
          ],
          [
            101.687542,
            3.136395
          ],
          [
            101.687595,
            3.136417
          ],
          [
            101.687693,
            3.136457
          ],
          [
            101.687979,
            3.136497
          ],
          [
            101.688328,
            3.136519
          ],
          [
            101.689,
            3.136526
          ],
          [
            101.689163,
            3.136541
          ],
          [
            101.689279,
            3.136544
          ],
          [
            101.689358,
            3.136538
          ],
          [
            101.689396,
            3.136531
          ],
          [
            101.689438,
            3.136523
          ],
          [
            101.689486,
            3.136514
          ],
          [
            101.689512,
            3.136504
          ],
          [
            101.689558,
            3.136482
          ],
          [
            101.689591,
            3.136464
          ],
          [
            101.689663,
            3.136428
          ],
          [
            101.689754,
            3.136385
          ],
          [
            101.689838,
            3.136364
          ],
          [
            101.689915,
            3.136361
          ],
          [
            101.689978,
            3.136365
          ],
          [
            101.690032,
            3.136378
          ],
          [
            101.690392,
            3.136551
          ],
          [
            101.690633,
            3.136714
          ],
          [
            101.690683,
            3.136796
          ],
          [
            101.690691,
            3.13691
          ],
          [
            101.690658,
            3.137
          ],
          [
            101.690614,
            3.137072
          ],
          [
            101.690542,
            3.137157
          ],
          [
            101.690241,
            3.13748
          ],
          [
            101.689842,
            3.13784
          ],
          [
            101.689636,
            3.138079
          ],
          [
            101.689387,
            3.138185
          ],
          [
            101.689045,
            3.138329
          ],
          [
            101.688751,
            3.138437
          ],
          [
            101.688413,
            3.138519
          ],
          [
            101.688306,
            3.138539
          ],
          [
            101.688025,
            3.13858
          ],
          [
            101.687838,
            3.1386
          ],
          [
            101.687683,
            3.138606
          ],
          [
            101.687449,
            3.138611
          ],
          [
            101.687335,
            3.138609
          ],
          [
            101.687144,
            3.138609
          ],
          [
            101.68668,
            3.138589
          ],
          [
            101.685265,
            3.138521
          ],
          [
            101.684883,
            3.138489
          ],
          [
            101.684513,
            3.138512
          ],
          [
            101.6842,
            3.13855
          ],
          [
            101.68369,
            3.13864
          ],
          [
            101.683468,
            3.138673
          ],
          [
            101.683161,
            3.138749
          ],
          [
            101.682877,
            3.138853
          ],
          [
            101.682735,
            3.138919
          ],
          [
            101.682531,
            3.139021
          ],
          [
            101.682217,
            3.139188
          ],
          [
            101.681921,
            3.139387
          ],
          [
            101.681354,
            3.139827
          ],
          [
            101.680147,
            3.141011
          ],
          [
            101.679763,
            3.141386
          ],
          [
            101.67955,
            3.14162
          ],
          [
            101.679177,
            3.142085
          ],
          [
            101.679046,
            3.142278
          ],
          [
            101.678955,
            3.142422
          ],
          [
            101.678849,
            3.142605
          ],
          [
            101.678715,
            3.142876
          ],
          [
            101.678544,
            3.143328
          ],
          [
            101.678463,
            3.143591
          ],
          [
            101.678438,
            3.143747
          ],
          [
            101.678413,
            3.143903
          ],
          [
            101.678409,
            3.143992
          ],
          [
            101.678403,
            3.144137
          ],
          [
            101.678411,
            3.144299
          ],
          [
            101.67843,
            3.144468
          ],
          [
            101.678479,
            3.144679
          ],
          [
            101.678548,
            3.144901
          ],
          [
            101.678625,
            3.145083
          ],
          [
            101.678825,
            3.145433
          ],
          [
            101.678906,
            3.145537
          ],
          [
            101.67902,
            3.145683
          ],
          [
            101.679451,
            3.146133
          ],
          [
            101.679886,
            3.146587
          ],
          [
            101.680206,
            3.146921
          ],
          [
            101.680428,
            3.147169
          ],
          [
            101.680698,
            3.147435
          ],
          [
            101.68084,
            3.147619
          ],
          [
            101.680963,
            3.147815
          ],
          [
            101.681144,
            3.148173
          ],
          [
            101.68132,
            3.148594
          ],
          [
            101.681383,
            3.148816
          ],
          [
            101.681424,
            3.149057
          ],
          [
            101.681435,
            3.149225
          ],
          [
            101.681432,
            3.149397
          ],
          [
            101.681427,
            3.14955
          ],
          [
            101.681408,
            3.149661
          ],
          [
            101.681381,
            3.149769
          ],
          [
            101.681317,
            3.14998
          ],
          [
            101.681244,
            3.150191
          ],
          [
            101.681156,
            3.150387
          ],
          [
            101.681065,
            3.150563
          ],
          [
            101.680878,
            3.150901
          ],
          [
            101.680686,
            3.151248
          ],
          [
            101.680612,
            3.15142
          ],
          [
            101.680534,
            3.151603
          ],
          [
            101.680453,
            3.151848
          ],
          [
            101.680394,
            3.152094
          ],
          [
            101.680319,
            3.152599
          ],
          [
            101.680299,
            3.152837
          ],
          [
            101.680291,
            3.153089
          ],
          [
            101.680294,
            3.153284
          ],
          [
            101.680318,
            3.153554
          ],
          [
            101.680352,
            3.153753
          ],
          [
            101.680401,
            3.154027
          ],
          [
            101.680505,
            3.15444
          ],
          [
            101.680609,
            3.154876
          ],
          [
            101.680679,
            3.155171
          ],
          [
            101.680711,
            3.155343
          ],
          [
            101.680736,
            3.155515
          ],
          [
            101.680824,
            3.156441
          ],
          [
            101.680915,
            3.157045
          ],
          [
            101.681034,
            3.157511
          ],
          [
            101.681159,
            3.1579
          ],
          [
            101.681256,
            3.158127
          ],
          [
            101.681419,
            3.158496
          ],
          [
            101.681569,
            3.158767
          ],
          [
            101.681718,
            3.159007
          ],
          [
            101.681885,
            3.159192
          ],
          [
            101.682058,
            3.15938
          ],
          [
            101.682179,
            3.159479
          ],
          [
            101.682295,
            3.159563
          ],
          [
            101.68241,
            3.159644
          ],
          [
            101.682529,
            3.159715
          ],
          [
            101.682725,
            3.159816
          ],
          [
            101.6829,
            3.159896
          ],
          [
            101.683258,
            3.160016
          ],
          [
            101.683654,
            3.160143
          ],
          [
            101.683872,
            3.160209
          ],
          [
            101.684032,
            3.160266
          ],
          [
            101.684237,
            3.160361
          ],
          [
            101.684404,
            3.160457
          ],
          [
            101.684564,
            3.160572
          ],
          [
            101.684731,
            3.160708
          ],
          [
            101.684891,
            3.160878
          ],
          [
            101.685007,
            3.161004
          ],
          [
            101.685108,
            3.161155
          ],
          [
            101.685199,
            3.161339
          ],
          [
            101.685285,
            3.161543
          ],
          [
            101.685334,
            3.161714
          ],
          [
            101.685361,
            3.161891
          ],
          [
            101.685384,
            3.162027
          ],
          [
            101.685392,
            3.162168
          ],
          [
            101.685385,
            3.162446
          ],
          [
            101.685369,
            3.162753
          ],
          [
            101.68534,
            3.163057
          ],
          [
            101.685272,
            3.163661
          ],
          [
            101.685255,
            3.164116
          ],
          [
            101.685261,
            3.164354
          ],
          [
            101.685271,
            3.16454
          ],
          [
            101.685319,
            3.164786
          ],
          [
            101.685338,
            3.164892
          ],
          [
            101.68537,
            3.165014
          ],
          [
            101.685403,
            3.165121
          ],
          [
            101.68544,
            3.165256
          ],
          [
            101.685527,
            3.165465
          ],
          [
            101.685642,
            3.165679
          ],
          [
            101.685883,
            3.166061
          ],
          [
            101.685958,
            3.166143
          ],
          [
            101.686013,
            3.16621
          ],
          [
            101.686131,
            3.166337
          ],
          [
            101.686295,
            3.166515
          ],
          [
            101.68637,
            3.16659
          ],
          [
            101.686458,
            3.166671
          ],
          [
            101.686594,
            3.166784
          ],
          [
            101.68674,
            3.166895
          ],
          [
            101.687092,
            3.167119
          ],
          [
            101.687786,
            3.167524
          ],
          [
            101.688878,
            3.168152
          ],
          [
            101.689181,
            3.168317
          ],
          [
            101.689321,
            3.168404
          ],
          [
            101.689452,
            3.1685
          ],
          [
            101.689587,
            3.168596
          ],
          [
            101.689708,
            3.168696
          ],
          [
            101.689825,
            3.168796
          ],
          [
            101.689941,
            3.168906
          ],
          [
            101.690127,
            3.169097
          ],
          [
            101.6904,
            3.169379
          ],
          [
            101.690651,
            3.169639
          ],
          [
            101.690695,
            3.169684
          ],
          [
            101.691011,
            3.170036
          ],
          [
            101.691131,
            3.170165
          ],
          [
            101.691288,
            3.170351
          ],
          [
            101.691358,
            3.170439
          ],
          [
            101.691415,
            3.17051
          ],
          [
            101.691454,
            3.17056
          ],
          [
            101.692095,
            3.171267
          ],
          [
            101.692529,
            3.171671
          ],
          [
            101.692912,
            3.171961
          ],
          [
            101.693126,
            3.172095
          ],
          [
            101.69326,
            3.172172
          ],
          [
            101.693426,
            3.172263
          ],
          [
            101.69367,
            3.172375
          ],
          [
            101.694571,
            3.172727
          ],
          [
            101.694921,
            3.172862
          ],
          [
            101.694994,
            3.172895
          ],
          [
            101.695288,
            3.173027
          ],
          [
            101.695468,
            3.173112
          ],
          [
            101.695565,
            3.173158
          ],
          [
            101.695814,
            3.173265
          ],
          [
            101.696027,
            3.17336
          ],
          [
            101.696053,
            3.173371
          ],
          [
            101.696365,
            3.173497
          ],
          [
            101.696449,
            3.173531
          ],
          [
            101.696988,
            3.173707
          ],
          [
            101.697541,
            3.174018
          ],
          [
            101.697858,
            3.174162
          ],
          [
            101.698252,
            3.174296
          ],
          [
            101.698819,
            3.174404
          ],
          [
            101.699263,
            3.17452
          ],
          [
            101.699332,
            3.174575
          ],
          [
            101.69943,
            3.174638
          ],
          [
            101.69956,
            3.174698
          ],
          [
            101.699673,
            3.174698
          ],
          [
            101.699795,
            3.174669
          ],
          [
            101.699889,
            3.174629
          ],
          [
            101.699964,
            3.174572
          ],
          [
            101.70004,
            3.174475
          ],
          [
            101.700082,
            3.174393
          ],
          [
            101.700112,
            3.174314
          ],
          [
            101.70012,
            3.174234
          ],
          [
            101.700112,
            3.174153
          ],
          [
            101.700085,
            3.174064
          ],
          [
            101.700053,
            3.173976
          ],
          [
            101.699962,
            3.173859
          ],
          [
            101.69981,
            3.173774
          ],
          [
            101.699714,
            3.173745
          ],
          [
            101.69962,
            3.173656
          ],
          [
            101.699523,
            3.173528
          ],
          [
            101.699475,
            3.173443
          ],
          [
            101.699334,
            3.173129
          ],
          [
            101.699192,
            3.172729
          ],
          [
            101.699129,
            3.172499
          ],
          [
            101.699065,
            3.172295
          ],
          [
            101.699026,
            3.172137
          ],
          [
            101.698948,
            3.171861
          ],
          [
            101.698889,
            3.171687
          ],
          [
            101.69881,
            3.171371
          ],
          [
            101.698597,
            3.17064
          ],
          [
            101.698567,
            3.17055
          ],
          [
            101.698538,
            3.170418
          ],
          [
            101.698506,
            3.170292
          ],
          [
            101.698483,
            3.170094
          ],
          [
            101.698484,
            3.169928
          ],
          [
            101.698484,
            3.169695
          ],
          [
            101.698481,
            3.169293
          ],
          [
            101.698484,
            3.168084
          ],
          [
            101.698481,
            3.167959
          ],
          [
            101.698481,
            3.167816
          ],
          [
            101.698476,
            3.167759
          ],
          [
            101.698463,
            3.167482
          ],
          [
            101.69846,
            3.167402
          ],
          [
            101.698455,
            3.167322
          ],
          [
            101.698418,
            3.167334
          ],
          [
            101.698394,
            3.167351
          ],
          [
            101.698372,
            3.167379
          ],
          [
            101.698362,
            3.167407
          ],
          [
            101.698363,
            3.167433
          ],
          [
            101.698364,
            3.167489
          ],
          [
            101.698377,
            3.167948
          ],
          [
            101.698372,
            3.168203
          ],
          [
            101.698369,
            3.168323
          ],
          [
            101.698365,
            3.168509
          ],
          [
            101.698364,
            3.168631
          ],
          [
            101.698361,
            3.168818
          ],
          [
            101.69836,
            3.169034
          ],
          [
            101.698359,
            3.169304
          ],
          [
            101.69831,
            3.169303
          ],
          [
            101.698099,
            3.169301
          ]
        ]
      }
    },
    {
      "type": "Feature",
      "properties": {
        "route_id": "MY-05",
        "route_name": "GoKL City Bus - Green Line",
        "route_type": "BUS",
        "route_ref": "GOKL-G",
        "origin_name": "Origin",
        "destination_name": "Destination",
        "region": "Other",
        "province": "Other"
      },
      "geometry": {
        "type": "LineString",
        "coordinates": [
          [
            101.711043,
            3.158065
          ],
          [
            101.711048,
            3.158057
          ],
          [
            101.711048,
            3.157949
          ],
          [
            101.711044,
            3.157849
          ],
          [
            101.711018,
            3.15735
          ],
          [
            101.711008,
            3.157259
          ],
          [
            101.711007,
            3.157183
          ],
          [
            101.711006,
            3.157102
          ],
          [
            101.711007,
            3.15708
          ],
          [
            101.711007,
            3.15707
          ],
          [
            101.711007,
            3.157013
          ],
          [
            101.710996,
            3.156678
          ],
          [
            101.710995,
            3.156556
          ],
          [
            101.710994,
            3.156331
          ],
          [
            101.711031,
            3.156207
          ],
          [
            101.711033,
            3.156076
          ],
          [
            101.711034,
            3.155873
          ],
          [
            101.710969,
            3.155737
          ],
          [
            101.710953,
            3.155679
          ],
          [
            101.710893,
            3.155175
          ],
          [
            101.710889,
            3.155112
          ],
          [
            101.71088,
            3.154975
          ],
          [
            101.710994,
            3.154799
          ],
          [
            101.711042,
            3.15473
          ],
          [
            101.711068,
            3.154695
          ],
          [
            101.711123,
            3.15462
          ],
          [
            101.711128,
            3.154613
          ],
          [
            101.711518,
            3.154076
          ],
          [
            101.711573,
            3.153985
          ],
          [
            101.711592,
            3.153956
          ],
          [
            101.711654,
            3.153849
          ],
          [
            101.711683,
            3.153791
          ],
          [
            101.711842,
            3.15345
          ],
          [
            101.711879,
            3.153382
          ],
          [
            101.711952,
            3.153247
          ],
          [
            101.712025,
            3.153183
          ],
          [
            101.712053,
            3.153165
          ],
          [
            101.712118,
            3.153127
          ],
          [
            101.712211,
            3.153084
          ],
          [
            101.712314,
            3.153035
          ],
          [
            101.71236,
            3.153014
          ],
          [
            101.712472,
            3.152969
          ],
          [
            101.71258,
            3.152923
          ],
          [
            101.712623,
            3.152904
          ],
          [
            101.712921,
            3.152864
          ],
          [
            101.713087,
            3.152842
          ],
          [
            101.713416,
            3.152825
          ],
          [
            101.713466,
            3.152808
          ],
          [
            101.713496,
            3.15279
          ],
          [
            101.713528,
            3.152757
          ],
          [
            101.713542,
            3.152732
          ],
          [
            101.713541,
            3.152692
          ],
          [
            101.713531,
            3.152648
          ],
          [
            101.713469,
            3.152438
          ],
          [
            101.713389,
            3.152285
          ],
          [
            101.713315,
            3.152146
          ],
          [
            101.713224,
            3.151955
          ],
          [
            101.713171,
            3.151851
          ],
          [
            101.713117,
            3.151746
          ],
          [
            101.713086,
            3.151689
          ],
          [
            101.713061,
            3.151635
          ],
          [
            101.712845,
            3.151163
          ],
          [
            101.712767,
            3.150994
          ],
          [
            101.712678,
            3.150807
          ],
          [
            101.71262,
            3.150627
          ],
          [
            101.712624,
            3.150588
          ],
          [
            101.712641,
            3.150521
          ],
          [
            101.712663,
            3.150473
          ],
          [
            101.712699,
            3.150421
          ],
          [
            101.712922,
            3.150157
          ],
          [
            101.713122,
            3.150096
          ],
          [
            101.713225,
            3.150059
          ],
          [
            101.713311,
            3.150019
          ],
          [
            101.713379,
            3.149985
          ],
          [
            101.713449,
            3.149951
          ],
          [
            101.713721,
            3.149818
          ],
          [
            101.713808,
            3.149769
          ],
          [
            101.713842,
            3.14975
          ],
          [
            101.713927,
            3.14969
          ],
          [
            101.714123,
            3.149599
          ],
          [
            101.714227,
            3.149551
          ],
          [
            101.714333,
            3.149488
          ],
          [
            101.715702,
            3.148622
          ],
          [
            101.715778,
            3.148573
          ],
          [
            101.715949,
            3.148493
          ],
          [
            101.716103,
            3.14842
          ],
          [
            101.716428,
            3.148293
          ],
          [
            101.716486,
            3.148241
          ],
          [
            101.716512,
            3.148215
          ],
          [
            101.716532,
            3.148193
          ],
          [
            101.716535,
            3.148181
          ],
          [
            101.716539,
            3.148168
          ],
          [
            101.716548,
            3.148131
          ],
          [
            101.716532,
            3.148082
          ],
          [
            101.716462,
            3.147919
          ],
          [
            101.716113,
            3.147379
          ],
          [
            101.716002,
            3.147207
          ],
          [
            101.715978,
            3.14717
          ],
          [
            101.715837,
            3.146953
          ],
          [
            101.715789,
            3.146878
          ],
          [
            101.71557,
            3.14654
          ],
          [
            101.715521,
            3.146463
          ],
          [
            101.715449,
            3.146352
          ],
          [
            101.71538,
            3.146249
          ],
          [
            101.715365,
            3.146222
          ],
          [
            101.715183,
            3.145941
          ],
          [
            101.715158,
            3.145902
          ],
          [
            101.715081,
            3.145783
          ],
          [
            101.715065,
            3.145759
          ],
          [
            101.715023,
            3.145694
          ],
          [
            101.714942,
            3.1456
          ],
          [
            101.714791,
            3.145457
          ],
          [
            101.714676,
            3.14535
          ],
          [
            101.714136,
            3.144876
          ],
          [
            101.713909,
            3.144687
          ],
          [
            101.713835,
            3.144625
          ],
          [
            101.713451,
            3.144307
          ],
          [
            101.71339,
            3.144251
          ],
          [
            101.712967,
            3.143904
          ],
          [
            101.712941,
            3.143883
          ],
          [
            101.712831,
            3.143789
          ],
          [
            101.712527,
            3.143527
          ],
          [
            101.712422,
            3.143437
          ],
          [
            101.712307,
            3.143378
          ],
          [
            101.712254,
            3.143505
          ],
          [
            101.712209,
            3.143611
          ],
          [
            101.712175,
            3.1437
          ],
          [
            101.712081,
            3.143898
          ],
          [
            101.711944,
            3.144316
          ],
          [
            101.71186,
            3.144563
          ],
          [
            101.711658,
            3.14521
          ],
          [
            101.711505,
            3.145697
          ],
          [
            101.711499,
            3.145715
          ],
          [
            101.711428,
            3.145942
          ],
          [
            101.711365,
            3.146172
          ]
        ]
      }
    },
    {
      "type": "Feature",
      "properties": {
        "route_id": "MY-06",
        "route_name": "GoKL City Bus - Purple Line",
        "route_type": "BUS",
        "route_ref": "GOKL-P",
        "origin_name": "Origin",
        "destination_name": "Destination",
        "region": "Other",
        "province": "Other"
      },
      "geometry": {
        "type": "LineString",
        "coordinates": [
          [
            101.698037,
            3.141097
          ],
          [
            101.698032,
            3.14119
          ],
          [
            101.698029,
            3.14124
          ],
          [
            101.698003,
            3.141518
          ],
          [
            101.697906,
            3.142418
          ],
          [
            101.697905,
            3.142446
          ],
          [
            101.697898,
            3.142492
          ],
          [
            101.697826,
            3.142494
          ],
          [
            101.697504,
            3.142537
          ],
          [
            101.69741,
            3.142549
          ],
          [
            101.697361,
            3.142555
          ],
          [
            101.697172,
            3.142577
          ],
          [
            101.696843,
            3.142617
          ],
          [
            101.696581,
            3.142651
          ],
          [
            101.696494,
            3.142663
          ],
          [
            101.696412,
            3.14267
          ],
          [
            101.696095,
            3.142711
          ],
          [
            101.695957,
            3.142723
          ],
          [
            101.695916,
            3.142734
          ],
          [
            101.695887,
            3.142747
          ],
          [
            101.695866,
            3.142767
          ],
          [
            101.695852,
            3.142792
          ],
          [
            101.695844,
            3.142816
          ],
          [
            101.695837,
            3.142848
          ],
          [
            101.695835,
            3.142858
          ],
          [
            101.695812,
            3.143007
          ],
          [
            101.695796,
            3.14311
          ],
          [
            101.695777,
            3.14323
          ],
          [
            101.695749,
            3.143412
          ],
          [
            101.69574,
            3.14355
          ],
          [
            101.695736,
            3.143678
          ],
          [
            101.695735,
            3.143751
          ],
          [
            101.695728,
            3.144
          ],
          [
            101.695729,
            3.144095
          ],
          [
            101.695728,
            3.144125
          ],
          [
            101.69573,
            3.144173
          ],
          [
            101.695746,
            3.144398
          ],
          [
            101.695748,
            3.14446
          ],
          [
            101.69576,
            3.144573
          ],
          [
            101.695767,
            3.144693
          ],
          [
            101.695855,
            3.144765
          ],
          [
            101.695978,
            3.144853
          ],
          [
            101.696223,
            3.145011
          ],
          [
            101.696328,
            3.145062
          ],
          [
            101.696531,
            3.145142
          ],
          [
            101.696665,
            3.145191
          ],
          [
            101.696787,
            3.145226
          ],
          [
            101.696974,
            3.14527
          ],
          [
            101.697258,
            3.145335
          ],
          [
            101.697404,
            3.145356
          ],
          [
            101.697331,
            3.145473
          ],
          [
            101.69729,
            3.145525
          ],
          [
            101.69717,
            3.145692
          ],
          [
            101.697026,
            3.145905
          ],
          [
            101.696969,
            3.145988
          ],
          [
            101.696856,
            3.146107
          ],
          [
            101.696808,
            3.146158
          ],
          [
            101.696755,
            3.146225
          ],
          [
            101.696712,
            3.146296
          ],
          [
            101.696671,
            3.146375
          ],
          [
            101.69663,
            3.146465
          ],
          [
            101.696602,
            3.146538
          ],
          [
            101.696579,
            3.146615
          ],
          [
            101.696564,
            3.146657
          ],
          [
            101.69655,
            3.146698
          ],
          [
            101.696557,
            3.14681
          ],
          [
            101.696619,
            3.14681
          ],
          [
            101.696649,
            3.146817
          ],
          [
            101.696673,
            3.146823
          ],
          [
            101.696856,
            3.146873
          ],
          [
            101.696876,
            3.146879
          ],
          [
            101.696944,
            3.146902
          ],
          [
            101.697029,
            3.146937
          ],
          [
            101.697067,
            3.146961
          ],
          [
            101.697097,
            3.146989
          ],
          [
            101.697176,
            3.147083
          ],
          [
            101.69724,
            3.147159
          ],
          [
            101.697379,
            3.147338
          ],
          [
            101.697532,
            3.147535
          ],
          [
            101.697581,
            3.147591
          ],
          [
            101.697607,
            3.147622
          ],
          [
            101.697759,
            3.147803
          ],
          [
            101.697772,
            3.147818
          ],
          [
            101.697816,
            3.147869
          ],
          [
            101.697872,
            3.147933
          ],
          [
            101.697918,
            3.147981
          ],
          [
            101.698158,
            3.148244
          ],
          [
            101.698235,
            3.148334
          ],
          [
            101.698329,
            3.148448
          ],
          [
            101.698373,
            3.148462
          ],
          [
            101.69839,
            3.148467
          ],
          [
            101.698401,
            3.148467
          ],
          [
            101.698414,
            3.148465
          ],
          [
            101.698426,
            3.148457
          ],
          [
            101.69866,
            3.14827
          ],
          [
            101.698675,
            3.148261
          ],
          [
            101.698686,
            3.148258
          ],
          [
            101.698707,
            3.148258
          ],
          [
            101.69873,
            3.148261
          ],
          [
            101.698762,
            3.148269
          ],
          [
            101.698785,
            3.14828
          ],
          [
            101.698831,
            3.148301
          ],
          [
            101.698877,
            3.148336
          ],
          [
            101.69893,
            3.148375
          ],
          [
            101.699146,
            3.148513
          ],
          [
            101.69924,
            3.148567
          ],
          [
            101.699323,
            3.148613
          ],
          [
            101.699368,
            3.14863
          ],
          [
            101.699416,
            3.148647
          ],
          [
            101.699543,
            3.148686
          ],
          [
            101.699626,
            3.148711
          ],
          [
            101.699709,
            3.148735
          ],
          [
            101.699837,
            3.148765
          ],
          [
            101.70037,
            3.148883
          ],
          [
            101.700756,
            3.148973
          ],
          [
            101.701105,
            3.149072
          ],
          [
            101.701199,
            3.149093
          ],
          [
            101.701333,
            3.14914
          ],
          [
            101.701415,
            3.149168
          ],
          [
            101.701554,
            3.149227
          ],
          [
            101.701626,
            3.149257
          ],
          [
            101.701943,
            3.149396
          ],
          [
            101.702064,
            3.14946
          ],
          [
            101.702202,
            3.149549
          ],
          [
            101.702238,
            3.14957
          ],
          [
            101.702768,
            3.149895
          ],
          [
            101.702904,
            3.149956
          ],
          [
            101.70302,
            3.15
          ],
          [
            101.703161,
            3.150043
          ],
          [
            101.70321,
            3.150054
          ],
          [
            101.703438,
            3.150094
          ],
          [
            101.703686,
            3.150131
          ],
          [
            101.704725,
            3.150259
          ],
          [
            101.705044,
            3.150302
          ],
          [
            101.705134,
            3.150316
          ],
          [
            101.705645,
            3.150421
          ],
          [
            101.706158,
            3.150611
          ],
          [
            101.706433,
            3.150697
          ],
          [
            101.706487,
            3.150712
          ],
          [
            101.706595,
            3.150733
          ],
          [
            101.706689,
            3.150752
          ],
          [
            101.706716,
            3.150757
          ],
          [
            101.706783,
            3.15073
          ],
          [
            101.706793,
            3.150731
          ],
          [
            101.706926,
            3.15074
          ],
          [
            101.707022,
            3.150738
          ],
          [
            101.70712,
            3.150733
          ],
          [
            101.707172,
            3.150724
          ],
          [
            101.707319,
            3.150695
          ],
          [
            101.707441,
            3.150671
          ],
          [
            101.707505,
            3.150658
          ],
          [
            101.707657,
            3.150629
          ],
          [
            101.707732,
            3.150614
          ],
          [
            101.707752,
            3.15061
          ],
          [
            101.707819,
            3.150596
          ],
          [
            101.707908,
            3.150579
          ],
          [
            101.707981,
            3.150564
          ],
          [
            101.708218,
            3.150517
          ],
          [
            101.708236,
            3.150514
          ],
          [
            101.708291,
            3.150503
          ],
          [
            101.708371,
            3.150488
          ],
          [
            101.708411,
            3.150506
          ],
          [
            101.70866,
            3.150447
          ],
          [
            101.70882,
            3.150408
          ],
          [
            101.708885,
            3.150392
          ],
          [
            101.70903,
            3.150356
          ],
          [
            101.709449,
            3.150249
          ],
          [
            101.709566,
            3.150217
          ],
          [
            101.70976,
            3.15017
          ],
          [
            101.709784,
            3.150166
          ],
          [
            101.710255,
            3.150147
          ],
          [
            101.710441,
            3.150138
          ],
          [
            101.710501,
            3.150135
          ],
          [
            101.710643,
            3.150137
          ],
          [
            101.710807,
            3.150149
          ],
          [
            101.710897,
            3.150151
          ],
          [
            101.711085,
            3.150191
          ],
          [
            101.711362,
            3.150251
          ],
          [
            101.71158,
            3.150273
          ],
          [
            101.711698,
            3.150286
          ],
          [
            101.711795,
            3.150292
          ],
          [
            101.711847,
            3.150294
          ],
          [
            101.712112,
            3.150299
          ],
          [
            101.712228,
            3.150305
          ],
          [
            101.712295,
            3.150305
          ],
          [
            101.712389,
            3.15029
          ],
          [
            101.712449,
            3.150281
          ],
          [
            101.712545,
            3.150263
          ],
          [
            101.712619,
            3.150246
          ],
          [
            101.712711,
            3.150225
          ],
          [
            101.712922,
            3.150157
          ],
          [
            101.713122,
            3.150096
          ],
          [
            101.713225,
            3.150059
          ],
          [
            101.713311,
            3.150019
          ],
          [
            101.713379,
            3.149985
          ],
          [
            101.713449,
            3.149951
          ],
          [
            101.713721,
            3.149818
          ],
          [
            101.713808,
            3.149769
          ],
          [
            101.713842,
            3.14975
          ],
          [
            101.713927,
            3.14969
          ],
          [
            101.714123,
            3.149599
          ],
          [
            101.714227,
            3.149551
          ],
          [
            101.714333,
            3.149488
          ],
          [
            101.715702,
            3.148622
          ],
          [
            101.715778,
            3.148573
          ],
          [
            101.715949,
            3.148493
          ],
          [
            101.716103,
            3.14842
          ],
          [
            101.716428,
            3.148293
          ],
          [
            101.716486,
            3.148241
          ],
          [
            101.716512,
            3.148215
          ],
          [
            101.716532,
            3.148193
          ],
          [
            101.716535,
            3.148181
          ],
          [
            101.716539,
            3.148168
          ],
          [
            101.716548,
            3.148131
          ],
          [
            101.716532,
            3.148082
          ],
          [
            101.716462,
            3.147919
          ],
          [
            101.716113,
            3.147379
          ],
          [
            101.716002,
            3.147207
          ],
          [
            101.715978,
            3.14717
          ],
          [
            101.715837,
            3.146953
          ],
          [
            101.715789,
            3.146878
          ],
          [
            101.71557,
            3.14654
          ],
          [
            101.715521,
            3.146463
          ],
          [
            101.715449,
            3.146352
          ],
          [
            101.71538,
            3.146249
          ],
          [
            101.715365,
            3.146222
          ],
          [
            101.715183,
            3.145941
          ],
          [
            101.715158,
            3.145902
          ],
          [
            101.715081,
            3.145783
          ],
          [
            101.715065,
            3.145759
          ],
          [
            101.715023,
            3.145694
          ],
          [
            101.714942,
            3.1456
          ],
          [
            101.714791,
            3.145457
          ],
          [
            101.714676,
            3.14535
          ],
          [
            101.714136,
            3.144876
          ],
          [
            101.713909,
            3.144687
          ],
          [
            101.713835,
            3.144625
          ],
          [
            101.713451,
            3.144307
          ],
          [
            101.71334,
            3.144453
          ],
          [
            101.713204,
            3.144631
          ],
          [
            101.713032,
            3.144856
          ],
          [
            101.71287,
            3.14507
          ],
          [
            101.713006,
            3.145177
          ],
          [
            101.713568,
            3.145621
          ],
          [
            101.714123,
            3.146072
          ]
        ]
      }
    },
    {
      "type": "Feature",
      "properties": {
        "route_id": "MY-07",
        "route_name": "RapidKL U82",
        "route_type": "BUS",
        "route_ref": "U82",
        "origin_name": "Origin",
        "destination_name": "Destination",
        "region": "Other",
        "province": "Other"
      },
      "geometry": {
        "type": "LineString",
        "coordinates": [
          [
            101.685524,
            3.133759
          ],
          [
            101.685766,
            3.133351
          ],
          [
            101.685841,
            3.133236
          ],
          [
            101.685898,
            3.133206
          ],
          [
            101.686252,
            3.133397
          ],
          [
            101.686369,
            3.133432
          ],
          [
            101.686418,
            3.133459
          ],
          [
            101.686609,
            3.133565
          ],
          [
            101.686673,
            3.133602
          ],
          [
            101.686745,
            3.133641
          ],
          [
            101.686814,
            3.133678
          ],
          [
            101.686852,
            3.133699
          ],
          [
            101.686924,
            3.13374
          ],
          [
            101.687588,
            3.134127
          ],
          [
            101.687782,
            3.134249
          ],
          [
            101.687834,
            3.134319
          ],
          [
            101.687843,
            3.134338
          ],
          [
            101.687888,
            3.134451
          ],
          [
            101.687905,
            3.134553
          ],
          [
            101.687903,
            3.134677
          ],
          [
            101.687855,
            3.13479
          ],
          [
            101.687739,
            3.134944
          ],
          [
            101.687366,
            3.135579
          ],
          [
            101.687314,
            3.135668
          ],
          [
            101.687161,
            3.135935
          ],
          [
            101.687143,
            3.136003
          ],
          [
            101.687149,
            3.136073
          ],
          [
            101.687178,
            3.136134
          ],
          [
            101.687542,
            3.136395
          ],
          [
            101.687595,
            3.136417
          ],
          [
            101.687693,
            3.136457
          ],
          [
            101.687979,
            3.136497
          ],
          [
            101.688328,
            3.136519
          ],
          [
            101.689,
            3.136526
          ],
          [
            101.689163,
            3.136541
          ],
          [
            101.689279,
            3.136544
          ],
          [
            101.689358,
            3.136538
          ],
          [
            101.689396,
            3.136531
          ],
          [
            101.689438,
            3.136523
          ],
          [
            101.689486,
            3.136514
          ],
          [
            101.689512,
            3.136504
          ],
          [
            101.689558,
            3.136482
          ],
          [
            101.689591,
            3.136464
          ],
          [
            101.689663,
            3.136428
          ],
          [
            101.689754,
            3.136385
          ],
          [
            101.689838,
            3.136364
          ],
          [
            101.689915,
            3.136361
          ],
          [
            101.689978,
            3.136365
          ],
          [
            101.690032,
            3.136378
          ],
          [
            101.690392,
            3.136551
          ],
          [
            101.690633,
            3.136714
          ],
          [
            101.690683,
            3.136796
          ],
          [
            101.690691,
            3.13691
          ],
          [
            101.690658,
            3.137
          ],
          [
            101.690614,
            3.137072
          ],
          [
            101.690542,
            3.137157
          ],
          [
            101.690241,
            3.13748
          ],
          [
            101.689842,
            3.13784
          ],
          [
            101.689636,
            3.138079
          ],
          [
            101.689387,
            3.138185
          ],
          [
            101.689045,
            3.138329
          ],
          [
            101.688751,
            3.138437
          ],
          [
            101.688413,
            3.138519
          ],
          [
            101.688306,
            3.138539
          ],
          [
            101.688025,
            3.13858
          ],
          [
            101.687838,
            3.1386
          ],
          [
            101.687683,
            3.138606
          ],
          [
            101.687449,
            3.138611
          ],
          [
            101.687335,
            3.138609
          ],
          [
            101.687144,
            3.138609
          ],
          [
            101.68668,
            3.138589
          ],
          [
            101.685265,
            3.138521
          ],
          [
            101.684883,
            3.138489
          ],
          [
            101.684513,
            3.138512
          ],
          [
            101.6842,
            3.13855
          ],
          [
            101.68369,
            3.13864
          ],
          [
            101.683468,
            3.138673
          ],
          [
            101.683161,
            3.138749
          ],
          [
            101.682877,
            3.138853
          ],
          [
            101.682735,
            3.138919
          ],
          [
            101.682531,
            3.139021
          ],
          [
            101.682217,
            3.139188
          ],
          [
            101.681921,
            3.139387
          ],
          [
            101.681354,
            3.139827
          ],
          [
            101.680147,
            3.141011
          ],
          [
            101.679763,
            3.141386
          ],
          [
            101.67955,
            3.14162
          ],
          [
            101.679177,
            3.142085
          ],
          [
            101.679046,
            3.142278
          ],
          [
            101.678955,
            3.142422
          ],
          [
            101.678849,
            3.142605
          ],
          [
            101.678715,
            3.142876
          ],
          [
            101.678544,
            3.143328
          ],
          [
            101.678463,
            3.143591
          ],
          [
            101.678329,
            3.143984
          ],
          [
            101.678308,
            3.144134
          ],
          [
            101.678304,
            3.14437
          ],
          [
            101.678323,
            3.144599
          ],
          [
            101.678347,
            3.144966
          ],
          [
            101.678354,
            3.145143
          ],
          [
            101.678323,
            3.145318
          ],
          [
            101.678209,
            3.145619
          ],
          [
            101.677935,
            3.146034
          ],
          [
            101.677642,
            3.146609
          ],
          [
            101.677532,
            3.146791
          ],
          [
            101.677491,
            3.146858
          ],
          [
            101.67717,
            3.147369
          ],
          [
            101.677066,
            3.147541
          ],
          [
            101.676945,
            3.147722
          ],
          [
            101.676844,
            3.147847
          ],
          [
            101.676703,
            3.148014
          ],
          [
            101.67662,
            3.148099
          ],
          [
            101.676611,
            3.148108
          ],
          [
            101.675974,
            3.148681
          ],
          [
            101.675317,
            3.149288
          ],
          [
            101.675156,
            3.149446
          ],
          [
            101.675004,
            3.149616
          ],
          [
            101.674677,
            3.150099
          ],
          [
            101.67461,
            3.15019
          ],
          [
            101.6745,
            3.15035
          ],
          [
            101.674456,
            3.150415
          ],
          [
            101.674371,
            3.150573
          ],
          [
            101.674271,
            3.150759
          ],
          [
            101.674212,
            3.150869
          ],
          [
            101.674078,
            3.151082
          ],
          [
            101.673966,
            3.151262
          ],
          [
            101.67393,
            3.151319
          ],
          [
            101.673668,
            3.151729
          ],
          [
            101.673572,
            3.151883
          ],
          [
            101.673297,
            3.152346
          ],
          [
            101.67296,
            3.152848
          ],
          [
            101.672694,
            3.153212
          ],
          [
            101.671848,
            3.154518
          ],
          [
            101.671544,
            3.155072
          ],
          [
            101.671344,
            3.155721
          ],
          [
            101.671245,
            3.156207
          ],
          [
            101.67118,
            3.156714
          ],
          [
            101.671115,
            3.15748
          ],
          [
            101.671052,
            3.157909
          ],
          [
            101.670974,
            3.158258
          ],
          [
            101.67074,
            3.159093
          ],
          [
            101.670456,
            3.160026
          ],
          [
            101.67032,
            3.16046
          ],
          [
            101.670243,
            3.160717
          ],
          [
            101.670172,
            3.160926
          ],
          [
            101.669927,
            3.161413
          ],
          [
            101.669815,
            3.161627
          ],
          [
            101.669449,
            3.16219
          ],
          [
            101.669146,
            3.162658
          ],
          [
            101.668943,
            3.16293
          ],
          [
            101.668874,
            3.163023
          ],
          [
            101.66874,
            3.163102
          ],
          [
            101.668576,
            3.163329
          ],
          [
            101.668362,
            3.163626
          ],
          [
            101.668041,
            3.164092
          ],
          [
            101.667878,
            3.164322
          ],
          [
            101.667621,
            3.164601
          ],
          [
            101.667325,
            3.164827
          ],
          [
            101.667005,
            3.164988
          ],
          [
            101.666682,
            3.165091
          ],
          [
            101.666558,
            3.16512
          ],
          [
            101.666228,
            3.165155
          ],
          [
            101.665754,
            3.165257
          ],
          [
            101.665641,
            3.165266
          ],
          [
            101.66485,
            3.165355
          ],
          [
            101.66429,
            3.16551
          ],
          [
            101.663944,
            3.165638
          ],
          [
            101.66365,
            3.165765
          ],
          [
            101.663396,
            3.165913
          ],
          [
            101.663114,
            3.166096
          ],
          [
            101.662761,
            3.166395
          ],
          [
            101.662449,
            3.166685
          ],
          [
            101.662312,
            3.166741
          ],
          [
            101.662144,
            3.166915
          ],
          [
            101.661977,
            3.167134
          ],
          [
            101.661755,
            3.16744
          ],
          [
            101.661397,
            3.168208
          ],
          [
            101.661044,
            3.169109
          ],
          [
            101.660928,
            3.169297
          ],
          [
            101.660783,
            3.16944
          ],
          [
            101.660586,
            3.169553
          ],
          [
            101.660421,
            3.169594
          ],
          [
            101.660279,
            3.169613
          ],
          [
            101.660124,
            3.1696
          ],
          [
            101.659956,
            3.169549
          ],
          [
            101.659792,
            3.169468
          ],
          [
            101.659264,
            3.169118
          ],
          [
            101.658668,
            3.168699
          ],
          [
            101.65845,
            3.16851
          ],
          [
            101.658111,
            3.168275
          ],
          [
            101.65764,
            3.167885
          ],
          [
            101.657607,
            3.167859
          ],
          [
            101.657155,
            3.16746
          ],
          [
            101.656746,
            3.167059
          ],
          [
            101.656386,
            3.166694
          ],
          [
            101.656071,
            3.166342
          ],
          [
            101.655896,
            3.166195
          ],
          [
            101.655605,
            3.165883
          ],
          [
            101.655197,
            3.165552
          ],
          [
            101.654908,
            3.165344
          ],
          [
            101.654546,
            3.165148
          ],
          [
            101.654145,
            3.164964
          ],
          [
            101.653748,
            3.164865
          ],
          [
            101.653534,
            3.164822
          ],
          [
            101.653224,
            3.164779
          ],
          [
            101.652888,
            3.164767
          ],
          [
            101.65233,
            3.164788
          ],
          [
            101.651665,
            3.164842
          ],
          [
            101.651081,
            3.164892
          ],
          [
            101.650094,
            3.164983
          ],
          [
            101.649164,
            3.165063
          ],
          [
            101.648203,
            3.165132
          ],
          [
            101.647337,
            3.165195
          ],
          [
            101.647131,
            3.165205
          ],
          [
            101.646866,
            3.165216
          ],
          [
            101.646696,
            3.16521
          ],
          [
            101.646568,
            3.165203
          ],
          [
            101.646288,
            3.165179
          ],
          [
            101.646015,
            3.165134
          ],
          [
            101.645874,
            3.165109
          ],
          [
            101.645383,
            3.164999
          ],
          [
            101.644999,
            3.164873
          ],
          [
            101.644737,
            3.164779
          ],
          [
            101.644553,
            3.164696
          ],
          [
            101.644215,
            3.164552
          ],
          [
            101.643833,
            3.164395
          ],
          [
            101.643103,
            3.164136
          ],
          [
            101.643022,
            3.164109
          ],
          [
            101.642901,
            3.164069
          ],
          [
            101.642199,
            3.163846
          ],
          [
            101.641918,
            3.163802
          ],
          [
            101.641243,
            3.163693
          ],
          [
            101.640834,
            3.163667
          ],
          [
            101.640396,
            3.163652
          ],
          [
            101.63982,
            3.163684
          ],
          [
            101.639216,
            3.163783
          ],
          [
            101.638709,
            3.163884
          ],
          [
            101.637735,
            3.16416
          ],
          [
            101.637319,
            3.164308
          ],
          [
            101.636787,
            3.164509
          ],
          [
            101.636339,
            3.164674
          ],
          [
            101.635759,
            3.164855
          ],
          [
            101.635526,
            3.164907
          ],
          [
            101.635168,
            3.164953
          ],
          [
            101.634849,
            3.16498
          ],
          [
            101.634465,
            3.164979
          ],
          [
            101.634071,
            3.164929
          ],
          [
            101.633595,
            3.164838
          ],
          [
            101.633134,
            3.164695
          ],
          [
            101.632672,
            3.164525
          ],
          [
            101.632566,
            3.164471
          ],
          [
            101.632308,
            3.164303
          ],
          [
            101.632114,
            3.164188
          ],
          [
            101.63182,
            3.163979
          ],
          [
            101.631593,
            3.163791
          ],
          [
            101.631243,
            3.163446
          ],
          [
            101.630994,
            3.163181
          ],
          [
            101.630756,
            3.162879
          ],
          [
            101.630648,
            3.162692
          ],
          [
            101.630472,
            3.162478
          ],
          [
            101.630208,
            3.162118
          ],
          [
            101.629209,
            3.16097
          ],
          [
            101.628907,
            3.16064
          ],
          [
            101.628689,
            3.160438
          ],
          [
            101.628481,
            3.160262
          ],
          [
            101.628237,
            3.160096
          ],
          [
            101.628009,
            3.159955
          ],
          [
            101.627507,
            3.159667
          ],
          [
            101.627381,
            3.159593
          ],
          [
            101.627302,
            3.15954
          ],
          [
            101.627229,
            3.159468
          ],
          [
            101.627169,
            3.159383
          ],
          [
            101.627131,
            3.159311
          ],
          [
            101.627025,
            3.159036
          ],
          [
            101.627044,
            3.158305
          ],
          [
            101.627052,
            3.157998
          ],
          [
            101.627066,
            3.157563
          ],
          [
            101.627067,
            3.15728
          ],
          [
            101.627073,
            3.15701
          ],
          [
            101.627084,
            3.156829
          ],
          [
            101.627101,
            3.156558
          ],
          [
            101.627109,
            3.156442
          ],
          [
            101.627118,
            3.1563
          ],
          [
            101.627133,
            3.156054
          ],
          [
            101.627137,
            3.15599
          ],
          [
            101.62715,
            3.155767
          ],
          [
            101.627161,
            3.155566
          ],
          [
            101.627194,
            3.15535
          ],
          [
            101.62727,
            3.155049
          ],
          [
            101.627341,
            3.154823
          ],
          [
            101.627426,
            3.154543
          ],
          [
            101.627469,
            3.154431
          ],
          [
            101.627373,
            3.154396
          ],
          [
            101.627041,
            3.15428
          ],
          [
            101.626382,
            3.154049
          ],
          [
            101.6257,
            3.153806
          ],
          [
            101.625535,
            3.153743
          ],
          [
            101.624833,
            3.153508
          ],
          [
            101.624413,
            3.153347
          ],
          [
            101.624137,
            3.153241
          ],
          [
            101.623543,
            3.153014
          ],
          [
            101.623476,
            3.15299
          ],
          [
            101.623437,
            3.153094
          ],
          [
            101.623411,
            3.153151
          ],
          [
            101.623401,
            3.153175
          ],
          [
            101.623285,
            3.153494
          ],
          [
            101.623197,
            3.153734
          ],
          [
            101.6232,
            3.153828
          ],
          [
            101.623207,
            3.154053
          ],
          [
            101.623234,
            3.154896
          ],
          [
            101.623194,
            3.154999
          ],
          [
            101.623164,
            3.15503
          ],
          [
            101.623114,
            3.155055
          ],
          [
            101.62306,
            3.15506
          ],
          [
            101.622974,
            3.155068
          ],
          [
            101.622915,
            3.155082
          ],
          [
            101.622808,
            3.155084
          ],
          [
            101.622529,
            3.155092
          ],
          [
            101.622408,
            3.155096
          ],
          [
            101.622129,
            3.155105
          ],
          [
            101.621849,
            3.155113
          ],
          [
            101.621313,
            3.15513
          ],
          [
            101.621101,
            3.155137
          ]
        ]
      }
    },
    {
      "type": "Feature",
      "properties": {
        "route_id": "MY-08",
        "route_name": "RapidKL U83",
        "route_type": "BUS",
        "route_ref": "U83",
        "origin_name": "Origin",
        "destination_name": "Destination",
        "region": "Other",
        "province": "Other"
      },
      "geometry": {
        "type": "LineString",
        "coordinates": [
          [
            101.685524,
            3.133759
          ],
          [
            101.685766,
            3.133351
          ],
          [
            101.685841,
            3.133236
          ],
          [
            101.685898,
            3.133206
          ],
          [
            101.686252,
            3.133397
          ],
          [
            101.686369,
            3.133432
          ],
          [
            101.686418,
            3.133459
          ],
          [
            101.686609,
            3.133565
          ],
          [
            101.686673,
            3.133602
          ],
          [
            101.686745,
            3.133641
          ],
          [
            101.686814,
            3.133678
          ],
          [
            101.686852,
            3.133699
          ],
          [
            101.686924,
            3.13374
          ],
          [
            101.687588,
            3.134127
          ],
          [
            101.687782,
            3.134249
          ],
          [
            101.687834,
            3.134319
          ],
          [
            101.687843,
            3.134338
          ],
          [
            101.687888,
            3.134451
          ],
          [
            101.687905,
            3.134553
          ],
          [
            101.687903,
            3.134677
          ],
          [
            101.687855,
            3.13479
          ],
          [
            101.687739,
            3.134944
          ],
          [
            101.687366,
            3.135579
          ],
          [
            101.687314,
            3.135668
          ],
          [
            101.687161,
            3.135935
          ],
          [
            101.687143,
            3.136003
          ],
          [
            101.687149,
            3.136073
          ],
          [
            101.687178,
            3.136134
          ],
          [
            101.687542,
            3.136395
          ],
          [
            101.687595,
            3.136417
          ],
          [
            101.687693,
            3.136457
          ],
          [
            101.687979,
            3.136497
          ],
          [
            101.688328,
            3.136519
          ],
          [
            101.689,
            3.136526
          ],
          [
            101.689163,
            3.136541
          ],
          [
            101.689279,
            3.136544
          ],
          [
            101.689358,
            3.136538
          ],
          [
            101.689396,
            3.136531
          ],
          [
            101.689438,
            3.136523
          ],
          [
            101.689486,
            3.136514
          ],
          [
            101.689512,
            3.136504
          ],
          [
            101.689558,
            3.136482
          ],
          [
            101.689591,
            3.136464
          ],
          [
            101.689663,
            3.136428
          ],
          [
            101.689754,
            3.136385
          ],
          [
            101.689838,
            3.136364
          ],
          [
            101.689915,
            3.136361
          ],
          [
            101.689978,
            3.136365
          ],
          [
            101.690032,
            3.136378
          ],
          [
            101.690392,
            3.136551
          ],
          [
            101.690633,
            3.136714
          ],
          [
            101.690683,
            3.136796
          ],
          [
            101.690691,
            3.13691
          ],
          [
            101.690658,
            3.137
          ],
          [
            101.690614,
            3.137072
          ],
          [
            101.690542,
            3.137157
          ],
          [
            101.690241,
            3.13748
          ],
          [
            101.689842,
            3.13784
          ],
          [
            101.689636,
            3.138079
          ],
          [
            101.689387,
            3.138185
          ],
          [
            101.689045,
            3.138329
          ],
          [
            101.688751,
            3.138437
          ],
          [
            101.688413,
            3.138519
          ],
          [
            101.688306,
            3.138539
          ],
          [
            101.688025,
            3.13858
          ],
          [
            101.687838,
            3.1386
          ],
          [
            101.687683,
            3.138606
          ],
          [
            101.687449,
            3.138611
          ],
          [
            101.687335,
            3.138609
          ],
          [
            101.687144,
            3.138609
          ],
          [
            101.68668,
            3.138589
          ],
          [
            101.685265,
            3.138521
          ],
          [
            101.684883,
            3.138489
          ],
          [
            101.684513,
            3.138512
          ],
          [
            101.6842,
            3.13855
          ],
          [
            101.68369,
            3.13864
          ],
          [
            101.683468,
            3.138673
          ],
          [
            101.683161,
            3.138749
          ],
          [
            101.682877,
            3.138853
          ],
          [
            101.682735,
            3.138919
          ],
          [
            101.682531,
            3.139021
          ],
          [
            101.682217,
            3.139188
          ],
          [
            101.681921,
            3.139387
          ],
          [
            101.681354,
            3.139827
          ],
          [
            101.680147,
            3.141011
          ],
          [
            101.679763,
            3.141386
          ],
          [
            101.67955,
            3.14162
          ],
          [
            101.679177,
            3.142085
          ],
          [
            101.679046,
            3.142278
          ],
          [
            101.678955,
            3.142422
          ],
          [
            101.678849,
            3.142605
          ],
          [
            101.678715,
            3.142876
          ],
          [
            101.678544,
            3.143328
          ],
          [
            101.678463,
            3.143591
          ],
          [
            101.678329,
            3.143984
          ],
          [
            101.678308,
            3.144134
          ],
          [
            101.678304,
            3.14437
          ],
          [
            101.678323,
            3.144599
          ],
          [
            101.678347,
            3.144966
          ],
          [
            101.678354,
            3.145143
          ],
          [
            101.678323,
            3.145318
          ],
          [
            101.678209,
            3.145619
          ],
          [
            101.677935,
            3.146034
          ],
          [
            101.677642,
            3.146609
          ],
          [
            101.677532,
            3.146791
          ],
          [
            101.677491,
            3.146858
          ],
          [
            101.67717,
            3.147369
          ],
          [
            101.677066,
            3.147541
          ],
          [
            101.676945,
            3.147722
          ],
          [
            101.676844,
            3.147847
          ],
          [
            101.676703,
            3.148014
          ],
          [
            101.67662,
            3.148099
          ],
          [
            101.676611,
            3.148108
          ],
          [
            101.675974,
            3.148681
          ],
          [
            101.675317,
            3.149288
          ],
          [
            101.675156,
            3.149446
          ],
          [
            101.675004,
            3.149616
          ],
          [
            101.674677,
            3.150099
          ],
          [
            101.67461,
            3.15019
          ],
          [
            101.6745,
            3.15035
          ],
          [
            101.674456,
            3.150415
          ],
          [
            101.674371,
            3.150573
          ],
          [
            101.674271,
            3.150759
          ],
          [
            101.674212,
            3.150869
          ],
          [
            101.674078,
            3.151082
          ],
          [
            101.673966,
            3.151262
          ],
          [
            101.67393,
            3.151319
          ],
          [
            101.673668,
            3.151729
          ],
          [
            101.673572,
            3.151883
          ],
          [
            101.673297,
            3.152346
          ],
          [
            101.67296,
            3.152848
          ],
          [
            101.672694,
            3.153212
          ],
          [
            101.671848,
            3.154518
          ],
          [
            101.671544,
            3.155072
          ],
          [
            101.671344,
            3.155721
          ],
          [
            101.671245,
            3.156207
          ],
          [
            101.67118,
            3.156714
          ],
          [
            101.671115,
            3.15748
          ],
          [
            101.671052,
            3.157909
          ],
          [
            101.670974,
            3.158258
          ],
          [
            101.67074,
            3.159093
          ],
          [
            101.670456,
            3.160026
          ],
          [
            101.67032,
            3.16046
          ],
          [
            101.670243,
            3.160717
          ],
          [
            101.670172,
            3.160926
          ],
          [
            101.669927,
            3.161413
          ],
          [
            101.669815,
            3.161627
          ],
          [
            101.669449,
            3.16219
          ],
          [
            101.669146,
            3.162658
          ],
          [
            101.668943,
            3.16293
          ],
          [
            101.668874,
            3.163023
          ],
          [
            101.66874,
            3.163102
          ],
          [
            101.668576,
            3.163329
          ],
          [
            101.668362,
            3.163626
          ],
          [
            101.668041,
            3.164092
          ],
          [
            101.667878,
            3.164322
          ],
          [
            101.667621,
            3.164601
          ],
          [
            101.667325,
            3.164827
          ],
          [
            101.667005,
            3.164988
          ],
          [
            101.666682,
            3.165091
          ],
          [
            101.666558,
            3.16512
          ],
          [
            101.666228,
            3.165155
          ],
          [
            101.665754,
            3.165257
          ],
          [
            101.665641,
            3.165266
          ],
          [
            101.66485,
            3.165355
          ],
          [
            101.66429,
            3.16551
          ],
          [
            101.663944,
            3.165638
          ],
          [
            101.66365,
            3.165765
          ],
          [
            101.663396,
            3.165913
          ],
          [
            101.663114,
            3.166096
          ],
          [
            101.662761,
            3.166395
          ],
          [
            101.662449,
            3.166685
          ],
          [
            101.662312,
            3.166741
          ],
          [
            101.662144,
            3.166915
          ],
          [
            101.661977,
            3.167134
          ],
          [
            101.661755,
            3.16744
          ],
          [
            101.661397,
            3.168208
          ],
          [
            101.661044,
            3.169109
          ],
          [
            101.660928,
            3.169297
          ],
          [
            101.660783,
            3.16944
          ],
          [
            101.660586,
            3.169553
          ],
          [
            101.660421,
            3.169594
          ],
          [
            101.660279,
            3.169613
          ],
          [
            101.660124,
            3.1696
          ],
          [
            101.659956,
            3.169549
          ],
          [
            101.659792,
            3.169468
          ],
          [
            101.659264,
            3.169118
          ],
          [
            101.658668,
            3.168699
          ],
          [
            101.65845,
            3.16851
          ],
          [
            101.658111,
            3.168275
          ],
          [
            101.65764,
            3.167885
          ],
          [
            101.657607,
            3.167859
          ],
          [
            101.657155,
            3.16746
          ],
          [
            101.656746,
            3.167059
          ],
          [
            101.656386,
            3.166694
          ],
          [
            101.656071,
            3.166342
          ],
          [
            101.655971,
            3.166185
          ],
          [
            101.655719,
            3.16589
          ],
          [
            101.655613,
            3.16578
          ],
          [
            101.654819,
            3.16517
          ],
          [
            101.654684,
            3.165056
          ],
          [
            101.65458,
            3.164931
          ],
          [
            101.654446,
            3.164733
          ],
          [
            101.654285,
            3.164368
          ],
          [
            101.654154,
            3.164056
          ],
          [
            101.653996,
            3.163758
          ],
          [
            101.65381,
            3.163474
          ],
          [
            101.653637,
            3.163223
          ],
          [
            101.653492,
            3.163084
          ],
          [
            101.653316,
            3.16285
          ],
          [
            101.652546,
            3.162039
          ],
          [
            101.652464,
            3.161957
          ],
          [
            101.652047,
            3.161459
          ],
          [
            101.651926,
            3.16129
          ],
          [
            101.651126,
            3.160444
          ],
          [
            101.65097,
            3.160289
          ],
          [
            101.650863,
            3.160186
          ],
          [
            101.650828,
            3.160148
          ],
          [
            101.650726,
            3.160047
          ],
          [
            101.650701,
            3.160022
          ],
          [
            101.650569,
            3.159895
          ],
          [
            101.650536,
            3.159889
          ],
          [
            101.650514,
            3.159883
          ],
          [
            101.650492,
            3.159878
          ],
          [
            101.650427,
            3.159871
          ],
          [
            101.650366,
            3.15989
          ],
          [
            101.650337,
            3.159909
          ],
          [
            101.650233,
            3.15996
          ],
          [
            101.650207,
            3.15999
          ],
          [
            101.650073,
            3.160142
          ],
          [
            101.649635,
            3.160605
          ],
          [
            101.649309,
            3.160948
          ],
          [
            101.64921,
            3.161051
          ],
          [
            101.648988,
            3.161293
          ],
          [
            101.648802,
            3.161494
          ],
          [
            101.64874,
            3.16156
          ],
          [
            101.648497,
            3.161827
          ],
          [
            101.648425,
            3.161915
          ],
          [
            101.64829,
            3.162081
          ],
          [
            101.647857,
            3.162754
          ],
          [
            101.647597,
            3.16333
          ],
          [
            101.647559,
            3.163428
          ],
          [
            101.647545,
            3.163463
          ],
          [
            101.64749,
            3.163639
          ],
          [
            101.647443,
            3.163817
          ],
          [
            101.647412,
            3.163964
          ],
          [
            101.647398,
            3.164078
          ],
          [
            101.647392,
            3.164128
          ],
          [
            101.647387,
            3.164235
          ],
          [
            101.647384,
            3.16431
          ],
          [
            101.647369,
            3.165068
          ],
          [
            101.647367,
            3.165206
          ],
          [
            101.647366,
            3.165222
          ],
          [
            101.647276,
            3.165219
          ],
          [
            101.646898,
            3.165207
          ],
          [
            101.646805,
            3.165201
          ],
          [
            101.646694,
            3.165192
          ],
          [
            101.646589,
            3.16519
          ],
          [
            101.646406,
            3.165201
          ],
          [
            101.645964,
            3.16534
          ],
          [
            101.645421,
            3.165542
          ],
          [
            101.645131,
            3.165681
          ],
          [
            101.644953,
            3.165808
          ],
          [
            101.644882,
            3.165871
          ],
          [
            101.644716,
            3.16603
          ],
          [
            101.644523,
            3.16625
          ],
          [
            101.644359,
            3.166441
          ],
          [
            101.644159,
            3.166616
          ],
          [
            101.643775,
            3.16685
          ],
          [
            101.64356,
            3.166932
          ],
          [
            101.643456,
            3.166971
          ],
          [
            101.643102,
            3.16707
          ],
          [
            101.642531,
            3.167094
          ],
          [
            101.642046,
            3.167095
          ],
          [
            101.641914,
            3.167097
          ],
          [
            101.641283,
            3.167089
          ],
          [
            101.641178,
            3.167126
          ],
          [
            101.641161,
            3.167031
          ],
          [
            101.641087,
            3.16653
          ],
          [
            101.640977,
            3.16591
          ],
          [
            101.640968,
            3.165843
          ],
          [
            101.640951,
            3.165714
          ]
        ]
      }
    },
    {
      "type": "Feature",
      "properties": {
        "route_id": "MY-09",
        "route_name": "RapidKL U84",
        "route_type": "BUS",
        "route_ref": "U84",
        "origin_name": "Origin",
        "destination_name": "Destination",
        "region": "Other",
        "province": "Other"
      },
      "geometry": {
        "type": "LineString",
        "coordinates": [
          [
            101.685524,
            3.133759
          ],
          [
            101.685766,
            3.133351
          ],
          [
            101.685841,
            3.133236
          ],
          [
            101.685898,
            3.133206
          ],
          [
            101.686252,
            3.133397
          ],
          [
            101.686369,
            3.133432
          ],
          [
            101.686418,
            3.133459
          ],
          [
            101.686609,
            3.133565
          ],
          [
            101.686673,
            3.133602
          ],
          [
            101.686745,
            3.133641
          ],
          [
            101.686814,
            3.133678
          ],
          [
            101.686852,
            3.133699
          ],
          [
            101.686924,
            3.13374
          ],
          [
            101.687588,
            3.134127
          ],
          [
            101.687782,
            3.134249
          ],
          [
            101.687834,
            3.134319
          ],
          [
            101.687843,
            3.134338
          ],
          [
            101.687888,
            3.134451
          ],
          [
            101.687905,
            3.134553
          ],
          [
            101.687903,
            3.134677
          ],
          [
            101.687855,
            3.13479
          ],
          [
            101.687739,
            3.134944
          ],
          [
            101.687366,
            3.135579
          ],
          [
            101.687314,
            3.135668
          ],
          [
            101.687161,
            3.135935
          ],
          [
            101.687143,
            3.136003
          ],
          [
            101.687149,
            3.136073
          ],
          [
            101.687178,
            3.136134
          ],
          [
            101.687542,
            3.136395
          ],
          [
            101.687595,
            3.136417
          ],
          [
            101.687693,
            3.136457
          ],
          [
            101.687979,
            3.136497
          ],
          [
            101.688328,
            3.136519
          ],
          [
            101.689,
            3.136526
          ],
          [
            101.689163,
            3.136541
          ],
          [
            101.689279,
            3.136544
          ],
          [
            101.689358,
            3.136538
          ],
          [
            101.689396,
            3.136531
          ],
          [
            101.689438,
            3.136523
          ],
          [
            101.689486,
            3.136514
          ],
          [
            101.689512,
            3.136504
          ],
          [
            101.689558,
            3.136482
          ],
          [
            101.689591,
            3.136464
          ],
          [
            101.689663,
            3.136428
          ],
          [
            101.689754,
            3.136385
          ],
          [
            101.689838,
            3.136364
          ],
          [
            101.689915,
            3.136361
          ],
          [
            101.689978,
            3.136365
          ],
          [
            101.690032,
            3.136378
          ],
          [
            101.690392,
            3.136551
          ],
          [
            101.690633,
            3.136714
          ],
          [
            101.690683,
            3.136796
          ],
          [
            101.690691,
            3.13691
          ],
          [
            101.690658,
            3.137
          ],
          [
            101.690614,
            3.137072
          ],
          [
            101.690542,
            3.137157
          ],
          [
            101.690241,
            3.13748
          ],
          [
            101.689842,
            3.13784
          ],
          [
            101.689636,
            3.138079
          ],
          [
            101.689387,
            3.138185
          ],
          [
            101.689045,
            3.138329
          ],
          [
            101.688751,
            3.138437
          ],
          [
            101.688413,
            3.138519
          ],
          [
            101.688306,
            3.138539
          ],
          [
            101.688025,
            3.13858
          ],
          [
            101.687838,
            3.1386
          ],
          [
            101.687683,
            3.138606
          ],
          [
            101.687449,
            3.138611
          ],
          [
            101.687335,
            3.138609
          ],
          [
            101.687144,
            3.138609
          ],
          [
            101.68668,
            3.138589
          ],
          [
            101.685265,
            3.138521
          ],
          [
            101.684883,
            3.138489
          ],
          [
            101.684513,
            3.138512
          ],
          [
            101.6842,
            3.13855
          ],
          [
            101.68369,
            3.13864
          ],
          [
            101.683468,
            3.138673
          ],
          [
            101.683161,
            3.138749
          ],
          [
            101.682877,
            3.138853
          ],
          [
            101.682735,
            3.138919
          ],
          [
            101.682531,
            3.139021
          ],
          [
            101.682217,
            3.139188
          ],
          [
            101.681921,
            3.139387
          ],
          [
            101.681354,
            3.139827
          ],
          [
            101.680147,
            3.141011
          ],
          [
            101.679763,
            3.141386
          ],
          [
            101.67955,
            3.14162
          ],
          [
            101.679177,
            3.142085
          ],
          [
            101.679046,
            3.142278
          ],
          [
            101.678955,
            3.142422
          ],
          [
            101.678849,
            3.142605
          ],
          [
            101.678715,
            3.142876
          ],
          [
            101.678544,
            3.143328
          ],
          [
            101.678463,
            3.143591
          ],
          [
            101.678329,
            3.143984
          ],
          [
            101.678308,
            3.144134
          ],
          [
            101.678304,
            3.14437
          ],
          [
            101.678323,
            3.144599
          ],
          [
            101.678347,
            3.144966
          ],
          [
            101.678354,
            3.145143
          ],
          [
            101.678323,
            3.145318
          ],
          [
            101.678209,
            3.145619
          ],
          [
            101.677935,
            3.146034
          ],
          [
            101.677642,
            3.146609
          ],
          [
            101.677532,
            3.146791
          ],
          [
            101.677491,
            3.146858
          ],
          [
            101.67717,
            3.147369
          ],
          [
            101.677066,
            3.147541
          ],
          [
            101.676945,
            3.147722
          ],
          [
            101.676844,
            3.147847
          ],
          [
            101.676703,
            3.148014
          ],
          [
            101.67662,
            3.148099
          ],
          [
            101.676611,
            3.148108
          ],
          [
            101.675974,
            3.148681
          ],
          [
            101.675317,
            3.149288
          ],
          [
            101.675156,
            3.149446
          ],
          [
            101.675004,
            3.149616
          ],
          [
            101.674677,
            3.150099
          ],
          [
            101.67461,
            3.15019
          ],
          [
            101.6745,
            3.15035
          ],
          [
            101.674456,
            3.150415
          ],
          [
            101.674371,
            3.150573
          ],
          [
            101.674271,
            3.150759
          ],
          [
            101.674212,
            3.150869
          ],
          [
            101.674078,
            3.151082
          ],
          [
            101.673966,
            3.151262
          ],
          [
            101.67393,
            3.151319
          ],
          [
            101.673668,
            3.151729
          ],
          [
            101.673572,
            3.151883
          ],
          [
            101.673297,
            3.152346
          ],
          [
            101.67296,
            3.152848
          ],
          [
            101.672694,
            3.153212
          ],
          [
            101.671848,
            3.154518
          ],
          [
            101.671544,
            3.155072
          ],
          [
            101.671344,
            3.155721
          ],
          [
            101.671245,
            3.156207
          ],
          [
            101.67118,
            3.156714
          ],
          [
            101.671115,
            3.15748
          ],
          [
            101.671052,
            3.157909
          ],
          [
            101.670974,
            3.158258
          ],
          [
            101.67074,
            3.159093
          ],
          [
            101.670456,
            3.160026
          ],
          [
            101.67032,
            3.16046
          ],
          [
            101.670243,
            3.160717
          ],
          [
            101.670172,
            3.160926
          ],
          [
            101.669927,
            3.161413
          ],
          [
            101.669815,
            3.161627
          ],
          [
            101.669449,
            3.16219
          ],
          [
            101.669146,
            3.162658
          ],
          [
            101.668943,
            3.16293
          ],
          [
            101.668874,
            3.163023
          ],
          [
            101.66874,
            3.163102
          ],
          [
            101.668576,
            3.163329
          ],
          [
            101.668362,
            3.163626
          ],
          [
            101.668041,
            3.164092
          ],
          [
            101.667878,
            3.164322
          ],
          [
            101.667621,
            3.164601
          ],
          [
            101.667325,
            3.164827
          ],
          [
            101.667005,
            3.164988
          ],
          [
            101.666682,
            3.165091
          ],
          [
            101.666558,
            3.16512
          ],
          [
            101.666228,
            3.165155
          ],
          [
            101.665754,
            3.165257
          ],
          [
            101.665641,
            3.165266
          ],
          [
            101.66485,
            3.165355
          ],
          [
            101.66429,
            3.16551
          ],
          [
            101.663944,
            3.165638
          ],
          [
            101.66365,
            3.165765
          ],
          [
            101.663396,
            3.165913
          ],
          [
            101.663114,
            3.166096
          ],
          [
            101.662761,
            3.166395
          ],
          [
            101.662449,
            3.166685
          ],
          [
            101.662312,
            3.166741
          ],
          [
            101.662144,
            3.166915
          ],
          [
            101.661977,
            3.167134
          ],
          [
            101.661755,
            3.16744
          ],
          [
            101.661397,
            3.168208
          ],
          [
            101.661044,
            3.169109
          ],
          [
            101.660928,
            3.169297
          ],
          [
            101.660783,
            3.16944
          ],
          [
            101.660586,
            3.169553
          ],
          [
            101.660421,
            3.169594
          ],
          [
            101.660279,
            3.169613
          ],
          [
            101.660124,
            3.1696
          ],
          [
            101.659956,
            3.169549
          ],
          [
            101.659792,
            3.169468
          ],
          [
            101.659264,
            3.169118
          ],
          [
            101.658668,
            3.168699
          ],
          [
            101.65845,
            3.16851
          ],
          [
            101.658111,
            3.168275
          ],
          [
            101.65764,
            3.167885
          ],
          [
            101.657607,
            3.167859
          ],
          [
            101.657155,
            3.16746
          ],
          [
            101.656746,
            3.167059
          ],
          [
            101.656386,
            3.166694
          ],
          [
            101.656071,
            3.166342
          ],
          [
            101.655971,
            3.166185
          ],
          [
            101.655719,
            3.16589
          ],
          [
            101.655613,
            3.16578
          ],
          [
            101.654819,
            3.16517
          ],
          [
            101.654684,
            3.165056
          ],
          [
            101.65458,
            3.164931
          ],
          [
            101.654446,
            3.164733
          ],
          [
            101.654285,
            3.164368
          ],
          [
            101.654154,
            3.164056
          ],
          [
            101.653996,
            3.163758
          ],
          [
            101.65381,
            3.163474
          ],
          [
            101.653637,
            3.163223
          ],
          [
            101.653492,
            3.163084
          ],
          [
            101.653316,
            3.16285
          ],
          [
            101.652546,
            3.162039
          ],
          [
            101.652464,
            3.161957
          ],
          [
            101.652047,
            3.161459
          ],
          [
            101.651926,
            3.16129
          ],
          [
            101.651126,
            3.160444
          ],
          [
            101.65097,
            3.160289
          ],
          [
            101.650863,
            3.160186
          ],
          [
            101.650828,
            3.160148
          ],
          [
            101.650726,
            3.160047
          ],
          [
            101.650701,
            3.160022
          ],
          [
            101.650569,
            3.159895
          ],
          [
            101.650536,
            3.159889
          ],
          [
            101.650514,
            3.159883
          ],
          [
            101.650492,
            3.159878
          ],
          [
            101.650427,
            3.159871
          ],
          [
            101.650366,
            3.15989
          ],
          [
            101.650337,
            3.159909
          ],
          [
            101.650233,
            3.15996
          ],
          [
            101.650207,
            3.15999
          ],
          [
            101.650073,
            3.160142
          ],
          [
            101.649635,
            3.160605
          ],
          [
            101.649309,
            3.160948
          ],
          [
            101.64921,
            3.161051
          ],
          [
            101.648988,
            3.161293
          ],
          [
            101.648802,
            3.161494
          ],
          [
            101.64874,
            3.16156
          ],
          [
            101.648497,
            3.161827
          ],
          [
            101.648425,
            3.161915
          ],
          [
            101.64829,
            3.162081
          ],
          [
            101.647857,
            3.162754
          ],
          [
            101.647597,
            3.16333
          ],
          [
            101.647559,
            3.163428
          ],
          [
            101.647545,
            3.163463
          ],
          [
            101.64749,
            3.163639
          ],
          [
            101.647443,
            3.163817
          ],
          [
            101.647412,
            3.163964
          ],
          [
            101.647398,
            3.164078
          ],
          [
            101.647392,
            3.164128
          ],
          [
            101.647387,
            3.164235
          ],
          [
            101.647384,
            3.16431
          ],
          [
            101.647369,
            3.165068
          ],
          [
            101.647367,
            3.165206
          ],
          [
            101.647366,
            3.165222
          ],
          [
            101.647364,
            3.165289
          ],
          [
            101.648267,
            3.1652
          ],
          [
            101.648327,
            3.165194
          ],
          [
            101.648393,
            3.165374
          ],
          [
            101.648414,
            3.165499
          ],
          [
            101.648427,
            3.16558
          ],
          [
            101.648446,
            3.165693
          ],
          [
            101.648458,
            3.165762
          ],
          [
            101.648514,
            3.16607
          ],
          [
            101.648523,
            3.166119
          ],
          [
            101.648583,
            3.166441
          ],
          [
            101.64859,
            3.166479
          ],
          [
            101.648597,
            3.166514
          ],
          [
            101.648615,
            3.166601
          ],
          [
            101.648633,
            3.166718
          ],
          [
            101.648666,
            3.166905
          ],
          [
            101.648696,
            3.167073
          ],
          [
            101.648732,
            3.167283
          ],
          [
            101.648867,
            3.167991
          ],
          [
            101.648882,
            3.168073
          ],
          [
            101.648894,
            3.16813
          ],
          [
            101.648933,
            3.168333
          ],
          [
            101.64895,
            3.168405
          ],
          [
            101.648965,
            3.168479
          ],
          [
            101.64899,
            3.168566
          ],
          [
            101.649017,
            3.168644
          ],
          [
            101.649098,
            3.16883
          ],
          [
            101.649123,
            3.168884
          ],
          [
            101.64915,
            3.168942
          ],
          [
            101.649181,
            3.169009
          ],
          [
            101.649212,
            3.169087
          ],
          [
            101.649231,
            3.169161
          ],
          [
            101.649243,
            3.169261
          ],
          [
            101.649292,
            3.169677
          ],
          [
            101.649291,
            3.169697
          ],
          [
            101.649288,
            3.169756
          ],
          [
            101.649275,
            3.169856
          ],
          [
            101.649259,
            3.169976
          ],
          [
            101.649226,
            3.170178
          ],
          [
            101.649261,
            3.170374
          ],
          [
            101.649295,
            3.170469
          ],
          [
            101.649423,
            3.170771
          ],
          [
            101.649481,
            3.170869
          ],
          [
            101.649523,
            3.170947
          ],
          [
            101.649562,
            3.17105
          ],
          [
            101.649575,
            3.171088
          ],
          [
            101.649614,
            3.171202
          ],
          [
            101.64968,
            3.171427
          ],
          [
            101.649694,
            3.171571
          ],
          [
            101.649695,
            3.171672
          ],
          [
            101.649691,
            3.171801
          ],
          [
            101.649685,
            3.171929
          ],
          [
            101.649678,
            3.172013
          ],
          [
            101.64967,
            3.172116
          ],
          [
            101.649662,
            3.172208
          ],
          [
            101.649673,
            3.172295
          ],
          [
            101.649687,
            3.172393
          ],
          [
            101.649815,
            3.172587
          ],
          [
            101.649877,
            3.172652
          ],
          [
            101.650074,
            3.172834
          ],
          [
            101.650154,
            3.172898
          ],
          [
            101.650598,
            3.173252
          ],
          [
            101.650638,
            3.173285
          ],
          [
            101.650814,
            3.173469
          ],
          [
            101.650876,
            3.173548
          ],
          [
            101.650911,
            3.173635
          ],
          [
            101.650956,
            3.173735
          ],
          [
            101.651018,
            3.173907
          ],
          [
            101.651081,
            3.174056
          ],
          [
            101.6511,
            3.174155
          ],
          [
            101.651111,
            3.174211
          ],
          [
            101.651119,
            3.174255
          ],
          [
            101.651135,
            3.174334
          ],
          [
            101.651148,
            3.174398
          ],
          [
            101.65119,
            3.174729
          ],
          [
            101.651207,
            3.175095
          ]
        ]
      }
    },
    {
      "type": "Feature",
      "properties": {
        "route_id": "MY-10",
        "route_name": "RapidKL U85",
        "route_type": "BUS",
        "route_ref": "U85",
        "origin_name": "Origin",
        "destination_name": "Destination",
        "region": "Other",
        "province": "Other"
      },
      "geometry": {
        "type": "LineString",
        "coordinates": [
          [
            101.685524,
            3.133759
          ],
          [
            101.685766,
            3.133351
          ],
          [
            101.685841,
            3.133236
          ],
          [
            101.685898,
            3.133206
          ],
          [
            101.686252,
            3.133397
          ],
          [
            101.686369,
            3.133432
          ],
          [
            101.686418,
            3.133459
          ],
          [
            101.686609,
            3.133565
          ],
          [
            101.686673,
            3.133602
          ],
          [
            101.686745,
            3.133641
          ],
          [
            101.686814,
            3.133678
          ],
          [
            101.686852,
            3.133699
          ],
          [
            101.686924,
            3.13374
          ],
          [
            101.687588,
            3.134127
          ],
          [
            101.687782,
            3.134249
          ],
          [
            101.687834,
            3.134319
          ],
          [
            101.687843,
            3.134338
          ],
          [
            101.687888,
            3.134451
          ],
          [
            101.687905,
            3.134553
          ],
          [
            101.687903,
            3.134677
          ],
          [
            101.687855,
            3.13479
          ],
          [
            101.687739,
            3.134944
          ],
          [
            101.687366,
            3.135579
          ],
          [
            101.687314,
            3.135668
          ],
          [
            101.687161,
            3.135935
          ],
          [
            101.687143,
            3.136003
          ],
          [
            101.687149,
            3.136073
          ],
          [
            101.687178,
            3.136134
          ],
          [
            101.687542,
            3.136395
          ],
          [
            101.687595,
            3.136417
          ],
          [
            101.687693,
            3.136457
          ],
          [
            101.687979,
            3.136497
          ],
          [
            101.688328,
            3.136519
          ],
          [
            101.689,
            3.136526
          ],
          [
            101.689163,
            3.136541
          ],
          [
            101.689279,
            3.136544
          ],
          [
            101.689358,
            3.136538
          ],
          [
            101.689396,
            3.136531
          ],
          [
            101.689438,
            3.136523
          ],
          [
            101.689486,
            3.136514
          ],
          [
            101.689512,
            3.136504
          ],
          [
            101.689558,
            3.136482
          ],
          [
            101.689591,
            3.136464
          ],
          [
            101.689663,
            3.136428
          ],
          [
            101.689754,
            3.136385
          ],
          [
            101.689838,
            3.136364
          ],
          [
            101.689915,
            3.136361
          ],
          [
            101.689978,
            3.136365
          ],
          [
            101.690032,
            3.136378
          ],
          [
            101.690392,
            3.136551
          ],
          [
            101.690633,
            3.136714
          ],
          [
            101.690683,
            3.136796
          ],
          [
            101.690691,
            3.13691
          ],
          [
            101.690658,
            3.137
          ],
          [
            101.690614,
            3.137072
          ],
          [
            101.690542,
            3.137157
          ],
          [
            101.690241,
            3.13748
          ],
          [
            101.689842,
            3.13784
          ],
          [
            101.689636,
            3.138079
          ],
          [
            101.689387,
            3.138185
          ],
          [
            101.689045,
            3.138329
          ],
          [
            101.688751,
            3.138437
          ],
          [
            101.688413,
            3.138519
          ],
          [
            101.688306,
            3.138539
          ],
          [
            101.688025,
            3.13858
          ],
          [
            101.687838,
            3.1386
          ],
          [
            101.687683,
            3.138606
          ],
          [
            101.687449,
            3.138611
          ],
          [
            101.687335,
            3.138609
          ],
          [
            101.687144,
            3.138609
          ],
          [
            101.68668,
            3.138589
          ],
          [
            101.685265,
            3.138521
          ],
          [
            101.684883,
            3.138489
          ],
          [
            101.684513,
            3.138512
          ],
          [
            101.6842,
            3.13855
          ],
          [
            101.68369,
            3.13864
          ],
          [
            101.683468,
            3.138673
          ],
          [
            101.683161,
            3.138749
          ],
          [
            101.682877,
            3.138853
          ],
          [
            101.682735,
            3.138919
          ],
          [
            101.682531,
            3.139021
          ],
          [
            101.682217,
            3.139188
          ],
          [
            101.681921,
            3.139387
          ],
          [
            101.681354,
            3.139827
          ],
          [
            101.680147,
            3.141011
          ],
          [
            101.679763,
            3.141386
          ],
          [
            101.67955,
            3.14162
          ],
          [
            101.679177,
            3.142085
          ],
          [
            101.679046,
            3.142278
          ],
          [
            101.678955,
            3.142422
          ],
          [
            101.678849,
            3.142605
          ],
          [
            101.678715,
            3.142876
          ],
          [
            101.678544,
            3.143328
          ],
          [
            101.678463,
            3.143591
          ],
          [
            101.678329,
            3.143984
          ],
          [
            101.678308,
            3.144134
          ],
          [
            101.678304,
            3.14437
          ],
          [
            101.678323,
            3.144599
          ],
          [
            101.678347,
            3.144966
          ],
          [
            101.678354,
            3.145143
          ],
          [
            101.678323,
            3.145318
          ],
          [
            101.678209,
            3.145619
          ],
          [
            101.677935,
            3.146034
          ],
          [
            101.677642,
            3.146609
          ],
          [
            101.677532,
            3.146791
          ],
          [
            101.677491,
            3.146858
          ],
          [
            101.67717,
            3.147369
          ],
          [
            101.677066,
            3.147541
          ],
          [
            101.676945,
            3.147722
          ],
          [
            101.676844,
            3.147847
          ],
          [
            101.676703,
            3.148014
          ],
          [
            101.67662,
            3.148099
          ],
          [
            101.676611,
            3.148108
          ],
          [
            101.675974,
            3.148681
          ],
          [
            101.675317,
            3.149288
          ],
          [
            101.675156,
            3.149446
          ],
          [
            101.675004,
            3.149616
          ],
          [
            101.674677,
            3.150099
          ],
          [
            101.67461,
            3.15019
          ],
          [
            101.6745,
            3.15035
          ],
          [
            101.674456,
            3.150415
          ],
          [
            101.674371,
            3.150573
          ],
          [
            101.674271,
            3.150759
          ],
          [
            101.674212,
            3.150869
          ],
          [
            101.674078,
            3.151082
          ],
          [
            101.673966,
            3.151262
          ],
          [
            101.67393,
            3.151319
          ],
          [
            101.673668,
            3.151729
          ],
          [
            101.673572,
            3.151883
          ],
          [
            101.673297,
            3.152346
          ],
          [
            101.67296,
            3.152848
          ],
          [
            101.672694,
            3.153212
          ],
          [
            101.671848,
            3.154518
          ],
          [
            101.671544,
            3.155072
          ],
          [
            101.671344,
            3.155721
          ],
          [
            101.671245,
            3.156207
          ],
          [
            101.67118,
            3.156714
          ],
          [
            101.671115,
            3.15748
          ],
          [
            101.671052,
            3.157909
          ],
          [
            101.670974,
            3.158258
          ],
          [
            101.67074,
            3.159093
          ],
          [
            101.670456,
            3.160026
          ],
          [
            101.67032,
            3.16046
          ],
          [
            101.670243,
            3.160717
          ],
          [
            101.670172,
            3.160926
          ],
          [
            101.669927,
            3.161413
          ],
          [
            101.669815,
            3.161627
          ],
          [
            101.669449,
            3.16219
          ],
          [
            101.669146,
            3.162658
          ],
          [
            101.668943,
            3.16293
          ],
          [
            101.668874,
            3.163023
          ],
          [
            101.668649,
            3.163368
          ],
          [
            101.668491,
            3.163708
          ],
          [
            101.668379,
            3.164078
          ],
          [
            101.668366,
            3.164405
          ],
          [
            101.668381,
            3.164676
          ],
          [
            101.66842,
            3.164894
          ],
          [
            101.668488,
            3.16514
          ],
          [
            101.668556,
            3.165298
          ],
          [
            101.668624,
            3.165441
          ],
          [
            101.66871,
            3.165585
          ],
          [
            101.66881,
            3.165732
          ],
          [
            101.669091,
            3.166055
          ],
          [
            101.669663,
            3.166651
          ],
          [
            101.669946,
            3.166945
          ],
          [
            101.670223,
            3.167242
          ],
          [
            101.670566,
            3.167632
          ],
          [
            101.670683,
            3.167785
          ],
          [
            101.670781,
            3.167948
          ],
          [
            101.670917,
            3.168244
          ],
          [
            101.671042,
            3.16879
          ],
          [
            101.671081,
            3.168961
          ],
          [
            101.671281,
            3.169472
          ],
          [
            101.671415,
            3.169727
          ],
          [
            101.671635,
            3.17006
          ],
          [
            101.671845,
            3.170405
          ],
          [
            101.672181,
            3.170799
          ],
          [
            101.672539,
            3.171223
          ],
          [
            101.673731,
            3.172243
          ],
          [
            101.673863,
            3.172358
          ],
          [
            101.674018,
            3.172489
          ],
          [
            101.67412,
            3.172575
          ],
          [
            101.674145,
            3.172596
          ],
          [
            101.674447,
            3.172856
          ],
          [
            101.674622,
            3.173007
          ],
          [
            101.674848,
            3.173218
          ],
          [
            101.675086,
            3.173512
          ],
          [
            101.675932,
            3.174728
          ],
          [
            101.676391,
            3.175383
          ],
          [
            101.676871,
            3.176044
          ],
          [
            101.677001,
            3.176324
          ],
          [
            101.67709,
            3.176625
          ],
          [
            101.677118,
            3.176949
          ],
          [
            101.67719,
            3.177283
          ],
          [
            101.677193,
            3.177482
          ],
          [
            101.677171,
            3.177587
          ],
          [
            101.67715,
            3.177692
          ],
          [
            101.677128,
            3.177706
          ],
          [
            101.67711,
            3.177719
          ],
          [
            101.677091,
            3.177731
          ],
          [
            101.677073,
            3.177748
          ],
          [
            101.677056,
            3.177763
          ],
          [
            101.67704,
            3.177778
          ],
          [
            101.677022,
            3.177795
          ],
          [
            101.677007,
            3.177812
          ],
          [
            101.676985,
            3.177834
          ],
          [
            101.676963,
            3.17786
          ],
          [
            101.676946,
            3.177889
          ],
          [
            101.676934,
            3.177919
          ],
          [
            101.676925,
            3.17794
          ],
          [
            101.676915,
            3.177972
          ],
          [
            101.676908,
            3.178
          ],
          [
            101.676901,
            3.178031
          ],
          [
            101.676897,
            3.17805
          ],
          [
            101.676895,
            3.178071
          ],
          [
            101.676896,
            3.178089
          ],
          [
            101.676894,
            3.178109
          ],
          [
            101.676893,
            3.178129
          ],
          [
            101.676893,
            3.178149
          ],
          [
            101.676894,
            3.178169
          ],
          [
            101.676896,
            3.178189
          ],
          [
            101.676898,
            3.178209
          ],
          [
            101.676901,
            3.178228
          ],
          [
            101.676905,
            3.178248
          ],
          [
            101.67691,
            3.178267
          ],
          [
            101.676915,
            3.178286
          ],
          [
            101.676922,
            3.178305
          ],
          [
            101.676929,
            3.178324
          ],
          [
            101.676936,
            3.178342
          ],
          [
            101.676945,
            3.17836
          ],
          [
            101.676954,
            3.178378
          ],
          [
            101.676964,
            3.178395
          ],
          [
            101.676974,
            3.178412
          ],
          [
            101.676988,
            3.178433
          ],
          [
            101.677003,
            3.178453
          ],
          [
            101.677019,
            3.178472
          ],
          [
            101.677037,
            3.178491
          ],
          [
            101.677055,
            3.178508
          ],
          [
            101.677073,
            3.178525
          ],
          [
            101.677093,
            3.178541
          ],
          [
            101.67711,
            3.178553
          ],
          [
            101.677127,
            3.178564
          ],
          [
            101.677144,
            3.178575
          ],
          [
            101.677162,
            3.178585
          ],
          [
            101.677181,
            3.178594
          ],
          [
            101.6772,
            3.178603
          ],
          [
            101.677219,
            3.178611
          ],
          [
            101.677238,
            3.178618
          ],
          [
            101.677258,
            3.178624
          ],
          [
            101.677332,
            3.178712
          ],
          [
            101.677435,
            3.178823
          ],
          [
            101.67747,
            3.178882
          ],
          [
            101.677489,
            3.178942
          ],
          [
            101.67754,
            3.179226
          ],
          [
            101.677635,
            3.179951
          ],
          [
            101.677746,
            3.180396
          ],
          [
            101.67777,
            3.180485
          ],
          [
            101.677782,
            3.180571
          ],
          [
            101.677844,
            3.180745
          ],
          [
            101.677857,
            3.180794
          ],
          [
            101.677863,
            3.180844
          ],
          [
            101.677863,
            3.180911
          ],
          [
            101.677849,
            3.181068
          ],
          [
            101.677846,
            3.181108
          ],
          [
            101.677843,
            3.181137
          ],
          [
            101.677837,
            3.181198
          ],
          [
            101.677817,
            3.181249
          ],
          [
            101.677798,
            3.181287
          ],
          [
            101.677779,
            3.181332
          ],
          [
            101.677721,
            3.181418
          ],
          [
            101.677369,
            3.181794
          ],
          [
            101.677086,
            3.182122
          ],
          [
            101.676871,
            3.18241
          ],
          [
            101.676813,
            3.182496
          ],
          [
            101.676721,
            3.18263
          ],
          [
            101.676674,
            3.182702
          ],
          [
            101.676572,
            3.182853
          ],
          [
            101.676524,
            3.182913
          ],
          [
            101.676464,
            3.182967
          ],
          [
            101.676409,
            3.183013
          ],
          [
            101.676339,
            3.183054
          ],
          [
            101.676267,
            3.183092
          ],
          [
            101.676194,
            3.183121
          ],
          [
            101.676086,
            3.183134
          ],
          [
            101.675934,
            3.183115
          ],
          [
            101.675769,
            3.183101
          ],
          [
            101.67567,
            3.183096
          ],
          [
            101.675504,
            3.183082
          ],
          [
            101.675285,
            3.183068
          ],
          [
            101.675089,
            3.183066
          ],
          [
            101.674936,
            3.183094
          ],
          [
            101.674839,
            3.183105
          ],
          [
            101.674829,
            3.183106
          ],
          [
            101.67472,
            3.183138
          ],
          [
            101.674695,
            3.183145
          ],
          [
            101.674531,
            3.183208
          ],
          [
            101.674475,
            3.183233
          ],
          [
            101.67441,
            3.183259
          ],
          [
            101.6743,
            3.183305
          ],
          [
            101.674076,
            3.183395
          ],
          [
            101.673873,
            3.183469
          ],
          [
            101.673684,
            3.183521
          ],
          [
            101.673624,
            3.183542
          ],
          [
            101.673573,
            3.183558
          ],
          [
            101.67339,
            3.183619
          ],
          [
            101.673281,
            3.183656
          ],
          [
            101.673167,
            3.183693
          ],
          [
            101.673126,
            3.183705
          ],
          [
            101.672926,
            3.183767
          ],
          [
            101.67278,
            3.183809
          ],
          [
            101.672631,
            3.183855
          ],
          [
            101.672522,
            3.183889
          ],
          [
            101.672447,
            3.183911
          ],
          [
            101.671466,
            3.184264
          ],
          [
            101.671211,
            3.184371
          ],
          [
            101.670836,
            3.184538
          ],
          [
            101.670457,
            3.184719
          ],
          [
            101.670258,
            3.184818
          ],
          [
            101.670071,
            3.184926
          ],
          [
            101.669811,
            3.18511
          ],
          [
            101.66979,
            3.185124
          ],
          [
            101.669435,
            3.185375
          ],
          [
            101.669201,
            3.18554
          ],
          [
            101.669,
            3.185682
          ],
          [
            101.668903,
            3.185751
          ],
          [
            101.668852,
            3.185788
          ],
          [
            101.66863,
            3.185945
          ],
          [
            101.668305,
            3.186176
          ],
          [
            101.668242,
            3.186221
          ],
          [
            101.667582,
            3.186664
          ],
          [
            101.667556,
            3.186682
          ],
          [
            101.667393,
            3.186776
          ],
          [
            101.667149,
            3.186919
          ],
          [
            101.666987,
            3.187008
          ],
          [
            101.666912,
            3.18705
          ],
          [
            101.666778,
            3.187114
          ],
          [
            101.666641,
            3.187172
          ],
          [
            101.66652,
            3.187213
          ],
          [
            101.666466,
            3.187227
          ],
          [
            101.66621,
            3.187276
          ],
          [
            101.666026,
            3.187301
          ],
          [
            101.665832,
            3.18731
          ],
          [
            101.665659,
            3.18731
          ],
          [
            101.664987,
            3.187288
          ],
          [
            101.664471,
            3.187269
          ],
          [
            101.66412,
            3.187255
          ],
          [
            101.663689,
            3.187181
          ],
          [
            101.663083,
            3.187042
          ],
          [
            101.663061,
            3.187036
          ],
          [
            101.662744,
            3.186963
          ],
          [
            101.662383,
            3.186881
          ],
          [
            101.66207,
            3.186809
          ],
          [
            101.661965,
            3.186734
          ],
          [
            101.661839,
            3.186667
          ],
          [
            101.661752,
            3.186628
          ],
          [
            101.661625,
            3.186569
          ],
          [
            101.661523,
            3.186516
          ],
          [
            101.661401,
            3.186427
          ],
          [
            101.661233,
            3.186301
          ],
          [
            101.661087,
            3.186148
          ],
          [
            101.661002,
            3.186054
          ],
          [
            101.66102,
            3.185993
          ],
          [
            101.661032,
            3.185926
          ],
          [
            101.661054,
            3.185799
          ],
          [
            101.661062,
            3.185681
          ],
          [
            101.661062,
            3.185456
          ],
          [
            101.661029,
            3.185295
          ],
          [
            101.661027,
            3.185231
          ],
          [
            101.661025,
            3.185068
          ],
          [
            101.661101,
            3.18507
          ],
          [
            101.661101,
            3.18507
          ]
        ]
      }
    }
  ]
}