{
  "type": "FeatureCollection",
  "features": [
    {
      "type": "Feature",
      "properties": {
        "route_id": "ID-01",
        "route_name": "TransJakarta Corridor 1",
        "route_type": "BUS",
        "route_ref": "K1",
        "origin_name": "Origin",
        "destination_name": "Destination",
        "region": "Other",
        "province": "Other"
      },
      "geometry": {
        "type": "LineString",
        "coordinates": [
          [
            106.798119,
            -6.243103
          ],
          [
            106.798121,
            -6.243089
          ],
          [
            106.798152,
            -6.243001
          ],
          [
            106.798161,
            -6.242967
          ],
          [
            106.798273,
            -6.242701
          ],
          [
            106.798309,
            -6.242579
          ],
          [
            106.798331,
            -6.242458
          ],
          [
            106.798351,
            -6.242342
          ],
          [
            106.798347,
            -6.242202
          ],
          [
            106.798345,
            -6.24138
          ],
          [
            106.798348,
            -6.241133
          ],
          [
            106.798348,
            -6.241056
          ],
          [
            106.798349,
            -6.240869
          ],
          [
            106.79835,
            -6.240802
          ],
          [
            106.798347,
            -6.24025
          ],
          [
            106.798355,
            -6.240045
          ],
          [
            106.798354,
            -6.239963
          ],
          [
            106.798351,
            -6.239811
          ],
          [
            106.798326,
            -6.239742
          ],
          [
            106.798322,
            -6.239687
          ],
          [
            106.798315,
            -6.239076
          ],
          [
            106.798318,
            -6.238815
          ],
          [
            106.798322,
            -6.237964
          ],
          [
            106.798327,
            -6.237912
          ],
          [
            106.798334,
            -6.237871
          ],
          [
            106.798376,
            -6.237803
          ],
          [
            106.798371,
            -6.237477
          ],
          [
            106.798365,
            -6.236845
          ],
          [
            106.798363,
            -6.236788
          ],
          [
            106.798365,
            -6.236713
          ],
          [
            106.798366,
            -6.236661
          ],
          [
            106.798366,
            -6.236579
          ],
          [
            106.798368,
            -6.236412
          ],
          [
            106.798364,
            -6.235622
          ],
          [
            106.798362,
            -6.23529
          ],
          [
            106.798352,
            -6.234953
          ],
          [
            106.798347,
            -6.234791
          ],
          [
            106.798339,
            -6.233007
          ],
          [
            106.798342,
            -6.232318
          ],
          [
            106.798359,
            -6.231953
          ],
          [
            106.798395,
            -6.231599
          ],
          [
            106.798427,
            -6.23139
          ],
          [
            106.79846,
            -6.231215
          ],
          [
            106.798546,
            -6.230902
          ],
          [
            106.798616,
            -6.230681
          ],
          [
            106.798696,
            -6.23046
          ],
          [
            106.798773,
            -6.230264
          ],
          [
            106.799066,
            -6.22965
          ],
          [
            106.7991,
            -6.229573
          ],
          [
            106.799143,
            -6.229449
          ],
          [
            106.799165,
            -6.229333
          ],
          [
            106.799187,
            -6.229247
          ],
          [
            106.799228,
            -6.229139
          ],
          [
            106.799282,
            -6.22904
          ],
          [
            106.799377,
            -6.228944
          ],
          [
            106.799467,
            -6.228886
          ],
          [
            106.799533,
            -6.228865
          ],
          [
            106.79961,
            -6.22884
          ],
          [
            106.799661,
            -6.228823
          ],
          [
            106.799735,
            -6.228784
          ],
          [
            106.799828,
            -6.228699
          ],
          [
            106.799919,
            -6.228617
          ],
          [
            106.800048,
            -6.228501
          ],
          [
            106.800276,
            -6.228296
          ],
          [
            106.80052,
            -6.228086
          ],
          [
            106.800767,
            -6.22789
          ],
          [
            106.80082,
            -6.227848
          ],
          [
            106.800881,
            -6.227801
          ],
          [
            106.800948,
            -6.227753
          ],
          [
            106.801682,
            -6.227208
          ],
          [
            106.80176,
            -6.22715
          ],
          [
            106.802283,
            -6.226756
          ],
          [
            106.802568,
            -6.226531
          ],
          [
            106.803134,
            -6.226099
          ],
          [
            106.803674,
            -6.22568
          ],
          [
            106.803827,
            -6.225559
          ],
          [
            106.804026,
            -6.225401
          ],
          [
            106.804063,
            -6.225371
          ],
          [
            106.804713,
            -6.224896
          ],
          [
            106.804782,
            -6.224843
          ],
          [
            106.805605,
            -6.224219
          ],
          [
            106.805681,
            -6.224167
          ],
          [
            106.806403,
            -6.223676
          ],
          [
            106.807022,
            -6.22328
          ],
          [
            106.807592,
            -6.22292
          ],
          [
            106.808234,
            -6.222515
          ],
          [
            106.808848,
            -6.222085
          ],
          [
            106.808951,
            -6.22201
          ],
          [
            106.809166,
            -6.221838
          ],
          [
            106.809625,
            -6.221467
          ],
          [
            106.809736,
            -6.221373
          ],
          [
            106.809797,
            -6.221308
          ],
          [
            106.810529,
            -6.220778
          ],
          [
            106.812123,
            -6.219545
          ],
          [
            106.812739,
            -6.219047
          ],
          [
            106.812979,
            -6.218861
          ],
          [
            106.813007,
            -6.218839
          ],
          [
            106.813271,
            -6.218629
          ],
          [
            106.813863,
            -6.218155
          ],
          [
            106.814116,
            -6.217953
          ],
          [
            106.81415,
            -6.217926
          ],
          [
            106.81442,
            -6.217705
          ],
          [
            106.81496,
            -6.21726
          ],
          [
            106.815003,
            -6.217224
          ],
          [
            106.815135,
            -6.217121
          ],
          [
            106.81529,
            -6.216991
          ],
          [
            106.815393,
            -6.216914
          ],
          [
            106.815518,
            -6.216817
          ],
          [
            106.815577,
            -6.216771
          ],
          [
            106.815811,
            -6.216579
          ],
          [
            106.815851,
            -6.216546
          ],
          [
            106.816217,
            -6.216244
          ],
          [
            106.816436,
            -6.216075
          ],
          [
            106.816656,
            -6.215906
          ],
          [
            106.81669,
            -6.215877
          ],
          [
            106.816945,
            -6.215676
          ],
          [
            106.816984,
            -6.215644
          ],
          [
            106.817326,
            -6.215375
          ],
          [
            106.81768,
            -6.215096
          ],
          [
            106.817893,
            -6.21491
          ],
          [
            106.817951,
            -6.214863
          ],
          [
            106.817999,
            -6.214779
          ],
          [
            106.818067,
            -6.214692
          ],
          [
            106.818138,
            -6.214615
          ],
          [
            106.818443,
            -6.214337
          ],
          [
            106.818671,
            -6.214151
          ],
          [
            106.818734,
            -6.214119
          ],
          [
            106.818952,
            -6.213847
          ],
          [
            106.819476,
            -6.21315
          ],
          [
            106.819581,
            -6.212991
          ],
          [
            106.819687,
            -6.212822
          ],
          [
            106.819816,
            -6.212606
          ],
          [
            106.820077,
            -6.212149
          ],
          [
            106.820211,
            -6.21188
          ],
          [
            106.820302,
            -6.211705
          ],
          [
            106.820671,
            -6.210964
          ],
          [
            106.820731,
            -6.210844
          ],
          [
            106.821122,
            -6.210074
          ],
          [
            106.821284,
            -6.209738
          ],
          [
            106.821446,
            -6.209402
          ],
          [
            106.821556,
            -6.209136
          ],
          [
            106.82167,
            -6.208789
          ],
          [
            106.821815,
            -6.208249
          ],
          [
            106.821919,
            -6.207721
          ],
          [
            106.821941,
            -6.20756
          ],
          [
            106.821981,
            -6.207199
          ],
          [
            106.822035,
            -6.206701
          ],
          [
            106.822062,
            -6.206428
          ],
          [
            106.822074,
            -6.206308
          ],
          [
            106.822093,
            -6.206139
          ],
          [
            106.822118,
            -6.205925
          ],
          [
            106.822149,
            -6.205652
          ],
          [
            106.822193,
            -6.205201
          ],
          [
            106.822227,
            -6.204937
          ],
          [
            106.82225,
            -6.204733
          ],
          [
            106.822254,
            -6.204691
          ],
          [
            106.82232,
            -6.204235
          ],
          [
            106.822395,
            -6.203878
          ],
          [
            106.822442,
            -6.203587
          ],
          [
            106.822517,
            -6.203277
          ],
          [
            106.822549,
            -6.203172
          ],
          [
            106.822616,
            -6.202926
          ],
          [
            106.822657,
            -6.202758
          ],
          [
            106.822735,
            -6.202377
          ],
          [
            106.822762,
            -6.202248
          ],
          [
            106.822859,
            -6.201808
          ],
          [
            106.822875,
            -6.201734
          ],
          [
            106.82288,
            -6.201713
          ],
          [
            106.822887,
            -6.201675
          ],
          [
            106.822999,
            -6.201118
          ],
          [
            106.823001,
            -6.201097
          ],
          [
            106.823039,
            -6.200824
          ],
          [
            106.823065,
            -6.200571
          ],
          [
            106.823078,
            -6.200123
          ],
          [
            106.823071,
            -6.199943
          ],
          [
            106.823075,
            -6.199688
          ],
          [
            106.823071,
            -6.19963
          ],
          [
            106.823071,
            -6.199597
          ],
          [
            106.823066,
            -6.199349
          ],
          [
            106.823061,
            -6.199207
          ],
          [
            106.823055,
            -6.199083
          ],
          [
            106.823053,
            -6.199018
          ],
          [
            106.823051,
            -6.198977
          ],
          [
            106.823047,
            -6.198754
          ],
          [
            106.823046,
            -6.198719
          ],
          [
            106.823045,
            -6.198634
          ],
          [
            106.823046,
            -6.198536
          ],
          [
            106.823033,
            -6.197887
          ],
          [
            106.823032,
            -6.19779
          ],
          [
            106.823032,
            -6.197689
          ],
          [
            106.823031,
            -6.197565
          ],
          [
            106.823031,
            -6.197561
          ],
          [
            106.823029,
            -6.197479
          ],
          [
            106.823028,
            -6.197462
          ],
          [
            106.823024,
            -6.197302
          ],
          [
            106.823011,
            -6.196828
          ],
          [
            106.823006,
            -6.19663
          ],
          [
            106.822988,
            -6.195922
          ],
          [
            106.822979,
            -6.195757
          ],
          [
            106.82297,
            -6.195701
          ],
          [
            106.822946,
            -6.195644
          ],
          [
            106.822807,
            -6.195488
          ],
          [
            106.822777,
            -6.195464
          ],
          [
            106.822696,
            -6.195377
          ],
          [
            106.822605,
            -6.195278
          ],
          [
            106.822543,
            -6.195159
          ],
          [
            106.822521,
            -6.195055
          ],
          [
            106.822513,
            -6.19493
          ],
          [
            106.822517,
            -6.194893
          ],
          [
            106.822556,
            -6.194763
          ],
          [
            106.822585,
            -6.194707
          ],
          [
            106.822621,
            -6.194655
          ],
          [
            106.822638,
            -6.194636
          ],
          [
            106.822663,
            -6.194607
          ],
          [
            106.82271,
            -6.194565
          ],
          [
            106.822822,
            -6.194443
          ],
          [
            106.822842,
            -6.194421
          ],
          [
            106.822922,
            -6.194317
          ],
          [
            106.822943,
            -6.194259
          ],
          [
            106.822949,
            -6.194194
          ],
          [
            106.822952,
            -6.194097
          ],
          [
            106.822947,
            -6.193769
          ],
          [
            106.82294,
            -6.193481
          ],
          [
            106.822934,
            -6.193211
          ],
          [
            106.822931,
            -6.193073
          ],
          [
            106.822928,
            -6.192726
          ],
          [
            106.822926,
            -6.192529
          ],
          [
            106.822926,
            -6.192334
          ],
          [
            106.822926,
            -6.192293
          ],
          [
            106.822924,
            -6.192167
          ],
          [
            106.822902,
            -6.191325
          ],
          [
            106.822897,
            -6.190878
          ],
          [
            106.822869,
            -6.190493
          ],
          [
            106.822865,
            -6.190417
          ],
          [
            106.822861,
            -6.190123
          ],
          [
            106.822861,
            -6.189725
          ],
          [
            106.822865,
            -6.189508
          ],
          [
            106.822865,
            -6.188965
          ],
          [
            106.82287,
            -6.188794
          ],
          [
            106.822875,
            -6.188693
          ],
          [
            106.822891,
            -6.188184
          ],
          [
            106.822899,
            -6.187985
          ],
          [
            106.822906,
            -6.187866
          ],
          [
            106.822931,
            -6.187215
          ],
          [
            106.822937,
            -6.187117
          ],
          [
            106.822941,
            -6.187043
          ],
          [
            106.822948,
            -6.186961
          ],
          [
            106.822955,
            -6.186877
          ],
          [
            106.822965,
            -6.186768
          ],
          [
            106.822973,
            -6.186623
          ],
          [
            106.822992,
            -6.186354
          ],
          [
            106.823004,
            -6.186181
          ],
          [
            106.823014,
            -6.185908
          ],
          [
            106.823007,
            -6.185706
          ],
          [
            106.823008,
            -6.18558
          ],
          [
            106.823008,
            -6.185304
          ],
          [
            106.823009,
            -6.185225
          ],
          [
            106.823006,
            -6.185195
          ],
          [
            106.822997,
            -6.185144
          ],
          [
            106.822976,
            -6.185019
          ],
          [
            106.822935,
            -6.184615
          ],
          [
            106.822932,
            -6.184496
          ],
          [
            106.822911,
            -6.183992
          ],
          [
            106.822901,
            -6.183561
          ],
          [
            106.822898,
            -6.183434
          ],
          [
            106.822897,
            -6.183368
          ],
          [
            106.822893,
            -6.183281
          ],
          [
            106.822885,
            -6.18315
          ],
          [
            106.822841,
            -6.182446
          ],
          [
            106.822795,
            -6.181714
          ],
          [
            106.822779,
            -6.181438
          ],
          [
            106.822751,
            -6.181016
          ],
          [
            106.822747,
            -6.180994
          ],
          [
            106.822743,
            -6.180931
          ],
          [
            106.82269,
            -6.180903
          ],
          [
            106.822672,
            -6.180889
          ],
          [
            106.822634,
            -6.180858
          ],
          [
            106.822589,
            -6.180798
          ],
          [
            106.82256,
            -6.180737
          ],
          [
            106.822544,
            -6.180667
          ],
          [
            106.822545,
            -6.180596
          ],
          [
            106.822562,
            -6.180526
          ],
          [
            106.822594,
            -6.180462
          ],
          [
            106.822608,
            -6.180293
          ],
          [
            106.822613,
            -6.180205
          ],
          [
            106.822618,
            -6.180105
          ],
          [
            106.822621,
            -6.180047
          ],
          [
            106.822627,
            -6.179865
          ],
          [
            106.822627,
            -6.179813
          ],
          [
            106.822633,
            -6.179554
          ],
          [
            106.822636,
            -6.17941
          ],
          [
            106.822643,
            -6.179147
          ],
          [
            106.822654,
            -6.178853
          ],
          [
            106.822657,
            -6.178758
          ],
          [
            106.822662,
            -6.178275
          ],
          [
            106.822671,
            -6.177961
          ],
          [
            106.822708,
            -6.176925
          ],
          [
            106.822713,
            -6.176695
          ],
          [
            106.822718,
            -6.176325
          ],
          [
            106.82272,
            -6.176213
          ],
          [
            106.822739,
            -6.175645
          ],
          [
            106.822748,
            -6.175412
          ],
          [
            106.822749,
            -6.17539
          ],
          [
            106.822754,
            -6.174879
          ],
          [
            106.82276,
            -6.174687
          ],
          [
            106.822759,
            -6.174613
          ],
          [
            106.822766,
            -6.174191
          ],
          [
            106.822765,
            -6.17414
          ],
          [
            106.822771,
            -6.174038
          ],
          [
            106.822777,
            -6.173751
          ],
          [
            106.822783,
            -6.173425
          ],
          [
            106.822783,
            -6.173351
          ],
          [
            106.822806,
            -6.172593
          ],
          [
            106.822816,
            -6.172218
          ],
          [
            106.822822,
            -6.172109
          ],
          [
            106.822825,
            -6.171949
          ],
          [
            106.822817,
            -6.171812
          ],
          [
            106.822802,
            -6.171731
          ],
          [
            106.822783,
            -6.171679
          ],
          [
            106.822715,
            -6.171533
          ],
          [
            106.822648,
            -6.171431
          ],
          [
            106.822547,
            -6.171307
          ],
          [
            106.822437,
            -6.171246
          ],
          [
            106.822374,
            -6.171234
          ],
          [
            106.822308,
            -6.171224
          ],
          [
            106.822157,
            -6.171198
          ],
          [
            106.821946,
            -6.17116
          ],
          [
            106.821731,
            -6.171104
          ],
          [
            106.821672,
            -6.171073
          ],
          [
            106.821618,
            -6.171038
          ],
          [
            106.821562,
            -6.170983
          ],
          [
            106.821522,
            -6.170933
          ],
          [
            106.821459,
            -6.170814
          ],
          [
            106.821424,
            -6.17068
          ],
          [
            106.821385,
            -6.170587
          ],
          [
            106.82134,
            -6.170463
          ],
          [
            106.821224,
            -6.169954
          ],
          [
            106.821184,
            -6.169757
          ],
          [
            106.821139,
            -6.169538
          ],
          [
            106.821101,
            -6.169278
          ],
          [
            106.821043,
            -6.168955
          ],
          [
            106.820966,
            -6.168638
          ],
          [
            106.820809,
            -6.167987
          ],
          [
            106.820784,
            -6.167909
          ],
          [
            106.820776,
            -6.167881
          ],
          [
            106.82076,
            -6.167831
          ],
          [
            106.820748,
            -6.1678
          ],
          [
            106.820731,
            -6.167756
          ],
          [
            106.820692,
            -6.167661
          ],
          [
            106.820703,
            -6.167647
          ],
          [
            106.820796,
            -6.167512
          ],
          [
            106.820834,
            -6.167452
          ],
          [
            106.820895,
            -6.167371
          ],
          [
            106.820881,
            -6.167277
          ],
          [
            106.820877,
            -6.16725
          ],
          [
            106.820856,
            -6.16715
          ],
          [
            106.820782,
            -6.166871
          ],
          [
            106.820712,
            -6.166606
          ],
          [
            106.820601,
            -6.166091
          ],
          [
            106.820525,
            -6.165754
          ],
          [
            106.820449,
            -6.165413
          ],
          [
            106.82042,
            -6.165261
          ],
          [
            106.820408,
            -6.165203
          ],
          [
            106.820393,
            -6.165126
          ],
          [
            106.820371,
            -6.164976
          ],
          [
            106.820306,
            -6.164637
          ],
          [
            106.820275,
            -6.16448
          ],
          [
            106.820124,
            -6.163728
          ],
          [
            106.820044,
            -6.163389
          ],
          [
            106.819984,
            -6.16314
          ],
          [
            106.819975,
            -6.163097
          ],
          [
            106.819941,
            -6.163009
          ],
          [
            106.819928,
            -6.162976
          ],
          [
            106.819897,
            -6.162893
          ],
          [
            106.819867,
            -6.162772
          ],
          [
            106.819803,
            -6.162478
          ],
          [
            106.819698,
            -6.161977
          ],
          [
            106.819656,
            -6.16172
          ],
          [
            106.819476,
            -6.160916
          ],
          [
            106.819345,
            -6.160363
          ],
          [
            106.819298,
            -6.160147
          ],
          [
            106.819229,
            -6.159854
          ],
          [
            106.819205,
            -6.159761
          ],
          [
            106.819179,
            -6.159652
          ],
          [
            106.819149,
            -6.159525
          ],
          [
            106.818932,
            -6.158633
          ],
          [
            106.818856,
            -6.158283
          ],
          [
            106.818846,
            -6.158251
          ],
          [
            106.818832,
            -6.158196
          ],
          [
            106.818806,
            -6.158111
          ],
          [
            106.818781,
            -6.158023
          ],
          [
            106.818607,
            -6.157283
          ],
          [
            106.818556,
            -6.157021
          ],
          [
            106.81852,
            -6.156864
          ],
          [
            106.818508,
            -6.156803
          ],
          [
            106.818505,
            -6.15679
          ],
          [
            106.818501,
            -6.156766
          ],
          [
            106.818466,
            -6.156582
          ],
          [
            106.818398,
            -6.156206
          ],
          [
            106.818351,
            -6.15594
          ],
          [
            106.818335,
            -6.15587
          ],
          [
            106.818291,
            -6.15569
          ],
          [
            106.81826,
            -6.155619
          ],
          [
            106.818235,
            -6.155584
          ],
          [
            106.818012,
            -6.15529
          ],
          [
            106.817986,
            -6.155256
          ],
          [
            106.817886,
            -6.155121
          ],
          [
            106.817859,
            -6.155079
          ],
          [
            106.817834,
            -6.155025
          ],
          [
            106.817708,
            -6.154479
          ],
          [
            106.817694,
            -6.154417
          ],
          [
            106.817565,
            -6.153836
          ],
          [
            106.817525,
            -6.153655
          ],
          [
            106.817473,
            -6.153449
          ],
          [
            106.817422,
            -6.153231
          ],
          [
            106.817396,
            -6.153105
          ],
          [
            106.817371,
            -6.152961
          ],
          [
            106.817299,
            -6.152637
          ],
          [
            106.817287,
            -6.152584
          ],
          [
            106.817283,
            -6.152566
          ],
          [
            106.817199,
            -6.152189
          ],
          [
            106.817173,
            -6.152073
          ],
          [
            106.817127,
            -6.151873
          ],
          [
            106.81701,
            -6.151362
          ],
          [
            106.816992,
            -6.151282
          ],
          [
            106.816874,
            -6.15074
          ],
          [
            106.816828,
            -6.15053
          ],
          [
            106.816754,
            -6.150203
          ],
          [
            106.816738,
            -6.150133
          ],
          [
            106.816722,
            -6.150059
          ],
          [
            106.81671,
            -6.149997
          ],
          [
            106.816698,
            -6.149932
          ],
          [
            106.816692,
            -6.149891
          ],
          [
            106.816686,
            -6.149839
          ],
          [
            106.816511,
            -6.149107
          ],
          [
            106.816497,
            -6.14905
          ],
          [
            106.816474,
            -6.148963
          ],
          [
            106.816328,
            -6.148411
          ],
          [
            106.816278,
            -6.148222
          ],
          [
            106.816142,
            -6.147673
          ],
          [
            106.816079,
            -6.147454
          ],
          [
            106.815999,
            -6.14715
          ],
          [
            106.815942,
            -6.146927
          ],
          [
            106.815935,
            -6.146901
          ],
          [
            106.815856,
            -6.146593
          ],
          [
            106.815715,
            -6.146038
          ],
          [
            106.815652,
            -6.14577
          ],
          [
            106.815624,
            -6.145649
          ],
          [
            106.815612,
            -6.145596
          ],
          [
            106.815601,
            -6.145553
          ],
          [
            106.815524,
            -6.14522
          ],
          [
            106.815459,
            -6.144932
          ],
          [
            106.815451,
            -6.144899
          ],
          [
            106.815399,
            -6.144683
          ],
          [
            106.815263,
            -6.144204
          ],
          [
            106.815174,
            -6.143882
          ],
          [
            106.815165,
            -6.143851
          ],
          [
            106.815124,
            -6.143705
          ],
          [
            106.815066,
            -6.143435
          ],
          [
            106.815019,
            -6.143295
          ],
          [
            106.814879,
            -6.14284
          ],
          [
            106.814857,
            -6.142752
          ],
          [
            106.814839,
            -6.142697
          ],
          [
            106.814766,
            -6.142401
          ],
          [
            106.814721,
            -6.142228
          ],
          [
            106.814557,
            -6.141569
          ],
          [
            106.814475,
            -6.141237
          ],
          [
            106.814389,
            -6.140892
          ],
          [
            106.814334,
            -6.140678
          ],
          [
            106.813968,
            -6.139408
          ],
          [
            106.81395,
            -6.139349
          ],
          [
            106.813853,
            -6.139027
          ],
          [
            106.813759,
            -6.138717
          ],
          [
            106.813732,
            -6.13864
          ],
          [
            106.813768,
            -6.13851
          ],
          [
            106.813774,
            -6.138465
          ],
          [
            106.813777,
            -6.138401
          ],
          [
            106.813705,
            -6.138188
          ],
          [
            106.813688,
            -6.138133
          ],
          [
            106.813674,
            -6.138088
          ],
          [
            106.813506,
            -6.137538
          ],
          [
            106.813483,
            -6.137464
          ],
          [
            106.813421,
            -6.137259
          ],
          [
            106.813385,
            -6.137144
          ],
          [
            106.813221,
            -6.136606
          ],
          [
            106.813187,
            -6.136563
          ],
          [
            106.813138,
            -6.136543
          ],
          [
            106.813084,
            -6.136546
          ],
          [
            106.813029,
            -6.136558
          ],
          [
            106.812311,
            -6.136748
          ],
          [
            106.812248,
            -6.136764
          ],
          [
            106.812223,
            -6.136771
          ],
          [
            106.811957,
            -6.136842
          ],
          [
            106.811891,
            -6.136845
          ],
          [
            106.81184,
            -6.136835
          ],
          [
            106.811765,
            -6.136777
          ],
          [
            106.811722,
            -6.136726
          ],
          [
            106.81169,
            -6.136667
          ],
          [
            106.811668,
            -6.136586
          ],
          [
            106.811425,
            -6.13562
          ],
          [
            106.811297,
            -6.1351
          ],
          [
            106.811235,
            -6.134846
          ],
          [
            106.811136,
            -6.134497
          ],
          [
            106.811089,
            -6.134329
          ],
          [
            106.811118,
            -6.134277
          ],
          [
            106.811137,
            -6.134266
          ],
          [
            106.811208,
            -6.134247
          ],
          [
            106.811243,
            -6.134236
          ],
          [
            106.811523,
            -6.134158
          ],
          [
            106.811572,
            -6.134147
          ],
          [
            106.811628,
            -6.134132
          ],
          [
            106.81173,
            -6.134103
          ],
          [
            106.812463,
            -6.133888
          ],
          [
            106.81291,
            -6.133755
          ],
          [
            106.812936,
            -6.133747
          ],
          [
            106.813454,
            -6.133583
          ],
          [
            106.813496,
            -6.13357
          ],
          [
            106.814456,
            -6.133251
          ],
          [
            106.81452,
            -6.133241
          ],
          [
            106.814546,
            -6.133245
          ],
          [
            106.814558,
            -6.133271
          ],
          [
            106.814576,
            -6.13333
          ],
          [
            106.814667,
            -6.133637
          ],
          [
            106.814687,
            -6.133704
          ],
          [
            106.814782,
            -6.134022
          ],
          [
            106.814968,
            -6.134648
          ],
          [
            106.815028,
            -6.13485
          ],
          [
            106.815128,
            -6.135185
          ],
          [
            106.815207,
            -6.135452
          ],
          [
            106.815456,
            -6.136287
          ],
          [
            106.815491,
            -6.136414
          ],
          [
            106.815501,
            -6.136497
          ],
          [
            106.815489,
            -6.136581
          ],
          [
            106.815481,
            -6.136604
          ],
          [
            106.815379,
            -6.136711
          ],
          [
            106.815313,
            -6.136744
          ],
          [
            106.815057,
            -6.136821
          ],
          [
            106.814814,
            -6.13689
          ],
          [
            106.814636,
            -6.136943
          ],
          [
            106.814614,
            -6.136885
          ],
          [
            106.814577,
            -6.136789
          ],
          [
            106.814578,
            -6.136775
          ],
          [
            106.814578,
            -6.136775
          ]
        ]
      }
    },
    {
      "type": "Feature",
      "properties": {
        "route_id": "ID-02",
        "route_name": "TransJakarta Corridor 2",
        "route_type": "BUS",
        "route_ref": "K2",
        "origin_name": "Origin",
        "destination_name": "Destination",
        "region": "Other",
        "province": "Other"
      },
      "geometry": {
        "type": "LineString",
        "coordinates": [
          [
            106.821786,
            -6.166176
          ],
          [
            106.821779,
            -6.166309
          ],
          [
            106.821777,
            -6.166364
          ],
          [
            106.821756,
            -6.166645
          ],
          [
            106.821735,
            -6.166924
          ],
          [
            106.821704,
            -6.167292
          ],
          [
            106.821971,
            -6.167301
          ],
          [
            106.822442,
            -6.167293
          ],
          [
            106.822817,
            -6.167247
          ],
          [
            106.822933,
            -6.167233
          ],
          [
            106.823622,
            -6.167136
          ],
          [
            106.823974,
            -6.167101
          ],
          [
            106.824918,
            -6.167036
          ],
          [
            106.825123,
            -6.167021
          ],
          [
            106.82539,
            -6.167017
          ],
          [
            106.82552,
            -6.167015
          ],
          [
            106.825596,
            -6.167017
          ],
          [
            106.825868,
            -6.167053
          ],
          [
            106.825935,
            -6.167064
          ],
          [
            106.826267,
            -6.16712
          ],
          [
            106.826442,
            -6.167155
          ],
          [
            106.826666,
            -6.167204
          ],
          [
            106.826729,
            -6.167218
          ],
          [
            106.827085,
            -6.167287
          ],
          [
            106.827223,
            -6.167316
          ],
          [
            106.827877,
            -6.167441
          ],
          [
            106.82793,
            -6.167452
          ],
          [
            106.828033,
            -6.167471
          ],
          [
            106.828231,
            -6.167512
          ],
          [
            106.828366,
            -6.167544
          ],
          [
            106.828743,
            -6.167619
          ],
          [
            106.828996,
            -6.167675
          ],
          [
            106.829489,
            -6.167802
          ],
          [
            106.829986,
            -6.167941
          ],
          [
            106.830308,
            -6.167985
          ],
          [
            106.830462,
            -6.167995
          ],
          [
            106.830655,
            -6.167989
          ],
          [
            106.830801,
            -6.167964
          ],
          [
            106.830944,
            -6.167939
          ],
          [
            106.831194,
            -6.167871
          ],
          [
            106.831216,
            -6.167865
          ],
          [
            106.831402,
            -6.167819
          ],
          [
            106.831557,
            -6.167779
          ],
          [
            106.831681,
            -6.167744
          ],
          [
            106.831683,
            -6.167743
          ],
          [
            106.831761,
            -6.167696
          ],
          [
            106.831828,
            -6.167636
          ],
          [
            106.831996,
            -6.167501
          ],
          [
            106.832097,
            -6.16742
          ],
          [
            106.832193,
            -6.167359
          ],
          [
            106.832307,
            -6.167296
          ],
          [
            106.832518,
            -6.167182
          ],
          [
            106.832864,
            -6.166996
          ],
          [
            106.833147,
            -6.166839
          ],
          [
            106.833163,
            -6.166831
          ],
          [
            106.833225,
            -6.166797
          ],
          [
            106.833324,
            -6.16674
          ],
          [
            106.833806,
            -6.166464
          ],
          [
            106.833939,
            -6.166394
          ],
          [
            106.834377,
            -6.166166
          ],
          [
            106.834426,
            -6.166141
          ],
          [
            106.834606,
            -6.16605
          ],
          [
            106.834956,
            -6.165837
          ],
          [
            106.835069,
            -6.165771
          ],
          [
            106.835219,
            -6.165683
          ],
          [
            106.83578,
            -6.165352
          ],
          [
            106.836105,
            -6.165151
          ],
          [
            106.83704,
            -6.164572
          ],
          [
            106.837207,
            -6.164473
          ],
          [
            106.837766,
            -6.164146
          ],
          [
            106.838097,
            -6.163951
          ],
          [
            106.838186,
            -6.163856
          ],
          [
            106.838208,
            -6.163825
          ],
          [
            106.838281,
            -6.163698
          ],
          [
            106.83829,
            -6.163681
          ],
          [
            106.838314,
            -6.163633
          ],
          [
            106.838335,
            -6.163566
          ],
          [
            106.838338,
            -6.163466
          ],
          [
            106.838237,
            -6.163058
          ],
          [
            106.838138,
            -6.162641
          ],
          [
            106.838096,
            -6.16248
          ],
          [
            106.837994,
            -6.16207
          ],
          [
            106.837935,
            -6.161808
          ],
          [
            106.837896,
            -6.161631
          ],
          [
            106.837846,
            -6.161398
          ],
          [
            106.837578,
            -6.160339
          ],
          [
            106.83751,
            -6.160061
          ],
          [
            106.837369,
            -6.159478
          ],
          [
            106.837324,
            -6.159291
          ],
          [
            106.837313,
            -6.159239
          ],
          [
            106.837286,
            -6.159121
          ],
          [
            106.837332,
            -6.159097
          ],
          [
            106.837374,
            -6.159075
          ],
          [
            106.837391,
            -6.159066
          ],
          [
            106.837445,
            -6.159038
          ],
          [
            106.83748,
            -6.15902
          ],
          [
            106.837508,
            -6.158998
          ],
          [
            106.837611,
            -6.158934
          ],
          [
            106.837735,
            -6.158881
          ],
          [
            106.838558,
            -6.158609
          ],
          [
            106.838686,
            -6.158568
          ],
          [
            106.838708,
            -6.158561
          ],
          [
            106.838787,
            -6.158535
          ],
          [
            106.838838,
            -6.158518
          ],
          [
            106.838914,
            -6.158712
          ],
          [
            106.83894,
            -6.15874
          ],
          [
            106.838975,
            -6.158754
          ],
          [
            106.839003,
            -6.158824
          ],
          [
            106.839075,
            -6.159006
          ],
          [
            106.839155,
            -6.159212
          ],
          [
            106.839236,
            -6.159416
          ],
          [
            106.839389,
            -6.159818
          ],
          [
            106.839393,
            -6.159829
          ],
          [
            106.839606,
            -6.160363
          ],
          [
            106.839609,
            -6.160369
          ],
          [
            106.839746,
            -6.160726
          ],
          [
            106.839896,
            -6.161115
          ],
          [
            106.839902,
            -6.161131
          ],
          [
            106.840437,
            -6.162522
          ],
          [
            106.840614,
            -6.162988
          ],
          [
            106.840628,
            -6.163018
          ],
          [
            106.840656,
            -6.163096
          ],
          [
            106.840695,
            -6.163198
          ],
          [
            106.840874,
            -6.163663
          ],
          [
            106.840921,
            -6.163778
          ],
          [
            106.84095,
            -6.163847
          ],
          [
            106.841181,
            -6.164447
          ],
          [
            106.841384,
            -6.164971
          ],
          [
            106.841402,
            -6.165017
          ],
          [
            106.841534,
            -6.165358
          ],
          [
            106.841565,
            -6.165438
          ],
          [
            106.841778,
            -6.165987
          ],
          [
            106.841842,
            -6.166152
          ],
          [
            106.84206,
            -6.166728
          ],
          [
            106.84213,
            -6.166912
          ],
          [
            106.842196,
            -6.167087
          ],
          [
            106.842287,
            -6.167327
          ],
          [
            106.842376,
            -6.167543
          ],
          [
            106.842433,
            -6.167678
          ],
          [
            106.842454,
            -6.167732
          ],
          [
            106.842464,
            -6.167758
          ],
          [
            106.842496,
            -6.167842
          ],
          [
            106.842502,
            -6.167856
          ],
          [
            106.84259,
            -6.168103
          ],
          [
            106.842614,
            -6.168169
          ],
          [
            106.842633,
            -6.168217
          ],
          [
            106.842776,
            -6.168586
          ],
          [
            106.842797,
            -6.168632
          ],
          [
            106.842852,
            -6.168621
          ],
          [
            106.842906,
            -6.16861
          ],
          [
            106.843015,
            -6.168595
          ],
          [
            106.843098,
            -6.168589
          ],
          [
            106.843135,
            -6.168587
          ],
          [
            106.843227,
            -6.168584
          ],
          [
            106.843478,
            -6.168573
          ],
          [
            106.843488,
            -6.168689
          ],
          [
            106.843508,
            -6.168948
          ],
          [
            106.843612,
            -6.169673
          ],
          [
            106.843616,
            -6.169739
          ],
          [
            106.843656,
            -6.170298
          ],
          [
            106.843657,
            -6.17031
          ],
          [
            106.8437,
            -6.170873
          ],
          [
            106.843782,
            -6.171432
          ],
          [
            106.843808,
            -6.171525
          ],
          [
            106.843844,
            -6.171649
          ],
          [
            106.843856,
            -6.171689
          ],
          [
            106.844073,
            -6.172237
          ],
          [
            106.844274,
            -6.172832
          ],
          [
            106.844431,
            -6.173268
          ],
          [
            106.844637,
            -6.173817
          ],
          [
            106.844891,
            -6.174492
          ],
          [
            106.845074,
            -6.175005
          ],
          [
            106.845103,
            -6.175036
          ],
          [
            106.845154,
            -6.175066
          ],
          [
            106.84518,
            -6.175072
          ],
          [
            106.845215,
            -6.175076
          ],
          [
            106.845267,
            -6.175072
          ],
          [
            106.845317,
            -6.175054
          ],
          [
            106.8455,
            -6.174983
          ],
          [
            106.845594,
            -6.17497
          ],
          [
            106.845688,
            -6.174957
          ],
          [
            106.845957,
            -6.174943
          ],
          [
            106.846213,
            -6.174933
          ],
          [
            106.846559,
            -6.174908
          ],
          [
            106.84714,
            -6.174861
          ],
          [
            106.847503,
            -6.17486
          ],
          [
            106.847589,
            -6.174855
          ],
          [
            106.847953,
            -6.174828
          ],
          [
            106.848233,
            -6.174804
          ],
          [
            106.84873,
            -6.174762
          ],
          [
            106.849007,
            -6.174737
          ],
          [
            106.849281,
            -6.17476
          ],
          [
            106.849455,
            -6.174775
          ],
          [
            106.849523,
            -6.174769
          ],
          [
            106.850034,
            -6.174728
          ],
          [
            106.851145,
            -6.174639
          ],
          [
            106.852259,
            -6.174572
          ],
          [
            106.853306,
            -6.174498
          ],
          [
            106.854296,
            -6.174416
          ],
          [
            106.855456,
            -6.174201
          ],
          [
            106.855525,
            -6.174193
          ],
          [
            106.856391,
            -6.174071
          ],
          [
            106.857627,
            -6.173892
          ],
          [
            106.858018,
            -6.173822
          ],
          [
            106.858092,
            -6.173808
          ],
          [
            106.858488,
            -6.173729
          ],
          [
            106.859411,
            -6.17351
          ],
          [
            106.860098,
            -6.173277
          ],
          [
            106.860309,
            -6.173185
          ],
          [
            106.860734,
            -6.173019
          ],
          [
            106.861302,
            -6.172744
          ],
          [
            106.86215,
            -6.172352
          ],
          [
            106.862274,
            -6.172293
          ],
          [
            106.863703,
            -6.171632
          ],
          [
            106.864668,
            -6.171185
          ],
          [
            106.864965,
            -6.171041
          ],
          [
            106.865071,
            -6.17099
          ],
          [
            106.865258,
            -6.170897
          ],
          [
            106.865332,
            -6.170864
          ],
          [
            106.865796,
            -6.170649
          ],
          [
            106.866224,
            -6.170449
          ],
          [
            106.866777,
            -6.170201
          ],
          [
            106.867155,
            -6.170031
          ],
          [
            106.868465,
            -6.169413
          ],
          [
            106.869617,
            -6.168875
          ],
          [
            106.869903,
            -6.168758
          ],
          [
            106.869943,
            -6.16874
          ],
          [
            106.870237,
            -6.1686
          ],
          [
            106.871144,
            -6.168173
          ],
          [
            106.871527,
            -6.168007
          ],
          [
            106.872402,
            -6.167615
          ],
          [
            106.872749,
            -6.16747
          ],
          [
            106.872988,
            -6.167394
          ],
          [
            106.873228,
            -6.167322
          ],
          [
            106.873927,
            -6.167109
          ],
          [
            106.874212,
            -6.167018
          ],
          [
            106.874712,
            -6.166865
          ],
          [
            106.875197,
            -6.166727
          ],
          [
            106.875519,
            -6.166626
          ],
          [
            106.875762,
            -6.16653
          ],
          [
            106.876055,
            -6.166449
          ],
          [
            106.87629,
            -6.16638
          ],
          [
            106.876639,
            -6.166298
          ],
          [
            106.87688,
            -6.166266
          ],
          [
            106.877068,
            -6.166252
          ],
          [
            106.877615,
            -6.166241
          ],
          [
            106.878105,
            -6.166251
          ],
          [
            106.878654,
            -6.166276
          ],
          [
            106.87881,
            -6.166283
          ],
          [
            106.878922,
            -6.166298
          ],
          [
            106.878985,
            -6.166313
          ],
          [
            106.879026,
            -6.166323
          ],
          [
            106.879106,
            -6.166341
          ],
          [
            106.879251,
            -6.166374
          ],
          [
            106.879564,
            -6.166443
          ],
          [
            106.879673,
            -6.166468
          ],
          [
            106.87982,
            -6.1665
          ],
          [
            106.87996,
            -6.166535
          ],
          [
            106.880242,
            -6.166637
          ],
          [
            106.880393,
            -6.166699
          ],
          [
            106.880541,
            -6.166754
          ],
          [
            106.880843,
            -6.166911
          ],
          [
            106.88101,
            -6.166991
          ],
          [
            106.881168,
            -6.167062
          ],
          [
            106.881317,
            -6.167135
          ],
          [
            106.881396,
            -6.167177
          ],
          [
            106.881433,
            -6.167196
          ],
          [
            106.881579,
            -6.167268
          ],
          [
            106.881734,
            -6.167346
          ],
          [
            106.881873,
            -6.167417
          ],
          [
            106.882,
            -6.16749
          ],
          [
            106.882131,
            -6.167571
          ],
          [
            106.882254,
            -6.167649
          ],
          [
            106.882308,
            -6.167682
          ],
          [
            106.882417,
            -6.16775
          ],
          [
            106.882575,
            -6.167848
          ],
          [
            106.882888,
            -6.168046
          ],
          [
            106.883308,
            -6.16831
          ],
          [
            106.883571,
            -6.168476
          ],
          [
            106.883827,
            -6.168621
          ],
          [
            106.884486,
            -6.169026
          ],
          [
            106.886448,
            -6.170254
          ],
          [
            106.886701,
            -6.170405
          ],
          [
            106.886945,
            -6.170552
          ],
          [
            106.887208,
            -6.170706
          ],
          [
            106.887445,
            -6.170847
          ],
          [
            106.888502,
            -6.171486
          ],
          [
            106.889046,
            -6.171812
          ],
          [
            106.890045,
            -6.172419
          ],
          [
            106.890682,
            -6.172802
          ],
          [
            106.89105,
            -6.173026
          ],
          [
            106.891201,
            -6.17313
          ],
          [
            106.891304,
            -6.173206
          ],
          [
            106.891356,
            -6.173245
          ],
          [
            106.891426,
            -6.173301
          ],
          [
            106.891562,
            -6.173421
          ],
          [
            106.89195,
            -6.173817
          ],
          [
            106.892278,
            -6.174132
          ],
          [
            106.89275,
            -6.174556
          ],
          [
            106.893028,
            -6.17481
          ],
          [
            106.893335,
            -6.175095
          ],
          [
            106.894082,
            -6.175836
          ],
          [
            106.894165,
            -6.175907
          ],
          [
            106.894321,
            -6.176025
          ],
          [
            106.894499,
            -6.176163
          ],
          [
            106.894605,
            -6.176258
          ],
          [
            106.894776,
            -6.176414
          ],
          [
            106.894948,
            -6.176596
          ],
          [
            106.895211,
            -6.176854
          ],
          [
            106.896248,
            -6.177794
          ],
          [
            106.89635,
            -6.177872
          ],
          [
            106.896453,
            -6.177941
          ],
          [
            106.896529,
            -6.177978
          ],
          [
            106.896636,
            -6.178023
          ],
          [
            106.896846,
            -6.178051
          ],
          [
            106.897145,
            -6.178051
          ],
          [
            106.897497,
            -6.178057
          ],
          [
            106.897605,
            -6.17806
          ],
          [
            106.898648,
            -6.178101
          ],
          [
            106.898845,
            -6.178101
          ],
          [
            106.899375,
            -6.178132
          ],
          [
            106.899465,
            -6.17816
          ],
          [
            106.899552,
            -6.178175
          ],
          [
            106.900361,
            -6.178249
          ],
          [
            106.900823,
            -6.178289
          ],
          [
            106.901042,
            -6.178317
          ],
          [
            106.901246,
            -6.178355
          ],
          [
            106.901335,
            -6.178378
          ],
          [
            106.901528,
            -6.178431
          ],
          [
            106.901632,
            -6.17846
          ],
          [
            106.90179,
            -6.178517
          ],
          [
            106.902009,
            -6.1786
          ],
          [
            106.902621,
            -6.17884
          ],
          [
            106.903358,
            -6.179136
          ],
          [
            106.903716,
            -6.179279
          ],
          [
            106.903781,
            -6.179302
          ],
          [
            106.90459,
            -6.179614
          ],
          [
            106.905358,
            -6.179903
          ],
          [
            106.905887,
            -6.180104
          ],
          [
            106.905964,
            -6.180134
          ],
          [
            106.906688,
            -6.1804
          ],
          [
            106.906672,
            -6.18044
          ],
          [
            106.906642,
            -6.180512
          ],
          [
            106.906633,
            -6.180534
          ],
          [
            106.906627,
            -6.180555
          ],
          [
            106.906343,
            -6.180449
          ],
          [
            106.905827,
            -6.180254
          ],
          [
            106.905282,
            -6.180046
          ],
          [
            106.904539,
            -6.179761
          ],
          [
            106.904015,
            -6.179553
          ],
          [
            106.903719,
            -6.179442
          ],
          [
            106.903647,
            -6.179412
          ],
          [
            106.90362,
            -6.179483
          ],
          [
            106.903364,
            -6.179382
          ],
          [
            106.903025,
            -6.179244
          ],
          [
            106.902515,
            -6.179041
          ],
          [
            106.902308,
            -6.179403
          ],
          [
            106.902202,
            -6.179584
          ],
          [
            106.902158,
            -6.17966
          ],
          [
            106.902114,
            -6.179736
          ],
          [
            106.902043,
            -6.179889
          ],
          [
            106.901976,
            -6.180012
          ],
          [
            106.901905,
            -6.180151
          ],
          [
            106.901812,
            -6.180347
          ],
          [
            106.901767,
            -6.180559
          ],
          [
            106.901701,
            -6.180776
          ],
          [
            106.901649,
            -6.180971
          ],
          [
            106.901598,
            -6.18125
          ],
          [
            106.901807,
            -6.181309
          ],
          [
            106.902027,
            -6.181396
          ],
          [
            106.902361,
            -6.181581
          ],
          [
            106.902419,
            -6.18163
          ],
          [
            106.9026,
            -6.181777
          ],
          [
            106.902749,
            -6.181919
          ],
          [
            106.902875,
            -6.182033
          ],
          [
            106.902984,
            -6.182183
          ]
        ]
      }
    },
    {
      "type": "Feature",
      "properties": {
        "route_id": "ID-03",
        "route_name": "TransJakarta Corridor 3",
        "route_type": "BUS",
        "route_ref": "K3",
        "origin_name": "Origin",
        "destination_name": "Destination",
        "region": "Other",
        "province": "Other"
      },
      "geometry": {
        "type": "LineString",
        "coordinates": [
          [
            106.716036,
            -6.155133
          ],
          [
            106.716075,
            -6.155207
          ],
          [
            106.716096,
            -6.155242
          ],
          [
            106.716122,
            -6.15531
          ],
          [
            106.716134,
            -6.155361
          ],
          [
            106.716147,
            -6.155486
          ],
          [
            106.716149,
            -6.155551
          ],
          [
            106.716173,
            -6.155862
          ],
          [
            106.716182,
            -6.156041
          ],
          [
            106.716192,
            -6.156181
          ],
          [
            106.716193,
            -6.156439
          ],
          [
            106.716188,
            -6.156794
          ],
          [
            106.71617,
            -6.157185
          ],
          [
            106.71617,
            -6.157314
          ],
          [
            106.716181,
            -6.157446
          ],
          [
            106.716196,
            -6.157559
          ],
          [
            106.716217,
            -6.157631
          ],
          [
            106.716243,
            -6.157678
          ],
          [
            106.71629,
            -6.15773
          ],
          [
            106.716317,
            -6.157746
          ],
          [
            106.716338,
            -6.157769
          ],
          [
            106.716351,
            -6.157798
          ],
          [
            106.716356,
            -6.157829
          ],
          [
            106.71635,
            -6.157867
          ],
          [
            106.71635,
            -6.157868
          ],
          [
            106.71633,
            -6.157902
          ],
          [
            106.71631,
            -6.15792
          ],
          [
            106.716286,
            -6.157933
          ],
          [
            106.716259,
            -6.15794
          ],
          [
            106.716232,
            -6.15794
          ],
          [
            106.716202,
            -6.157932
          ],
          [
            106.716175,
            -6.157916
          ],
          [
            106.716154,
            -6.157893
          ],
          [
            106.71614,
            -6.157865
          ],
          [
            106.716135,
            -6.157835
          ],
          [
            106.716138,
            -6.157804
          ],
          [
            106.71615,
            -6.157775
          ],
          [
            106.71614,
            -6.157712
          ],
          [
            106.716129,
            -6.157649
          ],
          [
            106.716097,
            -6.157432
          ],
          [
            106.716086,
            -6.157333
          ],
          [
            106.716083,
            -6.157184
          ],
          [
            106.716099,
            -6.156767
          ],
          [
            106.716116,
            -6.1563
          ],
          [
            106.716111,
            -6.156107
          ],
          [
            106.716103,
            -6.15594
          ],
          [
            106.716092,
            -6.155728
          ],
          [
            106.716079,
            -6.155533
          ],
          [
            106.716071,
            -6.15538
          ],
          [
            106.716064,
            -6.15534
          ],
          [
            106.716039,
            -6.155282
          ],
          [
            106.716016,
            -6.155237
          ],
          [
            106.715752,
            -6.154767
          ],
          [
            106.715723,
            -6.154724
          ],
          [
            106.715686,
            -6.154704
          ],
          [
            106.715613,
            -6.154686
          ],
          [
            106.715515,
            -6.154741
          ],
          [
            106.715166,
            -6.154967
          ],
          [
            106.714871,
            -6.155158
          ],
          [
            106.714523,
            -6.155378
          ],
          [
            106.714319,
            -6.155507
          ],
          [
            106.714212,
            -6.155567
          ],
          [
            106.714093,
            -6.155618
          ],
          [
            106.713972,
            -6.155658
          ],
          [
            106.713858,
            -6.155688
          ],
          [
            106.713737,
            -6.15571
          ],
          [
            106.713599,
            -6.15573
          ],
          [
            106.713197,
            -6.155743
          ],
          [
            106.712268,
            -6.155717
          ],
          [
            106.712267,
            -6.155652
          ],
          [
            106.712269,
            -6.155605
          ],
          [
            106.712271,
            -6.155555
          ],
          [
            106.712948,
            -6.155574
          ],
          [
            106.713153,
            -6.155578
          ],
          [
            106.713267,
            -6.155576
          ],
          [
            106.713514,
            -6.155563
          ],
          [
            106.713646,
            -6.155549
          ],
          [
            106.713694,
            -6.155539
          ],
          [
            106.71382,
            -6.155513
          ],
          [
            106.713919,
            -6.155486
          ],
          [
            106.714013,
            -6.155452
          ],
          [
            106.7142,
            -6.155365
          ],
          [
            106.714338,
            -6.155285
          ],
          [
            106.714576,
            -6.155134
          ],
          [
            106.714814,
            -6.154969
          ],
          [
            106.715056,
            -6.154818
          ],
          [
            106.715339,
            -6.154641
          ],
          [
            106.716182,
            -6.154185
          ],
          [
            106.716494,
            -6.154033
          ],
          [
            106.716771,
            -6.153909
          ],
          [
            106.716878,
            -6.15386
          ],
          [
            106.716951,
            -6.153825
          ],
          [
            106.717159,
            -6.153723
          ],
          [
            106.71734,
            -6.153643
          ],
          [
            106.717696,
            -6.153478
          ],
          [
            106.718111,
            -6.153297
          ],
          [
            106.718538,
            -6.153106
          ],
          [
            106.718746,
            -6.153036
          ],
          [
            106.718785,
            -6.153023
          ],
          [
            106.718868,
            -6.153008
          ],
          [
            106.719231,
            -6.152956
          ],
          [
            106.719528,
            -6.152915
          ],
          [
            106.719786,
            -6.152895
          ],
          [
            106.72002,
            -6.152865
          ],
          [
            106.720721,
            -6.15278
          ],
          [
            106.720781,
            -6.152775
          ],
          [
            106.72089,
            -6.152768
          ],
          [
            106.721083,
            -6.152762
          ],
          [
            106.721343,
            -6.152759
          ],
          [
            106.721687,
            -6.152778
          ],
          [
            106.721861,
            -6.152788
          ],
          [
            106.722096,
            -6.152814
          ],
          [
            106.722139,
            -6.152821
          ],
          [
            106.722161,
            -6.152824
          ],
          [
            106.7223,
            -6.152838
          ],
          [
            106.722433,
            -6.152862
          ],
          [
            106.722625,
            -6.152906
          ],
          [
            106.723666,
            -6.153249
          ],
          [
            106.724403,
            -6.153443
          ],
          [
            106.724829,
            -6.153524
          ],
          [
            106.724887,
            -6.153529
          ],
          [
            106.725174,
            -6.153562
          ],
          [
            106.725776,
            -6.153687
          ],
          [
            106.726404,
            -6.15383
          ],
          [
            106.727031,
            -6.15397
          ],
          [
            106.727137,
            -6.153992
          ],
          [
            106.727412,
            -6.154057
          ],
          [
            106.72791,
            -6.154165
          ],
          [
            106.728797,
            -6.154347
          ],
          [
            106.728992,
            -6.154387
          ],
          [
            106.729419,
            -6.154482
          ],
          [
            106.729897,
            -6.154603
          ],
          [
            106.730087,
            -6.154641
          ],
          [
            106.730384,
            -6.154695
          ],
          [
            106.730685,
            -6.154742
          ],
          [
            106.730855,
            -6.154756
          ],
          [
            106.730971,
            -6.154767
          ],
          [
            106.731152,
            -6.154784
          ],
          [
            106.731494,
            -6.154799
          ],
          [
            106.731834,
            -6.154802
          ],
          [
            106.732195,
            -6.154784
          ],
          [
            106.732721,
            -6.154734
          ],
          [
            106.732926,
            -6.15469
          ],
          [
            106.733078,
            -6.154656
          ],
          [
            106.733228,
            -6.154624
          ],
          [
            106.733756,
            -6.154522
          ],
          [
            106.734067,
            -6.154469
          ],
          [
            106.734403,
            -6.154425
          ],
          [
            106.734609,
            -6.154406
          ],
          [
            106.735556,
            -6.154461
          ],
          [
            106.735692,
            -6.154462
          ],
          [
            106.735815,
            -6.154463
          ],
          [
            106.736082,
            -6.154466
          ],
          [
            106.73625,
            -6.154467
          ],
          [
            106.736512,
            -6.154466
          ],
          [
            106.737052,
            -6.154469
          ],
          [
            106.737218,
            -6.154473
          ],
          [
            106.737426,
            -6.15448
          ],
          [
            106.737479,
            -6.154479
          ],
          [
            106.737632,
            -6.154484
          ],
          [
            106.737766,
            -6.154486
          ],
          [
            106.738246,
            -6.154485
          ],
          [
            106.738342,
            -6.154484
          ],
          [
            106.738536,
            -6.154485
          ],
          [
            106.738661,
            -6.154482
          ],
          [
            106.738855,
            -6.154475
          ],
          [
            106.738998,
            -6.154474
          ],
          [
            106.73959,
            -6.154506
          ],
          [
            106.739683,
            -6.154515
          ],
          [
            106.739822,
            -6.154529
          ],
          [
            106.739975,
            -6.154539
          ],
          [
            106.740903,
            -6.154596
          ],
          [
            106.741029,
            -6.154603
          ],
          [
            106.741364,
            -6.15462
          ],
          [
            106.74142,
            -6.154623
          ],
          [
            106.741568,
            -6.154631
          ],
          [
            106.741655,
            -6.154636
          ],
          [
            106.741951,
            -6.154652
          ],
          [
            106.741986,
            -6.154654
          ],
          [
            106.74204,
            -6.154656
          ],
          [
            106.742334,
            -6.154672
          ],
          [
            106.742742,
            -6.154711
          ],
          [
            106.743334,
            -6.154775
          ],
          [
            106.743436,
            -6.154791
          ],
          [
            106.743457,
            -6.154794
          ],
          [
            106.744001,
            -6.154886
          ],
          [
            106.744092,
            -6.154902
          ],
          [
            106.744358,
            -6.154939
          ],
          [
            106.744729,
            -6.154977
          ],
          [
            106.745101,
            -6.155003
          ],
          [
            106.745373,
            -6.155023
          ],
          [
            106.745454,
            -6.155029
          ],
          [
            106.745815,
            -6.155052
          ],
          [
            106.745864,
            -6.155055
          ],
          [
            106.746254,
            -6.155081
          ],
          [
            106.746619,
            -6.155107
          ],
          [
            106.747187,
            -6.155168
          ],
          [
            106.747592,
            -6.155205
          ],
          [
            106.747679,
            -6.155213
          ],
          [
            106.747688,
            -6.155214
          ],
          [
            106.747694,
            -6.155214
          ],
          [
            106.748227,
            -6.155265
          ],
          [
            106.748346,
            -6.155276
          ],
          [
            106.748579,
            -6.155296
          ],
          [
            106.748842,
            -6.155323
          ],
          [
            106.749186,
            -6.155358
          ],
          [
            106.749278,
            -6.155368
          ],
          [
            106.749513,
            -6.155396
          ],
          [
            106.749668,
            -6.155414
          ],
          [
            106.749816,
            -6.155429
          ],
          [
            106.750296,
            -6.155481
          ],
          [
            106.751127,
            -6.155599
          ],
          [
            106.751245,
            -6.155617
          ],
          [
            106.751411,
            -6.155643
          ],
          [
            106.751516,
            -6.155659
          ],
          [
            106.751721,
            -6.15569
          ],
          [
            106.75193,
            -6.155728
          ],
          [
            106.752116,
            -6.155759
          ],
          [
            106.752213,
            -6.155773
          ],
          [
            106.75228,
            -6.155782
          ],
          [
            106.75235,
            -6.155789
          ],
          [
            106.752546,
            -6.1558
          ],
          [
            106.752911,
            -6.155827
          ],
          [
            106.753368,
            -6.15587
          ],
          [
            106.753862,
            -6.155925
          ],
          [
            106.753943,
            -6.155935
          ],
          [
            106.754177,
            -6.15598
          ],
          [
            106.754505,
            -6.156039
          ],
          [
            106.754846,
            -6.156137
          ],
          [
            106.755068,
            -6.156225
          ],
          [
            106.755149,
            -6.156251
          ],
          [
            106.755305,
            -6.156304
          ],
          [
            106.755587,
            -6.156394
          ],
          [
            106.75577,
            -6.156455
          ],
          [
            106.755979,
            -6.156514
          ],
          [
            106.756096,
            -6.156547
          ],
          [
            106.7564,
            -6.15663
          ],
          [
            106.756541,
            -6.156669
          ],
          [
            106.756699,
            -6.156711
          ],
          [
            106.757041,
            -6.156805
          ],
          [
            106.757138,
            -6.15683
          ],
          [
            106.757471,
            -6.156926
          ],
          [
            106.757641,
            -6.156973
          ],
          [
            106.75777,
            -6.157011
          ],
          [
            106.757776,
            -6.157013
          ],
          [
            106.757953,
            -6.157072
          ],
          [
            106.758195,
            -6.157153
          ],
          [
            106.758474,
            -6.157245
          ],
          [
            106.758841,
            -6.15736
          ],
          [
            106.75896,
            -6.157399
          ],
          [
            106.759187,
            -6.157471
          ],
          [
            106.759504,
            -6.15757
          ],
          [
            106.75956,
            -6.157588
          ],
          [
            106.759656,
            -6.157618
          ],
          [
            106.759718,
            -6.15764
          ],
          [
            106.759808,
            -6.157671
          ],
          [
            106.759837,
            -6.157683
          ],
          [
            106.759872,
            -6.15771
          ],
          [
            106.759906,
            -6.157731
          ],
          [
            106.760205,
            -6.157839
          ],
          [
            106.761499,
            -6.158311
          ],
          [
            106.761819,
            -6.158383
          ],
          [
            106.761976,
            -6.15841
          ],
          [
            106.76214,
            -6.158422
          ],
          [
            106.762471,
            -6.158421
          ],
          [
            106.764103,
            -6.158382
          ],
          [
            106.764583,
            -6.158305
          ],
          [
            106.764732,
            -6.158268
          ],
          [
            106.765109,
            -6.158154
          ],
          [
            106.766403,
            -6.157601
          ],
          [
            106.766616,
            -6.157532
          ],
          [
            106.766788,
            -6.157505
          ],
          [
            106.766911,
            -6.157507
          ],
          [
            106.767087,
            -6.157536
          ],
          [
            106.767181,
            -6.157573
          ],
          [
            106.767348,
            -6.157658
          ],
          [
            106.767446,
            -6.15772
          ],
          [
            106.768326,
            -6.158306
          ],
          [
            106.768519,
            -6.158461
          ],
          [
            106.768674,
            -6.158613
          ],
          [
            106.76874,
            -6.158702
          ],
          [
            106.768817,
            -6.158806
          ],
          [
            106.768869,
            -6.158894
          ],
          [
            106.76892,
            -6.159
          ],
          [
            106.768994,
            -6.15918
          ],
          [
            106.769536,
            -6.16066
          ],
          [
            106.769614,
            -6.160838
          ],
          [
            106.769717,
            -6.161
          ],
          [
            106.769811,
            -6.161105
          ],
          [
            106.769903,
            -6.161194
          ],
          [
            106.770047,
            -6.161292
          ],
          [
            106.770256,
            -6.16139
          ],
          [
            106.771834,
            -6.162012
          ],
          [
            106.772087,
            -6.162104
          ],
          [
            106.772143,
            -6.162111
          ],
          [
            106.772221,
            -6.162117
          ],
          [
            106.772282,
            -6.162142
          ],
          [
            106.772343,
            -6.162169
          ],
          [
            106.772604,
            -6.162272
          ],
          [
            106.772695,
            -6.162312
          ],
          [
            106.77293,
            -6.162404
          ],
          [
            106.773034,
            -6.162445
          ],
          [
            106.773115,
            -6.162475
          ],
          [
            106.773143,
            -6.162486
          ],
          [
            106.773427,
            -6.162595
          ],
          [
            106.773666,
            -6.162689
          ],
          [
            106.77395,
            -6.1628
          ],
          [
            106.77429,
            -6.162933
          ],
          [
            106.774714,
            -6.163099
          ],
          [
            106.774916,
            -6.163179
          ],
          [
            106.775191,
            -6.163286
          ],
          [
            106.775391,
            -6.163365
          ],
          [
            106.775511,
            -6.163412
          ],
          [
            106.775528,
            -6.163418
          ],
          [
            106.775606,
            -6.163449
          ],
          [
            106.776033,
            -6.163616
          ],
          [
            106.77619,
            -6.163678
          ],
          [
            106.776259,
            -6.163705
          ],
          [
            106.776818,
            -6.163924
          ],
          [
            106.777119,
            -6.164042
          ],
          [
            106.777253,
            -6.164095
          ],
          [
            106.777458,
            -6.16417
          ],
          [
            106.777815,
            -6.164306
          ],
          [
            106.778076,
            -6.164414
          ],
          [
            106.778309,
            -6.164504
          ],
          [
            106.778784,
            -6.164689
          ],
          [
            106.779181,
            -6.164818
          ],
          [
            106.779289,
            -6.164846
          ],
          [
            106.779491,
            -6.164855
          ],
          [
            106.780088,
            -6.164829
          ],
          [
            106.780652,
            -6.164804
          ],
          [
            106.780763,
            -6.164802
          ],
          [
            106.780946,
            -6.164796
          ],
          [
            106.781071,
            -6.164812
          ],
          [
            106.781224,
            -6.164827
          ],
          [
            106.781438,
            -6.164872
          ],
          [
            106.78167,
            -6.164921
          ],
          [
            106.781894,
            -6.164968
          ],
          [
            106.782187,
            -6.16503
          ],
          [
            106.782803,
            -6.165159
          ],
          [
            106.782869,
            -6.165173
          ],
          [
            106.783036,
            -6.165208
          ],
          [
            106.783115,
            -6.165225
          ],
          [
            106.783577,
            -6.165322
          ],
          [
            106.783642,
            -6.165335
          ],
          [
            106.783976,
            -6.165406
          ],
          [
            106.78403,
            -6.165418
          ],
          [
            106.784321,
            -6.165471
          ],
          [
            106.784567,
            -6.165516
          ],
          [
            106.784799,
            -6.165561
          ],
          [
            106.784872,
            -6.16558
          ],
          [
            106.78498,
            -6.165617
          ],
          [
            106.785236,
            -6.165736
          ],
          [
            106.785504,
            -6.165888
          ],
          [
            106.78573,
            -6.166041
          ],
          [
            106.785974,
            -6.166181
          ],
          [
            106.786139,
            -6.166259
          ],
          [
            106.786218,
            -6.166294
          ],
          [
            106.786438,
            -6.166376
          ],
          [
            106.78653,
            -6.166404
          ],
          [
            106.786719,
            -6.166456
          ],
          [
            106.786799,
            -6.166473
          ],
          [
            106.786835,
            -6.166482
          ],
          [
            106.787135,
            -6.166545
          ],
          [
            106.787288,
            -6.166576
          ],
          [
            106.787348,
            -6.166587
          ],
          [
            106.787756,
            -6.166679
          ],
          [
            106.787877,
            -6.166707
          ],
          [
            106.787932,
            -6.166714
          ],
          [
            106.787962,
            -6.166716
          ],
          [
            106.788107,
            -6.166726
          ],
          [
            106.788138,
            -6.166728
          ],
          [
            106.788808,
            -6.166789
          ],
          [
            106.78914,
            -6.166761
          ],
          [
            106.790024,
            -6.166682
          ],
          [
            106.790057,
            -6.166679
          ],
          [
            106.790239,
            -6.166663
          ],
          [
            106.790636,
            -6.166629
          ],
          [
            106.790903,
            -6.166605
          ],
          [
            106.791268,
            -6.166576
          ],
          [
            106.791661,
            -6.166542
          ],
          [
            106.792647,
            -6.166466
          ],
          [
            106.793448,
            -6.166398
          ],
          [
            106.793599,
            -6.166387
          ],
          [
            106.794058,
            -6.166355
          ],
          [
            106.797003,
            -6.166152
          ],
          [
            106.796986,
            -6.1659
          ],
          [
            106.79697,
            -6.165595
          ],
          [
            106.796963,
            -6.165497
          ],
          [
            106.796941,
            -6.165221
          ],
          [
            106.796919,
            -6.164911
          ],
          [
            106.796887,
            -6.164558
          ],
          [
            106.796861,
            -6.164249
          ],
          [
            106.79683,
            -6.163955
          ],
          [
            106.796825,
            -6.163921
          ],
          [
            106.796776,
            -6.163429
          ],
          [
            106.796771,
            -6.163392
          ],
          [
            106.796764,
            -6.163347
          ],
          [
            106.796725,
            -6.163074
          ],
          [
            106.796575,
            -6.162393
          ],
          [
            106.796704,
            -6.162354
          ],
          [
            106.797362,
            -6.16206
          ],
          [
            106.797388,
            -6.162049
          ],
          [
            106.797456,
            -6.162018
          ],
          [
            106.797653,
            -6.16193
          ],
          [
            106.797688,
            -6.161912
          ],
          [
            106.797718,
            -6.161888
          ],
          [
            106.797737,
            -6.161857
          ],
          [
            106.797748,
            -6.161827
          ],
          [
            106.797747,
            -6.161779
          ],
          [
            106.797712,
            -6.161632
          ],
          [
            106.797687,
            -6.161562
          ],
          [
            106.797576,
            -6.161263
          ],
          [
            106.797272,
            -6.161385
          ],
          [
            106.796518,
            -6.161637
          ],
          [
            106.79626,
            -6.161705
          ],
          [
            106.795598,
            -6.161826
          ],
          [
            106.795017,
            -6.161881
          ],
          [
            106.79439,
            -6.161876
          ],
          [
            106.793878,
            -6.161855
          ],
          [
            106.793784,
            -6.161851
          ],
          [
            106.793327,
            -6.161833
          ],
          [
            106.793109,
            -6.161826
          ]
        ]
      }
    },
    {
      "type": "Feature",
      "properties": {
        "route_id": "ID-04",
        "route_name": "TransJakarta Corridor 4",
        "route_type": "BUS",
        "route_ref": "K4",
        "origin_name": "Origin",
        "destination_name": "Destination",
        "region": "Other",
        "province": "Other"
      },
      "geometry": {
        "type": "LineString",
        "coordinates": [
          [
            106.902984,
            -6.182183
          ],
          [
            106.902875,
            -6.182033
          ],
          [
            106.902749,
            -6.181919
          ],
          [
            106.9026,
            -6.181777
          ],
          [
            106.902419,
            -6.18163
          ],
          [
            106.902361,
            -6.181581
          ],
          [
            106.902027,
            -6.181396
          ],
          [
            106.901807,
            -6.181309
          ],
          [
            106.901598,
            -6.18125
          ],
          [
            106.901649,
            -6.180971
          ],
          [
            106.901701,
            -6.180776
          ],
          [
            106.901767,
            -6.180559
          ],
          [
            106.901812,
            -6.180347
          ],
          [
            106.901905,
            -6.180151
          ],
          [
            106.901976,
            -6.180012
          ],
          [
            106.902043,
            -6.179889
          ],
          [
            106.902114,
            -6.179736
          ],
          [
            106.902158,
            -6.17966
          ],
          [
            106.902202,
            -6.179584
          ],
          [
            106.902308,
            -6.179403
          ],
          [
            106.902515,
            -6.179041
          ],
          [
            106.902054,
            -6.178873
          ],
          [
            106.901901,
            -6.17881
          ],
          [
            106.901617,
            -6.178696
          ],
          [
            106.901275,
            -6.178596
          ],
          [
            106.900984,
            -6.178541
          ],
          [
            106.899215,
            -6.17838
          ],
          [
            106.899147,
            -6.178373
          ],
          [
            106.8991,
            -6.178365
          ],
          [
            106.89895,
            -6.17833
          ],
          [
            106.898243,
            -6.178269
          ],
          [
            106.89755,
            -6.178233
          ],
          [
            106.897158,
            -6.178237
          ],
          [
            106.89698,
            -6.178243
          ],
          [
            106.896684,
            -6.178226
          ],
          [
            106.896544,
            -6.178195
          ],
          [
            106.896393,
            -6.178128
          ],
          [
            106.896232,
            -6.178044
          ],
          [
            106.896197,
            -6.178022
          ],
          [
            106.896037,
            -6.17789
          ],
          [
            106.895006,
            -6.176948
          ],
          [
            106.894504,
            -6.176539
          ],
          [
            106.894412,
            -6.17641
          ],
          [
            106.894284,
            -6.176308
          ],
          [
            106.894132,
            -6.176178
          ],
          [
            106.894014,
            -6.176067
          ],
          [
            106.893862,
            -6.175925
          ],
          [
            106.89351,
            -6.175604
          ],
          [
            106.893489,
            -6.175584
          ],
          [
            106.893016,
            -6.175156
          ],
          [
            106.893003,
            -6.175145
          ],
          [
            106.89287,
            -6.175017
          ],
          [
            106.89264,
            -6.174804
          ],
          [
            106.892502,
            -6.174668
          ],
          [
            106.892137,
            -6.174333
          ],
          [
            106.891881,
            -6.174115
          ],
          [
            106.891579,
            -6.173831
          ],
          [
            106.891236,
            -6.173497
          ],
          [
            106.891128,
            -6.173411
          ],
          [
            106.891,
            -6.173316
          ],
          [
            106.890855,
            -6.173214
          ],
          [
            106.890702,
            -6.17312
          ],
          [
            106.89057,
            -6.173036
          ],
          [
            106.890422,
            -6.172946
          ],
          [
            106.890062,
            -6.172722
          ],
          [
            106.88927,
            -6.172239
          ],
          [
            106.889171,
            -6.172185
          ],
          [
            106.8889,
            -6.172013
          ],
          [
            106.88856,
            -6.171804
          ],
          [
            106.887726,
            -6.171299
          ],
          [
            106.887153,
            -6.170961
          ],
          [
            106.88684,
            -6.170768
          ],
          [
            106.886388,
            -6.170497
          ],
          [
            106.886328,
            -6.170458
          ],
          [
            106.885878,
            -6.170191
          ],
          [
            106.885476,
            -6.169954
          ],
          [
            106.885082,
            -6.16971
          ],
          [
            106.884696,
            -6.169464
          ],
          [
            106.884331,
            -6.169234
          ],
          [
            106.883851,
            -6.168941
          ],
          [
            106.883743,
            -6.168873
          ],
          [
            106.883346,
            -6.168628
          ],
          [
            106.883134,
            -6.168498
          ],
          [
            106.882925,
            -6.168372
          ],
          [
            106.882424,
            -6.168063
          ],
          [
            106.882101,
            -6.167863
          ],
          [
            106.88168,
            -6.167604
          ],
          [
            106.88143,
            -6.167447
          ],
          [
            106.881292,
            -6.167367
          ],
          [
            106.881177,
            -6.167297
          ],
          [
            106.880885,
            -6.16713
          ],
          [
            106.880715,
            -6.167047
          ],
          [
            106.88046,
            -6.166922
          ],
          [
            106.880226,
            -6.166859
          ],
          [
            106.880042,
            -6.166824
          ],
          [
            106.880011,
            -6.166818
          ],
          [
            106.879717,
            -6.166767
          ],
          [
            106.87954,
            -6.166738
          ],
          [
            106.87944,
            -6.166722
          ],
          [
            106.879303,
            -6.166713
          ],
          [
            106.879077,
            -6.166728
          ],
          [
            106.879017,
            -6.166744
          ],
          [
            106.878967,
            -6.166762
          ],
          [
            106.87888,
            -6.166814
          ],
          [
            106.878726,
            -6.166935
          ],
          [
            106.878669,
            -6.167055
          ],
          [
            106.878296,
            -6.167972
          ],
          [
            106.878047,
            -6.168963
          ],
          [
            106.87778,
            -6.17
          ],
          [
            106.877507,
            -6.170798
          ],
          [
            106.87738,
            -6.171217
          ],
          [
            106.876531,
            -6.174363
          ],
          [
            106.876432,
            -6.174761
          ],
          [
            106.876353,
            -6.175078
          ],
          [
            106.876278,
            -6.175419
          ],
          [
            106.876193,
            -6.176014
          ],
          [
            106.876204,
            -6.176157
          ],
          [
            106.876194,
            -6.176326
          ],
          [
            106.87611,
            -6.177294
          ],
          [
            106.876079,
            -6.177645
          ],
          [
            106.876012,
            -6.178919
          ],
          [
            106.875922,
            -6.18051
          ],
          [
            106.875908,
            -6.18078
          ],
          [
            106.875847,
            -6.181677
          ],
          [
            106.875832,
            -6.181916
          ],
          [
            106.875804,
            -6.182302
          ],
          [
            106.875765,
            -6.18283
          ],
          [
            106.875692,
            -6.184648
          ],
          [
            106.875691,
            -6.184861
          ],
          [
            106.875687,
            -6.184954
          ],
          [
            106.875578,
            -6.187351
          ],
          [
            106.875571,
            -6.187508
          ],
          [
            106.875568,
            -6.187581
          ],
          [
            106.875567,
            -6.187597
          ],
          [
            106.875557,
            -6.187825
          ],
          [
            106.875556,
            -6.187844
          ],
          [
            106.87554,
            -6.188249
          ],
          [
            106.875538,
            -6.188475
          ],
          [
            106.875526,
            -6.188663
          ],
          [
            106.875522,
            -6.188841
          ],
          [
            106.875514,
            -6.189117
          ],
          [
            106.875496,
            -6.189398
          ],
          [
            106.875486,
            -6.189626
          ],
          [
            106.875476,
            -6.189823
          ],
          [
            106.875447,
            -6.190227
          ],
          [
            106.875439,
            -6.190316
          ],
          [
            106.875432,
            -6.190379
          ],
          [
            106.875422,
            -6.190447
          ],
          [
            106.875412,
            -6.190559
          ],
          [
            106.87538,
            -6.190938
          ],
          [
            106.875339,
            -6.191284
          ],
          [
            106.875268,
            -6.191731
          ],
          [
            106.875188,
            -6.192222
          ],
          [
            106.875175,
            -6.192301
          ],
          [
            106.875165,
            -6.192368
          ],
          [
            106.875149,
            -6.192448
          ],
          [
            106.875102,
            -6.192443
          ],
          [
            106.874987,
            -6.19243
          ],
          [
            106.874906,
            -6.19242
          ],
          [
            106.874634,
            -6.192376
          ],
          [
            106.874577,
            -6.192397
          ],
          [
            106.874544,
            -6.192403
          ],
          [
            106.87448,
            -6.192401
          ],
          [
            106.874424,
            -6.192396
          ],
          [
            106.874046,
            -6.192335
          ],
          [
            106.873829,
            -6.192299
          ],
          [
            106.873813,
            -6.192297
          ],
          [
            106.8737,
            -6.192278
          ],
          [
            106.873486,
            -6.192242
          ],
          [
            106.873436,
            -6.192234
          ],
          [
            106.873388,
            -6.192226
          ],
          [
            106.873201,
            -6.192196
          ],
          [
            106.8726,
            -6.192132
          ],
          [
            106.872493,
            -6.192121
          ],
          [
            106.872353,
            -6.192106
          ],
          [
            106.872203,
            -6.192101
          ],
          [
            106.872088,
            -6.192098
          ],
          [
            106.871825,
            -6.192093
          ],
          [
            106.871743,
            -6.192096
          ],
          [
            106.871313,
            -6.192114
          ],
          [
            106.871079,
            -6.192134
          ],
          [
            106.870638,
            -6.192173
          ],
          [
            106.870421,
            -6.192191
          ],
          [
            106.87016,
            -6.192216
          ],
          [
            106.870119,
            -6.192222
          ],
          [
            106.869997,
            -6.192233
          ],
          [
            106.869898,
            -6.192244
          ],
          [
            106.869684,
            -6.192268
          ],
          [
            106.869426,
            -6.192297
          ],
          [
            106.86933,
            -6.192307
          ],
          [
            106.869267,
            -6.192314
          ],
          [
            106.869233,
            -6.192317
          ],
          [
            106.869179,
            -6.192323
          ],
          [
            106.868946,
            -6.192351
          ],
          [
            106.868752,
            -6.19237
          ],
          [
            106.868502,
            -6.192395
          ],
          [
            106.868487,
            -6.192395
          ],
          [
            106.868444,
            -6.192399
          ],
          [
            106.868393,
            -6.192404
          ],
          [
            106.8683,
            -6.192412
          ],
          [
            106.867745,
            -6.192465
          ],
          [
            106.867471,
            -6.192491
          ],
          [
            106.867209,
            -6.192515
          ],
          [
            106.866946,
            -6.192541
          ],
          [
            106.866923,
            -6.192543
          ],
          [
            106.866753,
            -6.192558
          ],
          [
            106.866544,
            -6.192575
          ],
          [
            106.866419,
            -6.192586
          ],
          [
            106.866169,
            -6.192612
          ],
          [
            106.865862,
            -6.192644
          ],
          [
            106.865469,
            -6.19271
          ],
          [
            106.865457,
            -6.192712
          ],
          [
            106.865293,
            -6.19274
          ],
          [
            106.865176,
            -6.192762
          ],
          [
            106.8651,
            -6.192777
          ],
          [
            106.864758,
            -6.192843
          ],
          [
            106.86449,
            -6.192901
          ],
          [
            106.864455,
            -6.192911
          ],
          [
            106.864362,
            -6.192939
          ],
          [
            106.864185,
            -6.192986
          ],
          [
            106.863852,
            -6.193088
          ],
          [
            106.863259,
            -6.193303
          ],
          [
            106.8632,
            -6.193329
          ],
          [
            106.862771,
            -6.193517
          ],
          [
            106.862343,
            -6.193737
          ],
          [
            106.862092,
            -6.193873
          ],
          [
            106.861971,
            -6.193937
          ],
          [
            106.861713,
            -6.194086
          ],
          [
            106.861277,
            -6.194371
          ],
          [
            106.861242,
            -6.194394
          ],
          [
            106.861181,
            -6.194435
          ],
          [
            106.860962,
            -6.194585
          ],
          [
            106.860879,
            -6.19464
          ],
          [
            106.860687,
            -6.194767
          ],
          [
            106.860332,
            -6.194994
          ],
          [
            106.860154,
            -6.195107
          ],
          [
            106.860065,
            -6.195175
          ],
          [
            106.859933,
            -6.195275
          ],
          [
            106.859833,
            -6.195351
          ],
          [
            106.859471,
            -6.195581
          ],
          [
            106.859105,
            -6.195823
          ],
          [
            106.859005,
            -6.195888
          ],
          [
            106.858549,
            -6.196199
          ],
          [
            106.858515,
            -6.196222
          ],
          [
            106.858438,
            -6.196274
          ],
          [
            106.858412,
            -6.196292
          ],
          [
            106.858344,
            -6.196336
          ],
          [
            106.85831,
            -6.196358
          ],
          [
            106.857907,
            -6.196635
          ],
          [
            106.857872,
            -6.196659
          ],
          [
            106.857831,
            -6.196687
          ],
          [
            106.85773,
            -6.196754
          ],
          [
            106.857686,
            -6.196785
          ],
          [
            106.857602,
            -6.196842
          ],
          [
            106.857405,
            -6.196969
          ],
          [
            106.857365,
            -6.196995
          ],
          [
            106.857225,
            -6.197062
          ],
          [
            106.857173,
            -6.197087
          ],
          [
            106.857107,
            -6.197131
          ],
          [
            106.856611,
            -6.197464
          ],
          [
            106.856376,
            -6.197621
          ],
          [
            106.856353,
            -6.197636
          ],
          [
            106.856082,
            -6.197796
          ],
          [
            106.855858,
            -6.197944
          ],
          [
            106.855252,
            -6.198378
          ],
          [
            106.854873,
            -6.198662
          ],
          [
            106.854505,
            -6.198943
          ],
          [
            106.854048,
            -6.199312
          ],
          [
            106.853687,
            -6.199611
          ],
          [
            106.853004,
            -6.200197
          ],
          [
            106.852909,
            -6.20028
          ],
          [
            106.852069,
            -6.201012
          ],
          [
            106.851819,
            -6.201218
          ],
          [
            106.85177,
            -6.201263
          ],
          [
            106.851722,
            -6.201316
          ],
          [
            106.851645,
            -6.201365
          ],
          [
            106.851408,
            -6.201523
          ],
          [
            106.851326,
            -6.201572
          ],
          [
            106.851002,
            -6.201752
          ],
          [
            106.85092,
            -6.201784
          ],
          [
            106.850831,
            -6.201818
          ],
          [
            106.850756,
            -6.201852
          ],
          [
            106.850634,
            -6.201919
          ],
          [
            106.850566,
            -6.201963
          ],
          [
            106.849812,
            -6.202456
          ],
          [
            106.849712,
            -6.202525
          ],
          [
            106.849679,
            -6.202549
          ],
          [
            106.849648,
            -6.202572
          ],
          [
            106.849581,
            -6.202603
          ],
          [
            106.84951,
            -6.202626
          ],
          [
            106.84944,
            -6.202644
          ],
          [
            106.849359,
            -6.202665
          ],
          [
            106.849273,
            -6.202681
          ],
          [
            106.849196,
            -6.20269
          ],
          [
            106.849121,
            -6.202695
          ],
          [
            106.849002,
            -6.202699
          ],
          [
            106.848864,
            -6.202694
          ],
          [
            106.848728,
            -6.202683
          ],
          [
            106.848558,
            -6.202666
          ],
          [
            106.848418,
            -6.202649
          ],
          [
            106.847912,
            -6.202576
          ],
          [
            106.847803,
            -6.202559
          ],
          [
            106.847191,
            -6.202465
          ],
          [
            106.846428,
            -6.202342
          ],
          [
            106.846317,
            -6.202341
          ],
          [
            106.846242,
            -6.202361
          ],
          [
            106.846213,
            -6.202375
          ],
          [
            106.846159,
            -6.202404
          ],
          [
            106.846116,
            -6.202434
          ],
          [
            106.846072,
            -6.202473
          ],
          [
            106.845977,
            -6.202572
          ],
          [
            106.845474,
            -6.203188
          ],
          [
            106.845417,
            -6.203273
          ],
          [
            106.845391,
            -6.203304
          ],
          [
            106.84535,
            -6.203346
          ],
          [
            106.845289,
            -6.20338
          ],
          [
            106.845212,
            -6.203357
          ],
          [
            106.845098,
            -6.203319
          ],
          [
            106.844972,
            -6.203265
          ],
          [
            106.84488,
            -6.203137
          ],
          [
            106.844438,
            -6.202524
          ],
          [
            106.844177,
            -6.202161
          ],
          [
            106.843931,
            -6.201819
          ],
          [
            106.843896,
            -6.201768
          ],
          [
            106.843338,
            -6.200925
          ],
          [
            106.843284,
            -6.200843
          ],
          [
            106.843146,
            -6.200905
          ],
          [
            106.842853,
            -6.201046
          ],
          [
            106.842763,
            -6.201089
          ],
          [
            106.842613,
            -6.201152
          ],
          [
            106.842469,
            -6.201203
          ],
          [
            106.842453,
            -6.201209
          ],
          [
            106.842255,
            -6.201269
          ],
          [
            106.842227,
            -6.201277
          ],
          [
            106.842137,
            -6.201299
          ],
          [
            106.841904,
            -6.201355
          ],
          [
            106.841664,
            -6.201413
          ],
          [
            106.84127,
            -6.201478
          ],
          [
            106.841177,
            -6.201482
          ],
          [
            106.84089,
            -6.201451
          ],
          [
            106.840825,
            -6.201441
          ],
          [
            106.840265,
            -6.20136
          ],
          [
            106.839396,
            -6.201231
          ],
          [
            106.838031,
            -6.201023
          ],
          [
            106.837957,
            -6.201011
          ],
          [
            106.837842,
            -6.200993
          ],
          [
            106.837594,
            -6.200955
          ],
          [
            106.837405,
            -6.20093
          ],
          [
            106.836215,
            -6.200776
          ],
          [
            106.835841,
            -6.200727
          ],
          [
            106.834811,
            -6.200594
          ],
          [
            106.833281,
            -6.200387
          ],
          [
            106.833202,
            -6.200377
          ],
          [
            106.833144,
            -6.200388
          ],
          [
            106.833025,
            -6.200405
          ],
          [
            106.832887,
            -6.200392
          ],
          [
            106.832779,
            -6.200389
          ],
          [
            106.832463,
            -6.20035
          ],
          [
            106.832053,
            -6.200253
          ],
          [
            106.831901,
            -6.200216
          ],
          [
            106.831819,
            -6.200181
          ],
          [
            106.831725,
            -6.200147
          ],
          [
            106.831125,
            -6.200058
          ],
          [
            106.830884,
            -6.200023
          ],
          [
            106.82998,
            -6.199892
          ],
          [
            106.828386,
            -6.199684
          ],
          [
            106.828307,
            -6.199668
          ],
          [
            106.82824,
            -6.199656
          ],
          [
            106.828133,
            -6.199629
          ],
          [
            106.827726,
            -6.199504
          ],
          [
            106.827447,
            -6.199391
          ],
          [
            106.827381,
            -6.199353
          ],
          [
            106.827255,
            -6.199282
          ],
          [
            106.827074,
            -6.199163
          ],
          [
            106.826884,
            -6.19902
          ],
          [
            106.826637,
            -6.198812
          ],
          [
            106.826364,
            -6.198536
          ],
          [
            106.825961,
            -6.198114
          ],
          [
            106.825716,
            -6.19784
          ],
          [
            106.825461,
            -6.197548
          ],
          [
            106.825326,
            -6.197387
          ],
          [
            106.824668,
            -6.196634
          ],
          [
            106.824622,
            -6.196572
          ],
          [
            106.824537,
            -6.196646
          ],
          [
            106.824447,
            -6.196668
          ],
          [
            106.824124,
            -6.196963
          ],
          [
            106.823872,
            -6.197191
          ],
          [
            106.823405,
            -6.197647
          ],
          [
            106.823373,
            -6.197677
          ],
          [
            106.823358,
            -6.197711
          ],
          [
            106.823355,
            -6.197748
          ],
          [
            106.823364,
            -6.198174
          ],
          [
            106.823358,
            -6.198372
          ],
          [
            106.823431,
            -6.198435
          ],
          [
            106.823452,
            -6.198453
          ],
          [
            106.823789,
            -6.198774
          ],
          [
            106.823875,
            -6.198864
          ],
          [
            106.823974,
            -6.198969
          ],
          [
            106.824018,
            -6.199015
          ],
          [
            106.824123,
            -6.199121
          ],
          [
            106.825581,
            -6.200581
          ],
          [
            106.825529,
            -6.20063
          ],
          [
            106.825236,
            -6.200902
          ],
          [
            106.82516,
            -6.201003
          ],
          [
            106.825093,
            -6.201294
          ],
          [
            106.825025,
            -6.201586
          ],
          [
            106.824953,
            -6.201906
          ],
          [
            106.824942,
            -6.202211
          ],
          [
            106.824781,
            -6.202165
          ],
          [
            106.824421,
            -6.202074
          ],
          [
            106.824126,
            -6.202
          ]
        ]
      }
    },
    {
      "type": "Feature",
      "properties": {
        "route_id": "ID-05",
        "route_name": "TransJakarta Corridor 5",
        "route_type": "BUS",
        "route_ref": "K5",
        "origin_name": "Origin",
        "destination_name": "Destination",
        "region": "Other",
        "province": "Other"
      },
      "geometry": {
        "type": "LineString",
        "coordinates": [
          [
            106.833162,
            -6.121529
          ],
          [
            106.833082,
            -6.121546
          ],
          [
            106.833041,
            -6.121559
          ],
          [
            106.833009,
            -6.121586
          ],
          [
            106.832995,
            -6.121633
          ],
          [
            106.833015,
            -6.121815
          ],
          [
            106.833032,
            -6.121922
          ],
          [
            106.832692,
            -6.12197
          ],
          [
            106.831556,
            -6.12214
          ],
          [
            106.831351,
            -6.122163
          ],
          [
            106.831202,
            -6.122153
          ],
          [
            106.831063,
            -6.122135
          ],
          [
            106.830988,
            -6.122131
          ],
          [
            106.830845,
            -6.122146
          ],
          [
            106.830686,
            -6.12218
          ],
          [
            106.830458,
            -6.122247
          ],
          [
            106.830316,
            -6.122287
          ],
          [
            106.830241,
            -6.122301
          ],
          [
            106.829939,
            -6.122363
          ],
          [
            106.829885,
            -6.122383
          ],
          [
            106.829832,
            -6.122418
          ],
          [
            106.829818,
            -6.122435
          ],
          [
            106.829805,
            -6.122463
          ],
          [
            106.829803,
            -6.122517
          ],
          [
            106.829949,
            -6.123543
          ],
          [
            106.830004,
            -6.123928
          ],
          [
            106.830163,
            -6.125158
          ],
          [
            106.83019,
            -6.125249
          ],
          [
            106.830217,
            -6.125359
          ],
          [
            106.830242,
            -6.125369
          ],
          [
            106.830262,
            -6.125387
          ],
          [
            106.830274,
            -6.125407
          ],
          [
            106.83028,
            -6.125429
          ],
          [
            106.830279,
            -6.125453
          ],
          [
            106.830271,
            -6.125475
          ],
          [
            106.830258,
            -6.125493
          ],
          [
            106.830242,
            -6.125506
          ],
          [
            106.830225,
            -6.125514
          ],
          [
            106.8302,
            -6.125519
          ],
          [
            106.830176,
            -6.125515
          ],
          [
            106.830145,
            -6.125521
          ],
          [
            106.830087,
            -6.125534
          ],
          [
            106.830039,
            -6.125544
          ],
          [
            106.829563,
            -6.125615
          ],
          [
            106.829458,
            -6.12563
          ],
          [
            106.829441,
            -6.12563
          ],
          [
            106.829416,
            -6.125598
          ],
          [
            106.829431,
            -6.125684
          ],
          [
            106.829552,
            -6.126428
          ],
          [
            106.829668,
            -6.12698
          ],
          [
            106.829714,
            -6.127274
          ],
          [
            106.829772,
            -6.127402
          ],
          [
            106.829794,
            -6.127729
          ],
          [
            106.829696,
            -6.127736
          ],
          [
            106.829588,
            -6.127751
          ],
          [
            106.82915,
            -6.127815
          ],
          [
            106.829089,
            -6.127827
          ],
          [
            106.829037,
            -6.127838
          ],
          [
            106.828732,
            -6.127902
          ],
          [
            106.828624,
            -6.12792
          ],
          [
            106.827859,
            -6.128049
          ],
          [
            106.827656,
            -6.128086
          ],
          [
            106.82741,
            -6.128133
          ],
          [
            106.827037,
            -6.128204
          ],
          [
            106.826887,
            -6.12823
          ],
          [
            106.826726,
            -6.128262
          ],
          [
            106.825828,
            -6.128437
          ],
          [
            106.825399,
            -6.128526
          ],
          [
            106.825528,
            -6.12902
          ],
          [
            106.825644,
            -6.129603
          ],
          [
            106.825657,
            -6.129671
          ],
          [
            106.825792,
            -6.13054
          ],
          [
            106.82583,
            -6.130718
          ],
          [
            106.82621,
            -6.130648
          ],
          [
            106.827283,
            -6.130453
          ],
          [
            106.828216,
            -6.130284
          ],
          [
            106.828821,
            -6.130207
          ],
          [
            106.829272,
            -6.130094
          ],
          [
            106.829496,
            -6.130056
          ],
          [
            106.829553,
            -6.130137
          ],
          [
            106.829832,
            -6.130506
          ],
          [
            106.829879,
            -6.130553
          ],
          [
            106.829963,
            -6.130574
          ],
          [
            106.830007,
            -6.130569
          ],
          [
            106.830501,
            -6.130474
          ],
          [
            106.830798,
            -6.130421
          ],
          [
            106.830831,
            -6.130415
          ],
          [
            106.830859,
            -6.13041
          ],
          [
            106.830912,
            -6.130402
          ],
          [
            106.830979,
            -6.130392
          ],
          [
            106.83101,
            -6.130552
          ],
          [
            106.831043,
            -6.13071
          ],
          [
            106.831068,
            -6.130838
          ],
          [
            106.831139,
            -6.131275
          ],
          [
            106.831182,
            -6.131494
          ],
          [
            106.831187,
            -6.131527
          ],
          [
            106.831216,
            -6.131559
          ],
          [
            106.831233,
            -6.131646
          ],
          [
            106.831249,
            -6.131734
          ],
          [
            106.831292,
            -6.13192
          ],
          [
            106.831309,
            -6.13199
          ],
          [
            106.83134,
            -6.132101
          ],
          [
            106.831366,
            -6.132191
          ],
          [
            106.831379,
            -6.132247
          ],
          [
            106.831421,
            -6.132444
          ],
          [
            106.831627,
            -6.133289
          ],
          [
            106.831645,
            -6.133382
          ],
          [
            106.83165,
            -6.133404
          ],
          [
            106.831673,
            -6.133515
          ],
          [
            106.831775,
            -6.13389
          ],
          [
            106.831814,
            -6.134038
          ],
          [
            106.831826,
            -6.134084
          ],
          [
            106.831831,
            -6.134106
          ],
          [
            106.831931,
            -6.134514
          ],
          [
            106.831938,
            -6.134544
          ],
          [
            106.831973,
            -6.134684
          ],
          [
            106.831982,
            -6.13472
          ],
          [
            106.831993,
            -6.134762
          ],
          [
            106.832023,
            -6.13489
          ],
          [
            106.832062,
            -6.135071
          ],
          [
            106.832075,
            -6.135133
          ],
          [
            106.832077,
            -6.135144
          ],
          [
            106.832079,
            -6.135153
          ],
          [
            106.832081,
            -6.135159
          ],
          [
            106.832148,
            -6.135462
          ],
          [
            106.83216,
            -6.13551
          ],
          [
            106.832189,
            -6.135635
          ],
          [
            106.83222,
            -6.135761
          ],
          [
            106.832224,
            -6.135777
          ],
          [
            106.832291,
            -6.136087
          ],
          [
            106.832318,
            -6.136199
          ],
          [
            106.832363,
            -6.13639
          ],
          [
            106.832426,
            -6.136665
          ],
          [
            106.832461,
            -6.136822
          ],
          [
            106.832489,
            -6.136941
          ],
          [
            106.832545,
            -6.137186
          ],
          [
            106.832622,
            -6.137501
          ],
          [
            106.832696,
            -6.137837
          ],
          [
            106.832761,
            -6.138133
          ],
          [
            106.832812,
            -6.138355
          ],
          [
            106.832851,
            -6.138545
          ],
          [
            106.832951,
            -6.139001
          ],
          [
            106.832994,
            -6.139196
          ],
          [
            106.832996,
            -6.139209
          ],
          [
            106.833115,
            -6.139691
          ],
          [
            106.833141,
            -6.139803
          ],
          [
            106.833174,
            -6.139943
          ],
          [
            106.833187,
            -6.139997
          ],
          [
            106.833268,
            -6.140347
          ],
          [
            106.833334,
            -6.140634
          ],
          [
            106.833439,
            -6.14113
          ],
          [
            106.833447,
            -6.141168
          ],
          [
            106.833453,
            -6.1412
          ],
          [
            106.833485,
            -6.141342
          ],
          [
            106.833539,
            -6.141597
          ],
          [
            106.83355,
            -6.141647
          ],
          [
            106.83356,
            -6.141705
          ],
          [
            106.833567,
            -6.141739
          ],
          [
            106.833573,
            -6.141776
          ],
          [
            106.833577,
            -6.141808
          ],
          [
            106.833585,
            -6.141862
          ],
          [
            106.833673,
            -6.142282
          ],
          [
            106.833799,
            -6.142887
          ],
          [
            106.833903,
            -6.143361
          ],
          [
            106.833951,
            -6.143573
          ],
          [
            106.834037,
            -6.143881
          ],
          [
            106.83405,
            -6.143945
          ],
          [
            106.834058,
            -6.143982
          ],
          [
            106.834086,
            -6.144123
          ],
          [
            106.834114,
            -6.144262
          ],
          [
            106.834141,
            -6.144388
          ],
          [
            106.834164,
            -6.144498
          ],
          [
            106.83418,
            -6.144574
          ],
          [
            106.834181,
            -6.144581
          ],
          [
            106.834194,
            -6.144634
          ],
          [
            106.834232,
            -6.144789
          ],
          [
            106.834357,
            -6.145338
          ],
          [
            106.834379,
            -6.145462
          ],
          [
            106.834396,
            -6.14556
          ],
          [
            106.834406,
            -6.145684
          ],
          [
            106.834416,
            -6.145818
          ],
          [
            106.834411,
            -6.145886
          ],
          [
            106.834408,
            -6.146245
          ],
          [
            106.834404,
            -6.146448
          ],
          [
            106.834401,
            -6.146541
          ],
          [
            106.8344,
            -6.146565
          ],
          [
            106.834385,
            -6.146899
          ],
          [
            106.834392,
            -6.147074
          ],
          [
            106.83441,
            -6.147227
          ],
          [
            106.834448,
            -6.14743
          ],
          [
            106.834455,
            -6.147457
          ],
          [
            106.8345,
            -6.147665
          ],
          [
            106.834526,
            -6.147776
          ],
          [
            106.834582,
            -6.148014
          ],
          [
            106.834599,
            -6.148085
          ],
          [
            106.834692,
            -6.148375
          ],
          [
            106.834775,
            -6.148647
          ],
          [
            106.834792,
            -6.148722
          ],
          [
            106.834906,
            -6.149127
          ],
          [
            106.834929,
            -6.149212
          ],
          [
            106.835043,
            -6.149635
          ],
          [
            106.835094,
            -6.149819
          ],
          [
            106.835098,
            -6.149834
          ],
          [
            106.835157,
            -6.150067
          ],
          [
            106.835197,
            -6.150247
          ],
          [
            106.835214,
            -6.150303
          ],
          [
            106.83534,
            -6.150777
          ],
          [
            106.835456,
            -6.151235
          ],
          [
            106.835569,
            -6.151672
          ],
          [
            106.835579,
            -6.151709
          ],
          [
            106.835606,
            -6.15182
          ],
          [
            106.835664,
            -6.152056
          ],
          [
            106.835723,
            -6.152289
          ],
          [
            106.835739,
            -6.15235
          ],
          [
            106.835795,
            -6.152566
          ],
          [
            106.835811,
            -6.152629
          ],
          [
            106.835823,
            -6.152676
          ],
          [
            106.835883,
            -6.152915
          ],
          [
            106.835898,
            -6.15297
          ],
          [
            106.835967,
            -6.153238
          ],
          [
            106.836009,
            -6.153402
          ],
          [
            106.836061,
            -6.153602
          ],
          [
            106.83608,
            -6.153676
          ],
          [
            106.836138,
            -6.153901
          ],
          [
            106.836203,
            -6.154158
          ],
          [
            106.836283,
            -6.154475
          ],
          [
            106.836331,
            -6.15467
          ],
          [
            106.836402,
            -6.154952
          ],
          [
            106.836413,
            -6.15499
          ],
          [
            106.836453,
            -6.155151
          ],
          [
            106.836481,
            -6.155262
          ],
          [
            106.836527,
            -6.155443
          ],
          [
            106.836581,
            -6.155646
          ],
          [
            106.836599,
            -6.155729
          ],
          [
            106.836613,
            -6.155784
          ],
          [
            106.836676,
            -6.156033
          ],
          [
            106.836705,
            -6.156148
          ],
          [
            106.836722,
            -6.156219
          ],
          [
            106.836796,
            -6.156508
          ],
          [
            106.836809,
            -6.156563
          ],
          [
            106.836916,
            -6.156986
          ],
          [
            106.837003,
            -6.15733
          ],
          [
            106.837053,
            -6.157529
          ],
          [
            106.837115,
            -6.157775
          ],
          [
            106.837199,
            -6.158086
          ],
          [
            106.837245,
            -6.158263
          ],
          [
            106.837259,
            -6.158313
          ],
          [
            106.837342,
            -6.158642
          ],
          [
            106.837415,
            -6.158928
          ],
          [
            106.837445,
            -6.159038
          ],
          [
            106.837455,
            -6.159088
          ],
          [
            106.837471,
            -6.159161
          ],
          [
            106.837481,
            -6.159208
          ],
          [
            106.837529,
            -6.159434
          ],
          [
            106.837531,
            -6.159442
          ],
          [
            106.837579,
            -6.159636
          ],
          [
            106.837615,
            -6.159778
          ],
          [
            106.837646,
            -6.159903
          ],
          [
            106.837694,
            -6.1601
          ],
          [
            106.837722,
            -6.160211
          ],
          [
            106.837755,
            -6.160344
          ],
          [
            106.837771,
            -6.16041
          ],
          [
            106.837811,
            -6.160569
          ],
          [
            106.837828,
            -6.160639
          ],
          [
            106.837884,
            -6.160866
          ],
          [
            106.837894,
            -6.160907
          ],
          [
            106.837916,
            -6.160995
          ],
          [
            106.838021,
            -6.16142
          ],
          [
            106.838123,
            -6.161831
          ],
          [
            106.838241,
            -6.162305
          ],
          [
            106.838252,
            -6.16235
          ],
          [
            106.838313,
            -6.162599
          ],
          [
            106.838363,
            -6.162798
          ],
          [
            106.838412,
            -6.162997
          ],
          [
            106.838466,
            -6.163242
          ],
          [
            106.838493,
            -6.163348
          ],
          [
            106.83856,
            -6.163601
          ],
          [
            106.83858,
            -6.163684
          ],
          [
            106.838608,
            -6.163783
          ],
          [
            106.838657,
            -6.163959
          ],
          [
            106.838694,
            -6.164081
          ],
          [
            106.838821,
            -6.164586
          ],
          [
            106.838941,
            -6.165078
          ],
          [
            106.839072,
            -6.165607
          ],
          [
            106.839115,
            -6.165777
          ],
          [
            106.839156,
            -6.165938
          ],
          [
            106.839191,
            -6.166067
          ],
          [
            106.839312,
            -6.166597
          ],
          [
            106.839349,
            -6.166735
          ],
          [
            106.839394,
            -6.166909
          ],
          [
            106.839514,
            -6.167391
          ],
          [
            106.839538,
            -6.167479
          ],
          [
            106.8396,
            -6.167709
          ],
          [
            106.839618,
            -6.167773
          ],
          [
            106.839663,
            -6.167937
          ],
          [
            106.839684,
            -6.168018
          ],
          [
            106.839697,
            -6.168074
          ],
          [
            106.839699,
            -6.168084
          ],
          [
            106.839741,
            -6.168258
          ],
          [
            106.839765,
            -6.168358
          ],
          [
            106.839869,
            -6.168793
          ],
          [
            106.839891,
            -6.168886
          ],
          [
            106.839907,
            -6.168951
          ],
          [
            106.839939,
            -6.169069
          ],
          [
            106.839955,
            -6.169138
          ],
          [
            106.839974,
            -6.169216
          ],
          [
            106.840072,
            -6.169585
          ],
          [
            106.84009,
            -6.169657
          ],
          [
            106.840103,
            -6.169715
          ],
          [
            106.840117,
            -6.16978
          ],
          [
            106.840132,
            -6.169847
          ],
          [
            106.840144,
            -6.169895
          ],
          [
            106.840164,
            -6.169976
          ],
          [
            106.840183,
            -6.170055
          ],
          [
            106.840227,
            -6.170224
          ],
          [
            106.840268,
            -6.170379
          ],
          [
            106.840305,
            -6.170521
          ],
          [
            106.840348,
            -6.170677
          ],
          [
            106.840521,
            -6.171371
          ],
          [
            106.840639,
            -6.171859
          ],
          [
            106.840687,
            -6.172044
          ],
          [
            106.8408,
            -6.17248
          ],
          [
            106.840814,
            -6.172536
          ],
          [
            106.840827,
            -6.172587
          ],
          [
            106.840833,
            -6.172612
          ],
          [
            106.840892,
            -6.172847
          ],
          [
            106.841015,
            -6.173335
          ],
          [
            106.841106,
            -6.173678
          ],
          [
            106.841146,
            -6.173844
          ],
          [
            106.841227,
            -6.17418
          ],
          [
            106.841405,
            -6.174812
          ],
          [
            106.841422,
            -6.174883
          ],
          [
            106.841462,
            -6.175042
          ],
          [
            106.841478,
            -6.175109
          ],
          [
            106.841517,
            -6.175269
          ],
          [
            106.841556,
            -6.175431
          ],
          [
            106.841578,
            -6.175521
          ],
          [
            106.841581,
            -6.175543
          ],
          [
            106.841578,
            -6.175642
          ],
          [
            106.841576,
            -6.175709
          ],
          [
            106.841595,
            -6.175817
          ],
          [
            106.842176,
            -6.178649
          ],
          [
            106.842559,
            -6.180497
          ],
          [
            106.842804,
            -6.18152
          ],
          [
            106.842889,
            -6.181868
          ],
          [
            106.842899,
            -6.181911
          ],
          [
            106.842966,
            -6.182285
          ],
          [
            106.843112,
            -6.182618
          ],
          [
            106.843125,
            -6.182664
          ],
          [
            106.843217,
            -6.18292
          ],
          [
            106.843234,
            -6.182965
          ],
          [
            106.843278,
            -6.183078
          ],
          [
            106.843343,
            -6.183249
          ],
          [
            106.843384,
            -6.183317
          ],
          [
            106.843424,
            -6.183383
          ],
          [
            106.843492,
            -6.183498
          ],
          [
            106.843558,
            -6.183602
          ],
          [
            106.84378,
            -6.183958
          ],
          [
            106.843831,
            -6.184042
          ],
          [
            106.84391,
            -6.18422
          ],
          [
            106.843986,
            -6.184347
          ],
          [
            106.844019,
            -6.184406
          ],
          [
            106.844055,
            -6.18446
          ],
          [
            106.844132,
            -6.184592
          ],
          [
            106.844149,
            -6.184617
          ],
          [
            106.844279,
            -6.184821
          ],
          [
            106.844382,
            -6.184971
          ],
          [
            106.844611,
            -6.185348
          ],
          [
            106.84472,
            -6.18553
          ],
          [
            106.844936,
            -6.185887
          ],
          [
            106.84504,
            -6.18607
          ],
          [
            106.84507,
            -6.18613
          ],
          [
            106.845135,
            -6.186238
          ],
          [
            106.845328,
            -6.18659
          ],
          [
            106.84535,
            -6.186629
          ],
          [
            106.845466,
            -6.186845
          ],
          [
            106.845603,
            -6.187111
          ],
          [
            106.846037,
            -6.187871
          ],
          [
            106.84614,
            -6.188051
          ],
          [
            106.846318,
            -6.188353
          ],
          [
            106.846472,
            -6.188617
          ],
          [
            106.846617,
            -6.188866
          ],
          [
            106.846706,
            -6.189022
          ],
          [
            106.846728,
            -6.18906
          ],
          [
            106.846921,
            -6.189383
          ],
          [
            106.846959,
            -6.189445
          ],
          [
            106.847164,
            -6.189826
          ],
          [
            106.847304,
            -6.190077
          ],
          [
            106.847593,
            -6.190619
          ],
          [
            106.847728,
            -6.190869
          ],
          [
            106.847921,
            -6.191218
          ],
          [
            106.847961,
            -6.191289
          ],
          [
            106.847975,
            -6.19132
          ],
          [
            106.847998,
            -6.191366
          ],
          [
            106.848169,
            -6.191699
          ],
          [
            106.848371,
            -6.192083
          ],
          [
            106.848393,
            -6.192125
          ],
          [
            106.848626,
            -6.192559
          ],
          [
            106.848779,
            -6.192854
          ],
          [
            106.849179,
            -6.193627
          ],
          [
            106.84919,
            -6.193647
          ],
          [
            106.849275,
            -6.193808
          ],
          [
            106.849392,
            -6.194029
          ],
          [
            106.849573,
            -6.194372
          ],
          [
            106.849602,
            -6.19443
          ],
          [
            106.849671,
            -6.194564
          ],
          [
            106.849816,
            -6.194844
          ],
          [
            106.84983,
            -6.194868
          ],
          [
            106.849887,
            -6.194975
          ],
          [
            106.849922,
            -6.195036
          ],
          [
            106.850012,
            -6.195191
          ],
          [
            106.850031,
            -6.195224
          ],
          [
            106.850044,
            -6.195253
          ],
          [
            106.850071,
            -6.195308
          ],
          [
            106.850118,
            -6.195391
          ],
          [
            106.850184,
            -6.195502
          ],
          [
            106.850356,
            -6.195804
          ],
          [
            106.850511,
            -6.196017
          ],
          [
            106.8506,
            -6.196144
          ],
          [
            106.850746,
            -6.19631
          ],
          [
            106.850778,
            -6.196345
          ],
          [
            106.850914,
            -6.196483
          ],
          [
            106.851138,
            -6.196714
          ],
          [
            106.851185,
            -6.196762
          ],
          [
            106.851363,
            -6.196934
          ],
          [
            106.851573,
            -6.19712
          ],
          [
            106.851638,
            -6.197184
          ],
          [
            106.851692,
            -6.197232
          ],
          [
            106.851763,
            -6.197296
          ],
          [
            106.851983,
            -6.197498
          ],
          [
            106.852233,
            -6.197712
          ],
          [
            106.852431,
            -6.197902
          ],
          [
            106.852661,
            -6.198129
          ],
          [
            106.85286,
            -6.198312
          ],
          [
            106.852978,
            -6.198423
          ],
          [
            106.853042,
            -6.198484
          ],
          [
            106.853323,
            -6.19875
          ],
          [
            106.853367,
            -6.198792
          ],
          [
            106.853471,
            -6.19889
          ],
          [
            106.853801,
            -6.199184
          ],
          [
            106.85384,
            -6.19922
          ],
          [
            106.853907,
            -6.199285
          ],
          [
            106.85396,
            -6.19933
          ],
          [
            106.854055,
            -6.199412
          ],
          [
            106.854081,
            -6.199435
          ],
          [
            106.854256,
            -6.199595
          ],
          [
            106.854415,
            -6.19974
          ],
          [
            106.854594,
            -6.199903
          ],
          [
            106.85468,
            -6.199993
          ],
          [
            106.854735,
            -6.20005
          ],
          [
            106.855655,
            -6.201055
          ],
          [
            106.855899,
            -6.201295
          ],
          [
            106.856202,
            -6.201594
          ],
          [
            106.856279,
            -6.201667
          ],
          [
            106.856306,
            -6.201692
          ],
          [
            106.856586,
            -6.201969
          ],
          [
            106.856845,
            -6.202256
          ],
          [
            106.856946,
            -6.202418
          ],
          [
            106.857061,
            -6.202593
          ],
          [
            106.857134,
            -6.202732
          ],
          [
            106.857165,
            -6.202795
          ],
          [
            106.857182,
            -6.202828
          ],
          [
            106.857245,
            -6.202969
          ],
          [
            106.857441,
            -6.203466
          ],
          [
            106.857548,
            -6.203749
          ],
          [
            106.857935,
            -6.204791
          ],
          [
            106.857999,
            -6.204964
          ],
          [
            106.85817,
            -6.205426
          ],
          [
            106.85821,
            -6.205527
          ],
          [
            106.858269,
            -6.205695
          ],
          [
            106.858481,
            -6.20624
          ],
          [
            106.858525,
            -6.206346
          ],
          [
            106.858555,
            -6.20642
          ],
          [
            106.858581,
            -6.206484
          ],
          [
            106.858628,
            -6.206601
          ],
          [
            106.858738,
            -6.206869
          ],
          [
            106.858813,
            -6.207052
          ],
          [
            106.858831,
            -6.207097
          ],
          [
            106.859002,
            -6.20751
          ],
          [
            106.859044,
            -6.207621
          ],
          [
            106.859098,
            -6.20776
          ],
          [
            106.859121,
            -6.207821
          ],
          [
            106.859175,
            -6.207952
          ],
          [
            106.859406,
            -6.208525
          ],
          [
            106.859483,
            -6.208724
          ],
          [
            106.859558,
            -6.208907
          ],
          [
            106.859866,
            -6.209657
          ],
          [
            106.859937,
            -6.209833
          ],
          [
            106.860164,
            -6.210386
          ],
          [
            106.860256,
            -6.210615
          ],
          [
            106.860276,
            -6.210669
          ],
          [
            106.86031,
            -6.210752
          ],
          [
            106.860337,
            -6.210819
          ],
          [
            106.860391,
            -6.210955
          ],
          [
            106.86056,
            -6.211359
          ],
          [
            106.860767,
            -6.211803
          ],
          [
            106.860774,
            -6.211818
          ],
          [
            106.860826,
            -6.21194
          ],
          [
            106.860922,
            -6.212146
          ],
          [
            106.861029,
            -6.212354
          ],
          [
            106.861091,
            -6.212475
          ],
          [
            106.861178,
            -6.212643
          ],
          [
            106.861243,
            -6.212773
          ],
          [
            106.861286,
            -6.212857
          ],
          [
            106.861325,
            -6.212937
          ],
          [
            106.861356,
            -6.212989
          ],
          [
            106.861394,
            -6.213053
          ],
          [
            106.861478,
            -6.213163
          ],
          [
            106.861479,
            -6.213164
          ],
          [
            106.861576,
            -6.213256
          ],
          [
            106.861814,
            -6.213416
          ],
          [
            106.861973,
            -6.213523
          ],
          [
            106.862342,
            -6.21369
          ],
          [
            106.862361,
            -6.213708
          ],
          [
            106.862624,
            -6.213875
          ],
          [
            106.862954,
            -6.21402
          ],
          [
            106.863638,
            -6.214334
          ],
          [
            106.864857,
            -6.214861
          ],
          [
            106.865016,
            -6.214936
          ],
          [
            106.865397,
            -6.215117
          ],
          [
            106.865707,
            -6.215276
          ],
          [
            106.866064,
            -6.215463
          ],
          [
            106.866111,
            -6.215501
          ],
          [
            106.866149,
            -6.215547
          ],
          [
            106.866269,
            -6.215757
          ],
          [
            106.866622,
            -6.216327
          ],
          [
            106.86681,
            -6.216648
          ],
          [
            106.866838,
            -6.216703
          ],
          [
            106.866879,
            -6.216776
          ],
          [
            106.866989,
            -6.217033
          ],
          [
            106.867188,
            -6.217584
          ],
          [
            106.867405,
            -6.218213
          ],
          [
            106.867552,
            -6.218618
          ],
          [
            106.867596,
            -6.218732
          ],
          [
            106.867604,
            -6.218752
          ],
          [
            106.867623,
            -6.218802
          ],
          [
            106.867661,
            -6.218915
          ],
          [
            106.867705,
            -6.219047
          ],
          [
            106.867853,
            -6.219479
          ],
          [
            106.867912,
            -6.219635
          ],
          [
            106.867964,
            -6.219772
          ],
          [
            106.868031,
            -6.219965
          ],
          [
            106.868058,
            -6.220035
          ],
          [
            106.86808,
            -6.220098
          ],
          [
            106.868096,
            -6.220165
          ],
          [
            106.868107,
            -6.220218
          ],
          [
            106.868086,
            -6.220669
          ],
          [
            106.86808,
            -6.22072
          ],
          [
            106.868063,
            -6.220902
          ],
          [
            106.868045,
            -6.221237
          ],
          [
            106.868034,
            -6.22173
          ],
          [
            106.86803,
            -6.221892
          ],
          [
            106.868032,
            -6.221999
          ],
          [
            106.868041,
            -6.222248
          ],
          [
            106.868042,
            -6.222375
          ],
          [
            106.868028,
            -6.222751
          ],
          [
            106.868023,
            -6.222834
          ],
          [
            106.868002,
            -6.223089
          ],
          [
            106.86799,
            -6.223218
          ],
          [
            106.867947,
            -6.223344
          ],
          [
            106.867742,
            -6.223746
          ],
          [
            106.867614,
            -6.22397
          ],
          [
            106.867438,
            -6.224331
          ],
          [
            106.867424,
            -6.224411
          ],
          [
            106.867317,
            -6.22443
          ],
          [
            106.867263,
            -6.224438
          ],
          [
            106.867208,
            -6.224444
          ],
          [
            106.8671,
            -6.224453
          ],
          [
            106.867045,
            -6.224458
          ],
          [
            106.866985,
            -6.224463
          ],
          [
            106.866931,
            -6.224462
          ],
          [
            106.866876,
            -6.224462
          ],
          [
            106.866769,
            -6.224451
          ],
          [
            106.866554,
            -6.22443
          ],
          [
            106.866481,
            -6.224384
          ],
          [
            106.866426,
            -6.224337
          ],
          [
            106.866358,
            -6.224354
          ],
          [
            106.866317,
            -6.224364
          ],
          [
            106.866301,
            -6.224323
          ],
          [
            106.866221,
            -6.224063
          ]
        ]
      }
    },
    {
      "type": "Feature",
      "properties": {
        "route_id": "ID-06",
        "route_name": "TransJakarta Corridor 6",
        "route_type": "BUS",
        "route_ref": "K6",
        "origin_name": "Origin",
        "destination_name": "Destination",
        "region": "Other",
        "province": "Other"
      },
      "geometry": {
        "type": "LineString",
        "coordinates": [
          [
            106.820111,
            -6.292103
          ],
          [
            106.820085,
            -6.292201
          ],
          [
            106.820064,
            -6.292286
          ],
          [
            106.820023,
            -6.292466
          ],
          [
            106.820005,
            -6.292534
          ],
          [
            106.820288,
            -6.292628
          ],
          [
            106.820799,
            -6.292804
          ],
          [
            106.821066,
            -6.292918
          ],
          [
            106.821364,
            -6.293046
          ],
          [
            106.821833,
            -6.29316
          ],
          [
            106.822101,
            -6.293242
          ],
          [
            106.822211,
            -6.293268
          ],
          [
            106.822305,
            -6.293282
          ],
          [
            106.822356,
            -6.293278
          ],
          [
            106.822447,
            -6.293243
          ],
          [
            106.822507,
            -6.29319
          ],
          [
            106.822533,
            -6.293162
          ],
          [
            106.82274,
            -6.292879
          ],
          [
            106.82279,
            -6.292775
          ],
          [
            106.822866,
            -6.292594
          ],
          [
            106.823197,
            -6.291797
          ],
          [
            106.823423,
            -6.291287
          ],
          [
            106.8235,
            -6.291125
          ],
          [
            106.823549,
            -6.291028
          ],
          [
            106.823689,
            -6.29075
          ],
          [
            106.82382,
            -6.290492
          ],
          [
            106.824154,
            -6.289825
          ],
          [
            106.824514,
            -6.289121
          ],
          [
            106.824846,
            -6.288466
          ],
          [
            106.825052,
            -6.28805
          ],
          [
            106.82514,
            -6.28787
          ],
          [
            106.825485,
            -6.287168
          ],
          [
            106.825513,
            -6.287109
          ],
          [
            106.825639,
            -6.286811
          ],
          [
            106.825651,
            -6.286783
          ],
          [
            106.82578,
            -6.286468
          ],
          [
            106.825845,
            -6.286325
          ],
          [
            106.825857,
            -6.286301
          ],
          [
            106.825887,
            -6.286238
          ],
          [
            106.825909,
            -6.286189
          ],
          [
            106.825929,
            -6.286137
          ],
          [
            106.825959,
            -6.286054
          ],
          [
            106.825984,
            -6.285981
          ],
          [
            106.826003,
            -6.285917
          ],
          [
            106.826042,
            -6.285788
          ],
          [
            106.826111,
            -6.28561
          ],
          [
            106.826118,
            -6.28559
          ],
          [
            106.826322,
            -6.285092
          ],
          [
            106.826479,
            -6.284684
          ],
          [
            106.826531,
            -6.284551
          ],
          [
            106.826599,
            -6.284358
          ],
          [
            106.826727,
            -6.283983
          ],
          [
            106.826812,
            -6.283728
          ],
          [
            106.826971,
            -6.283248
          ],
          [
            106.827021,
            -6.283117
          ],
          [
            106.827062,
            -6.283015
          ],
          [
            106.827088,
            -6.282952
          ],
          [
            106.827112,
            -6.282893
          ],
          [
            106.827213,
            -6.282686
          ],
          [
            106.827324,
            -6.282468
          ],
          [
            106.827542,
            -6.282079
          ],
          [
            106.827633,
            -6.281915
          ],
          [
            106.827726,
            -6.281752
          ],
          [
            106.827794,
            -6.281633
          ],
          [
            106.827843,
            -6.281511
          ],
          [
            106.827974,
            -6.281223
          ],
          [
            106.828129,
            -6.280872
          ],
          [
            106.828284,
            -6.280519
          ],
          [
            106.828381,
            -6.280326
          ],
          [
            106.828464,
            -6.280184
          ],
          [
            106.82884,
            -6.279571
          ],
          [
            106.828882,
            -6.279503
          ],
          [
            106.828939,
            -6.279411
          ],
          [
            106.828989,
            -6.279344
          ],
          [
            106.829127,
            -6.279166
          ],
          [
            106.829189,
            -6.279089
          ],
          [
            106.829269,
            -6.278989
          ],
          [
            106.829456,
            -6.278736
          ],
          [
            106.829585,
            -6.278542
          ],
          [
            106.829689,
            -6.278372
          ],
          [
            106.829761,
            -6.278245
          ],
          [
            106.829792,
            -6.278189
          ],
          [
            106.829833,
            -6.278112
          ],
          [
            106.829885,
            -6.278015
          ],
          [
            106.829942,
            -6.277883
          ],
          [
            106.83,
            -6.27775
          ],
          [
            106.830063,
            -6.277606
          ],
          [
            106.830125,
            -6.277392
          ],
          [
            106.830182,
            -6.277093
          ],
          [
            106.830194,
            -6.277029
          ],
          [
            106.830205,
            -6.276959
          ],
          [
            106.830225,
            -6.276827
          ],
          [
            106.830235,
            -6.276709
          ],
          [
            106.830236,
            -6.276612
          ],
          [
            106.830235,
            -6.276561
          ],
          [
            106.830226,
            -6.276449
          ],
          [
            106.830222,
            -6.276398
          ],
          [
            106.83021,
            -6.276327
          ],
          [
            106.830197,
            -6.276257
          ],
          [
            106.830154,
            -6.276033
          ],
          [
            106.830124,
            -6.27587
          ],
          [
            106.830118,
            -6.275746
          ],
          [
            106.830126,
            -6.275497
          ],
          [
            106.830181,
            -6.275134
          ],
          [
            106.830209,
            -6.274814
          ],
          [
            106.83022,
            -6.27463
          ],
          [
            106.830237,
            -6.274389
          ],
          [
            106.830244,
            -6.274283
          ],
          [
            106.830259,
            -6.274109
          ],
          [
            106.830276,
            -6.273939
          ],
          [
            106.830293,
            -6.273768
          ],
          [
            106.830341,
            -6.273296
          ],
          [
            106.830353,
            -6.273153
          ],
          [
            106.83037,
            -6.272987
          ],
          [
            106.830411,
            -6.272813
          ],
          [
            106.830467,
            -6.272626
          ],
          [
            106.830516,
            -6.272475
          ],
          [
            106.830567,
            -6.272303
          ],
          [
            106.830593,
            -6.272205
          ],
          [
            106.830642,
            -6.271885
          ],
          [
            106.83065,
            -6.271761
          ],
          [
            106.830639,
            -6.271608
          ],
          [
            106.830607,
            -6.271442
          ],
          [
            106.830594,
            -6.271296
          ],
          [
            106.830595,
            -6.271236
          ],
          [
            106.830625,
            -6.270957
          ],
          [
            106.830628,
            -6.270937
          ],
          [
            106.830741,
            -6.270062
          ],
          [
            106.830744,
            -6.270032
          ],
          [
            106.830771,
            -6.269763
          ],
          [
            106.830848,
            -6.269338
          ],
          [
            106.83093,
            -6.268981
          ],
          [
            106.830948,
            -6.268769
          ],
          [
            106.830957,
            -6.268672
          ],
          [
            106.830954,
            -6.268586
          ],
          [
            106.830942,
            -6.268385
          ],
          [
            106.830892,
            -6.2679
          ],
          [
            106.830879,
            -6.267835
          ],
          [
            106.830845,
            -6.267652
          ],
          [
            106.83081,
            -6.267526
          ],
          [
            106.830696,
            -6.267195
          ],
          [
            106.830606,
            -6.266892
          ],
          [
            106.830562,
            -6.266663
          ],
          [
            106.830546,
            -6.266442
          ],
          [
            106.83056,
            -6.266215
          ],
          [
            106.830562,
            -6.266131
          ],
          [
            106.830574,
            -6.266003
          ],
          [
            106.830583,
            -6.265835
          ],
          [
            106.830588,
            -6.265543
          ],
          [
            106.830576,
            -6.265385
          ],
          [
            106.830551,
            -6.265127
          ],
          [
            106.830497,
            -6.264769
          ],
          [
            106.83047,
            -6.26457
          ],
          [
            106.830458,
            -6.264464
          ],
          [
            106.83044,
            -6.264246
          ],
          [
            106.830446,
            -6.264138
          ],
          [
            106.830461,
            -6.263992
          ],
          [
            106.830498,
            -6.263739
          ],
          [
            106.830513,
            -6.26348
          ],
          [
            106.830512,
            -6.26317
          ],
          [
            106.830505,
            -6.263101
          ],
          [
            106.83049,
            -6.263038
          ],
          [
            106.830467,
            -6.26298
          ],
          [
            106.830434,
            -6.262921
          ],
          [
            106.830389,
            -6.262864
          ],
          [
            106.83031,
            -6.262794
          ],
          [
            106.829917,
            -6.262536
          ],
          [
            106.8298,
            -6.262454
          ],
          [
            106.829673,
            -6.262347
          ],
          [
            106.829548,
            -6.262218
          ],
          [
            106.829469,
            -6.262115
          ],
          [
            106.829378,
            -6.261967
          ],
          [
            106.82931,
            -6.261836
          ],
          [
            106.829245,
            -6.261678
          ],
          [
            106.829222,
            -6.261623
          ],
          [
            106.829137,
            -6.26141
          ],
          [
            106.829005,
            -6.261088
          ],
          [
            106.828892,
            -6.260747
          ],
          [
            106.82882,
            -6.260527
          ],
          [
            106.828776,
            -6.260362
          ],
          [
            106.828694,
            -6.260011
          ],
          [
            106.828656,
            -6.259845
          ],
          [
            106.828565,
            -6.259464
          ],
          [
            106.82852,
            -6.259274
          ],
          [
            106.82845,
            -6.258975
          ],
          [
            106.828422,
            -6.258847
          ],
          [
            106.828218,
            -6.257842
          ],
          [
            106.828156,
            -6.257528
          ],
          [
            106.828098,
            -6.257265
          ],
          [
            106.828054,
            -6.25707
          ],
          [
            106.827984,
            -6.256769
          ],
          [
            106.8279,
            -6.256398
          ],
          [
            106.827886,
            -6.256348
          ],
          [
            106.827854,
            -6.256224
          ],
          [
            106.827757,
            -6.255889
          ],
          [
            106.827582,
            -6.255322
          ],
          [
            106.827501,
            -6.255061
          ],
          [
            106.827433,
            -6.254834
          ],
          [
            106.827366,
            -6.254571
          ],
          [
            106.827345,
            -6.254487
          ],
          [
            106.827284,
            -6.254272
          ],
          [
            106.827251,
            -6.254145
          ],
          [
            106.827225,
            -6.254035
          ],
          [
            106.827152,
            -6.253695
          ],
          [
            106.827056,
            -6.253264
          ],
          [
            106.827021,
            -6.253071
          ],
          [
            106.826991,
            -6.252865
          ],
          [
            106.826952,
            -6.252562
          ],
          [
            106.826908,
            -6.252231
          ],
          [
            106.826867,
            -6.251929
          ],
          [
            106.826862,
            -6.251895
          ],
          [
            106.82684,
            -6.251699
          ],
          [
            106.82679,
            -6.251353
          ],
          [
            106.82673,
            -6.251049
          ],
          [
            106.826721,
            -6.250996
          ],
          [
            106.826677,
            -6.250791
          ],
          [
            106.826648,
            -6.250653
          ],
          [
            106.826613,
            -6.250487
          ],
          [
            106.826602,
            -6.250432
          ],
          [
            106.826537,
            -6.25003
          ],
          [
            106.826421,
            -6.249297
          ],
          [
            106.826389,
            -6.249028
          ],
          [
            106.826375,
            -6.248907
          ],
          [
            106.826359,
            -6.248796
          ],
          [
            106.826341,
            -6.248673
          ],
          [
            106.826297,
            -6.248345
          ],
          [
            106.826276,
            -6.248147
          ],
          [
            106.826258,
            -6.248041
          ],
          [
            106.826207,
            -6.247708
          ],
          [
            106.82613,
            -6.247187
          ],
          [
            106.826102,
            -6.246965
          ],
          [
            106.826043,
            -6.246486
          ],
          [
            106.826037,
            -6.246448
          ],
          [
            106.825998,
            -6.24615
          ],
          [
            106.825924,
            -6.245596
          ],
          [
            106.8259,
            -6.245428
          ],
          [
            106.825856,
            -6.24512
          ],
          [
            106.825844,
            -6.245009
          ],
          [
            106.825825,
            -6.244838
          ],
          [
            106.825795,
            -6.244479
          ],
          [
            106.825793,
            -6.244445
          ],
          [
            106.825761,
            -6.24403
          ],
          [
            106.825745,
            -6.243807
          ],
          [
            106.825732,
            -6.243688
          ],
          [
            106.825715,
            -6.243415
          ],
          [
            106.825697,
            -6.243224
          ],
          [
            106.825683,
            -6.242919
          ],
          [
            106.825673,
            -6.242759
          ],
          [
            106.825669,
            -6.24252
          ],
          [
            106.825661,
            -6.242243
          ],
          [
            106.82566,
            -6.242206
          ],
          [
            106.825664,
            -6.242116
          ],
          [
            106.825686,
            -6.241907
          ],
          [
            106.82569,
            -6.241564
          ],
          [
            106.825702,
            -6.241227
          ],
          [
            106.825727,
            -6.240385
          ],
          [
            106.825743,
            -6.240223
          ],
          [
            106.825812,
            -6.239839
          ],
          [
            106.825826,
            -6.239796
          ],
          [
            106.825913,
            -6.239499
          ],
          [
            106.826025,
            -6.239143
          ],
          [
            106.826413,
            -6.238159
          ],
          [
            106.826505,
            -6.237962
          ],
          [
            106.826566,
            -6.237846
          ],
          [
            106.826682,
            -6.237663
          ],
          [
            106.826885,
            -6.237361
          ],
          [
            106.82698,
            -6.237218
          ],
          [
            106.827168,
            -6.236881
          ],
          [
            106.827314,
            -6.236658
          ],
          [
            106.827469,
            -6.236421
          ],
          [
            106.827672,
            -6.236108
          ],
          [
            106.827791,
            -6.235912
          ],
          [
            106.827967,
            -6.235659
          ],
          [
            106.828221,
            -6.235375
          ],
          [
            106.828511,
            -6.23509
          ],
          [
            106.828551,
            -6.235032
          ],
          [
            106.828595,
            -6.234961
          ],
          [
            106.829099,
            -6.234607
          ],
          [
            106.829153,
            -6.234575
          ],
          [
            106.829381,
            -6.234466
          ],
          [
            106.829686,
            -6.234333
          ],
          [
            106.829809,
            -6.234277
          ],
          [
            106.830084,
            -6.234148
          ],
          [
            106.830173,
            -6.234104
          ],
          [
            106.830284,
            -6.234045
          ],
          [
            106.830522,
            -6.233906
          ],
          [
            106.830577,
            -6.233872
          ],
          [
            106.830699,
            -6.233794
          ],
          [
            106.831018,
            -6.233567
          ],
          [
            106.831106,
            -6.233494
          ],
          [
            106.831367,
            -6.233281
          ],
          [
            106.831572,
            -6.233086
          ],
          [
            106.831742,
            -6.232904
          ],
          [
            106.83181,
            -6.232831
          ],
          [
            106.831919,
            -6.232697
          ],
          [
            106.832038,
            -6.23254
          ],
          [
            106.832206,
            -6.232299
          ],
          [
            106.832319,
            -6.232109
          ],
          [
            106.832455,
            -6.231872
          ],
          [
            106.832497,
            -6.231797
          ],
          [
            106.832569,
            -6.231653
          ],
          [
            106.832684,
            -6.2314
          ],
          [
            106.832827,
            -6.231006
          ],
          [
            106.832862,
            -6.230895
          ],
          [
            106.832929,
            -6.230692
          ],
          [
            106.833035,
            -6.230297
          ],
          [
            106.833095,
            -6.23002
          ],
          [
            106.833124,
            -6.229828
          ],
          [
            106.833135,
            -6.229707
          ],
          [
            106.833136,
            -6.229627
          ],
          [
            106.833132,
            -6.229466
          ],
          [
            106.833125,
            -6.229294
          ],
          [
            106.833115,
            -6.229096
          ],
          [
            106.833104,
            -6.228926
          ],
          [
            106.833092,
            -6.228751
          ],
          [
            106.833087,
            -6.228682
          ],
          [
            106.833071,
            -6.228456
          ],
          [
            106.83306,
            -6.228255
          ],
          [
            106.833051,
            -6.228121
          ],
          [
            106.833047,
            -6.228014
          ],
          [
            106.83303,
            -6.227713
          ],
          [
            106.833025,
            -6.227642
          ],
          [
            106.833022,
            -6.227589
          ],
          [
            106.833018,
            -6.227536
          ],
          [
            106.83301,
            -6.227449
          ],
          [
            106.833003,
            -6.227301
          ],
          [
            106.832994,
            -6.227201
          ],
          [
            106.832966,
            -6.226804
          ],
          [
            106.832961,
            -6.226699
          ],
          [
            106.832941,
            -6.226294
          ],
          [
            106.832867,
            -6.225134
          ],
          [
            106.832845,
            -6.224874
          ],
          [
            106.832775,
            -6.224065
          ],
          [
            106.832691,
            -6.223723
          ],
          [
            106.832526,
            -6.223102
          ],
          [
            106.832425,
            -6.222742
          ],
          [
            106.83235,
            -6.222413
          ],
          [
            106.832104,
            -6.221579
          ],
          [
            106.832081,
            -6.221492
          ],
          [
            106.831978,
            -6.221014
          ],
          [
            106.831868,
            -6.22071
          ],
          [
            106.831808,
            -6.220612
          ],
          [
            106.831746,
            -6.220457
          ],
          [
            106.83139,
            -6.219591
          ],
          [
            106.831095,
            -6.218584
          ],
          [
            106.831047,
            -6.218415
          ],
          [
            106.830976,
            -6.218149
          ],
          [
            106.830963,
            -6.218097
          ],
          [
            106.830889,
            -6.217732
          ],
          [
            106.830859,
            -6.217582
          ],
          [
            106.830812,
            -6.217285
          ],
          [
            106.830739,
            -6.216896
          ],
          [
            106.830685,
            -6.216625
          ],
          [
            106.830649,
            -6.216399
          ],
          [
            106.830598,
            -6.21588
          ],
          [
            106.830592,
            -6.215792
          ],
          [
            106.830546,
            -6.215262
          ],
          [
            106.830487,
            -6.214633
          ],
          [
            106.830481,
            -6.214547
          ],
          [
            106.830454,
            -6.214034
          ],
          [
            106.830403,
            -6.213423
          ],
          [
            106.830372,
            -6.212716
          ],
          [
            106.830372,
            -6.212691
          ],
          [
            106.830366,
            -6.21227
          ],
          [
            106.83036,
            -6.212205
          ],
          [
            106.830364,
            -6.21114
          ],
          [
            106.830349,
            -6.210904
          ],
          [
            106.830196,
            -6.209531
          ],
          [
            106.830138,
            -6.209218
          ],
          [
            106.830095,
            -6.209051
          ],
          [
            106.830023,
            -6.208779
          ],
          [
            106.82994,
            -6.208502
          ],
          [
            106.829887,
            -6.208351
          ],
          [
            106.829859,
            -6.208271
          ],
          [
            106.829754,
            -6.20798
          ],
          [
            106.829652,
            -6.207708
          ],
          [
            106.829522,
            -6.207433
          ],
          [
            106.829382,
            -6.207151
          ],
          [
            106.829016,
            -6.206513
          ],
          [
            106.82891,
            -6.206392
          ],
          [
            106.828901,
            -6.206374
          ],
          [
            106.828844,
            -6.206269
          ],
          [
            106.828782,
            -6.206154
          ],
          [
            106.828376,
            -6.2055
          ],
          [
            106.828299,
            -6.205359
          ],
          [
            106.82808,
            -6.204942
          ],
          [
            106.827942,
            -6.204623
          ],
          [
            106.827847,
            -6.204253
          ],
          [
            106.827833,
            -6.203998
          ],
          [
            106.827844,
            -6.203637
          ],
          [
            106.827854,
            -6.203352
          ],
          [
            106.827867,
            -6.203096
          ],
          [
            106.8279,
            -6.202639
          ],
          [
            106.827901,
            -6.202605
          ],
          [
            106.82788,
            -6.202479
          ],
          [
            106.827885,
            -6.20238
          ],
          [
            106.827884,
            -6.202283
          ],
          [
            106.827863,
            -6.202227
          ],
          [
            106.827845,
            -6.202186
          ],
          [
            106.827821,
            -6.202143
          ],
          [
            106.827779,
            -6.202094
          ],
          [
            106.827721,
            -6.202048
          ],
          [
            106.827618,
            -6.202012
          ],
          [
            106.827544,
            -6.202008
          ],
          [
            106.827462,
            -6.202034
          ],
          [
            106.827393,
            -6.202089
          ],
          [
            106.827329,
            -6.202178
          ],
          [
            106.827313,
            -6.202257
          ],
          [
            106.827256,
            -6.202285
          ],
          [
            106.827237,
            -6.202263
          ],
          [
            106.826894,
            -6.201935
          ],
          [
            106.825581,
            -6.200581
          ],
          [
            106.825529,
            -6.20063
          ],
          [
            106.825236,
            -6.200902
          ],
          [
            106.82516,
            -6.201003
          ],
          [
            106.825093,
            -6.201294
          ],
          [
            106.825025,
            -6.201586
          ],
          [
            106.824953,
            -6.201906
          ],
          [
            106.824942,
            -6.202211
          ],
          [
            106.824781,
            -6.202165
          ],
          [
            106.824421,
            -6.202074
          ],
          [
            106.824126,
            -6.202
          ]
        ]
      }
    },
    {
      "type": "Feature",
      "properties": {
        "route_id": "ID-07",
        "route_name": "TransJakarta Corridor 7",
        "route_type": "BUS",
        "route_ref": "K7",
        "origin_name": "Origin",
        "destination_name": "Destination",
        "region": "Other",
        "province": "Other"
      },
      "geometry": {
        "type": "LineString",
        "coordinates": [
          [
            106.866016,
            -6.303246
          ],
          [
            106.866173,
            -6.303335
          ],
          [
            106.86628,
            -6.303427
          ],
          [
            106.86604,
            -6.303813
          ],
          [
            106.865961,
            -6.303938
          ],
          [
            106.865882,
            -6.304047
          ],
          [
            106.865789,
            -6.3042
          ],
          [
            106.865691,
            -6.304355
          ],
          [
            106.865679,
            -6.304376
          ],
          [
            106.865604,
            -6.304503
          ],
          [
            106.865533,
            -6.304635
          ],
          [
            106.865428,
            -6.304831
          ],
          [
            106.865128,
            -6.305434
          ],
          [
            106.865083,
            -6.305504
          ],
          [
            106.865045,
            -6.305547
          ],
          [
            106.865005,
            -6.305587
          ],
          [
            106.864931,
            -6.30564
          ],
          [
            106.864898,
            -6.30566
          ],
          [
            106.864859,
            -6.305684
          ],
          [
            106.864791,
            -6.30573
          ],
          [
            106.864687,
            -6.305826
          ],
          [
            106.864944,
            -6.305983
          ],
          [
            106.865024,
            -6.306025
          ],
          [
            106.865038,
            -6.306034
          ],
          [
            106.865126,
            -6.305875
          ],
          [
            106.865623,
            -6.305027
          ],
          [
            106.866261,
            -6.303938
          ],
          [
            106.86669,
            -6.303445
          ],
          [
            106.866761,
            -6.30339
          ],
          [
            106.867275,
            -6.302779
          ],
          [
            106.867581,
            -6.302424
          ],
          [
            106.867724,
            -6.302248
          ],
          [
            106.867817,
            -6.302137
          ],
          [
            106.867916,
            -6.302021
          ],
          [
            106.868003,
            -6.301916
          ],
          [
            106.868015,
            -6.301902
          ],
          [
            106.868104,
            -6.301789
          ],
          [
            106.868159,
            -6.301732
          ],
          [
            106.868246,
            -6.301647
          ],
          [
            106.868309,
            -6.301576
          ],
          [
            106.868613,
            -6.301212
          ],
          [
            106.869127,
            -6.30058
          ],
          [
            106.869194,
            -6.300495
          ],
          [
            106.869631,
            -6.299954
          ],
          [
            106.869665,
            -6.299913
          ],
          [
            106.869938,
            -6.299575
          ],
          [
            106.870216,
            -6.299224
          ],
          [
            106.870357,
            -6.299036
          ],
          [
            106.870405,
            -6.298962
          ],
          [
            106.87053,
            -6.298768
          ],
          [
            106.870762,
            -6.298307
          ],
          [
            106.870909,
            -6.298002
          ],
          [
            106.871014,
            -6.297757
          ],
          [
            106.871088,
            -6.29759
          ],
          [
            106.871153,
            -6.297446
          ],
          [
            106.871365,
            -6.296901
          ],
          [
            106.87141,
            -6.296787
          ],
          [
            106.87147,
            -6.296611
          ],
          [
            106.871522,
            -6.296412
          ],
          [
            106.871547,
            -6.29633
          ],
          [
            106.871588,
            -6.296192
          ],
          [
            106.871662,
            -6.29592
          ],
          [
            106.871782,
            -6.295415
          ],
          [
            106.871917,
            -6.294771
          ],
          [
            106.871951,
            -6.294473
          ],
          [
            106.87197,
            -6.294303
          ],
          [
            106.871989,
            -6.294217
          ],
          [
            106.872018,
            -6.294081
          ],
          [
            106.872083,
            -6.293883
          ],
          [
            106.872121,
            -6.293698
          ],
          [
            106.872128,
            -6.293658
          ],
          [
            106.872147,
            -6.293551
          ],
          [
            106.872158,
            -6.293439
          ],
          [
            106.87216,
            -6.293405
          ],
          [
            106.87216,
            -6.293376
          ],
          [
            106.872158,
            -6.293321
          ],
          [
            106.872131,
            -6.293082
          ],
          [
            106.872111,
            -6.292959
          ],
          [
            106.872089,
            -6.292861
          ],
          [
            106.871862,
            -6.291859
          ],
          [
            106.871576,
            -6.29089
          ],
          [
            106.871539,
            -6.290764
          ],
          [
            106.871526,
            -6.290721
          ],
          [
            106.871436,
            -6.290414
          ],
          [
            106.871376,
            -6.29021
          ],
          [
            106.871322,
            -6.290041
          ],
          [
            106.871218,
            -6.289716
          ],
          [
            106.871031,
            -6.289066
          ],
          [
            106.870862,
            -6.288368
          ],
          [
            106.870829,
            -6.288199
          ],
          [
            106.870811,
            -6.288055
          ],
          [
            106.870803,
            -6.287869
          ],
          [
            106.870802,
            -6.287516
          ],
          [
            106.870805,
            -6.287433
          ],
          [
            106.870827,
            -6.287078
          ],
          [
            106.870832,
            -6.286992
          ],
          [
            106.870835,
            -6.286914
          ],
          [
            106.870853,
            -6.286589
          ],
          [
            106.870862,
            -6.286359
          ],
          [
            106.870869,
            -6.286266
          ],
          [
            106.870875,
            -6.286172
          ],
          [
            106.870885,
            -6.286129
          ],
          [
            106.871027,
            -6.285577
          ],
          [
            106.871107,
            -6.285299
          ],
          [
            106.871184,
            -6.285028
          ],
          [
            106.87125,
            -6.284754
          ],
          [
            106.871316,
            -6.284479
          ],
          [
            106.871324,
            -6.284446
          ],
          [
            106.871376,
            -6.284231
          ],
          [
            106.871459,
            -6.283888
          ],
          [
            106.871477,
            -6.283811
          ],
          [
            106.871677,
            -6.283053
          ],
          [
            106.871796,
            -6.282719
          ],
          [
            106.871955,
            -6.282282
          ],
          [
            106.871981,
            -6.282196
          ],
          [
            106.871993,
            -6.282119
          ],
          [
            106.872003,
            -6.282016
          ],
          [
            106.872002,
            -6.281933
          ],
          [
            106.871993,
            -6.281853
          ],
          [
            106.871975,
            -6.28176
          ],
          [
            106.871938,
            -6.281664
          ],
          [
            106.871917,
            -6.281624
          ],
          [
            106.871683,
            -6.281268
          ],
          [
            106.87135,
            -6.280778
          ],
          [
            106.87116,
            -6.280493
          ],
          [
            106.870938,
            -6.280156
          ],
          [
            106.870847,
            -6.280012
          ],
          [
            106.870724,
            -6.279825
          ],
          [
            106.870656,
            -6.279723
          ],
          [
            106.870623,
            -6.279675
          ],
          [
            106.870436,
            -6.279403
          ],
          [
            106.870427,
            -6.27939
          ],
          [
            106.870255,
            -6.279131
          ],
          [
            106.870206,
            -6.279056
          ],
          [
            106.870095,
            -6.278899
          ],
          [
            106.869804,
            -6.278467
          ],
          [
            106.869456,
            -6.277894
          ],
          [
            106.869421,
            -6.277836
          ],
          [
            106.869406,
            -6.277812
          ],
          [
            106.869124,
            -6.27737
          ],
          [
            106.868971,
            -6.277142
          ],
          [
            106.868932,
            -6.277093
          ],
          [
            106.868735,
            -6.276844
          ],
          [
            106.868479,
            -6.276521
          ],
          [
            106.868445,
            -6.276477
          ],
          [
            106.86838,
            -6.276389
          ],
          [
            106.868267,
            -6.27622
          ],
          [
            106.868097,
            -6.275967
          ],
          [
            106.867902,
            -6.275629
          ],
          [
            106.867638,
            -6.275117
          ],
          [
            106.867598,
            -6.275039
          ],
          [
            106.867395,
            -6.274569
          ],
          [
            106.86733,
            -6.274358
          ],
          [
            106.867246,
            -6.273859
          ],
          [
            106.86721,
            -6.273618
          ],
          [
            106.867133,
            -6.273113
          ],
          [
            106.867104,
            -6.272877
          ],
          [
            106.867106,
            -6.27234
          ],
          [
            106.867123,
            -6.272121
          ],
          [
            106.867166,
            -6.271556
          ],
          [
            106.867244,
            -6.271152
          ],
          [
            106.867251,
            -6.271114
          ],
          [
            106.867271,
            -6.271019
          ],
          [
            106.867339,
            -6.270697
          ],
          [
            106.867371,
            -6.27055
          ],
          [
            106.867395,
            -6.27039
          ],
          [
            106.867401,
            -6.27031
          ],
          [
            106.867399,
            -6.270236
          ],
          [
            106.867394,
            -6.270175
          ],
          [
            106.867375,
            -6.270114
          ],
          [
            106.867334,
            -6.270035
          ],
          [
            106.867271,
            -6.269936
          ],
          [
            106.867234,
            -6.269878
          ],
          [
            106.866742,
            -6.269079
          ],
          [
            106.866633,
            -6.268912
          ],
          [
            106.866588,
            -6.268836
          ],
          [
            106.86634,
            -6.268467
          ],
          [
            106.866246,
            -6.268289
          ],
          [
            106.866206,
            -6.268201
          ],
          [
            106.866184,
            -6.268153
          ],
          [
            106.866172,
            -6.268127
          ],
          [
            106.866147,
            -6.268059
          ],
          [
            106.866124,
            -6.267977
          ],
          [
            106.866107,
            -6.267901
          ],
          [
            106.866087,
            -6.267802
          ],
          [
            106.865998,
            -6.267028
          ],
          [
            106.865908,
            -6.266036
          ],
          [
            106.86589,
            -6.265848
          ],
          [
            106.865854,
            -6.265485
          ],
          [
            106.8658,
            -6.265018
          ],
          [
            106.865789,
            -6.264933
          ],
          [
            106.865753,
            -6.264413
          ],
          [
            106.865737,
            -6.264264
          ],
          [
            106.865706,
            -6.264014
          ],
          [
            106.865694,
            -6.263906
          ],
          [
            106.86567,
            -6.263744
          ],
          [
            106.8656,
            -6.263631
          ],
          [
            106.865551,
            -6.263564
          ],
          [
            106.865514,
            -6.26352
          ],
          [
            106.865397,
            -6.263407
          ],
          [
            106.865359,
            -6.263369
          ],
          [
            106.86532,
            -6.26333
          ],
          [
            106.865218,
            -6.263234
          ],
          [
            106.865077,
            -6.263072
          ],
          [
            106.864899,
            -6.262921
          ],
          [
            106.864758,
            -6.262738
          ],
          [
            106.864471,
            -6.262281
          ],
          [
            106.864256,
            -6.261892
          ],
          [
            106.864155,
            -6.261708
          ],
          [
            106.863893,
            -6.26124
          ],
          [
            106.86386,
            -6.261176
          ],
          [
            106.86384,
            -6.261123
          ],
          [
            106.863827,
            -6.261068
          ],
          [
            106.863826,
            -6.261065
          ],
          [
            106.863818,
            -6.260998
          ],
          [
            106.86382,
            -6.260926
          ],
          [
            106.863831,
            -6.260853
          ],
          [
            106.864177,
            -6.259533
          ],
          [
            106.864187,
            -6.259462
          ],
          [
            106.86419,
            -6.259399
          ],
          [
            106.864187,
            -6.259345
          ],
          [
            106.864169,
            -6.259272
          ],
          [
            106.864088,
            -6.259048
          ],
          [
            106.863969,
            -6.258719
          ],
          [
            106.863754,
            -6.258079
          ],
          [
            106.863729,
            -6.258004
          ],
          [
            106.86352,
            -6.257127
          ],
          [
            106.863494,
            -6.256992
          ],
          [
            106.863479,
            -6.256694
          ],
          [
            106.863476,
            -6.256351
          ],
          [
            106.863505,
            -6.255746
          ],
          [
            106.863512,
            -6.255475
          ],
          [
            106.863509,
            -6.255208
          ],
          [
            106.863595,
            -6.254916
          ],
          [
            106.863897,
            -6.254252
          ],
          [
            106.864043,
            -6.253979
          ],
          [
            106.864094,
            -6.253892
          ],
          [
            106.864217,
            -6.253657
          ],
          [
            106.864267,
            -6.253542
          ],
          [
            106.864292,
            -6.253479
          ],
          [
            106.864429,
            -6.253155
          ],
          [
            106.864491,
            -6.253002
          ],
          [
            106.864582,
            -6.252807
          ],
          [
            106.864619,
            -6.252722
          ],
          [
            106.864644,
            -6.252666
          ],
          [
            106.864742,
            -6.252434
          ],
          [
            106.864786,
            -6.252315
          ],
          [
            106.86488,
            -6.252068
          ],
          [
            106.864896,
            -6.252022
          ],
          [
            106.86515,
            -6.251425
          ],
          [
            106.865173,
            -6.251371
          ],
          [
            106.865231,
            -6.251243
          ],
          [
            106.865257,
            -6.251184
          ],
          [
            106.865552,
            -6.250466
          ],
          [
            106.865715,
            -6.250087
          ],
          [
            106.865997,
            -6.249471
          ],
          [
            106.866063,
            -6.249331
          ],
          [
            106.866148,
            -6.249148
          ],
          [
            106.86629,
            -6.24884
          ],
          [
            106.866427,
            -6.248548
          ],
          [
            106.866728,
            -6.247908
          ],
          [
            106.866901,
            -6.247546
          ],
          [
            106.867099,
            -6.247148
          ],
          [
            106.867101,
            -6.247144
          ],
          [
            106.867859,
            -6.245659
          ],
          [
            106.86791,
            -6.245493
          ],
          [
            106.867967,
            -6.245356
          ],
          [
            106.868136,
            -6.245045
          ],
          [
            106.868278,
            -6.24493
          ],
          [
            106.868327,
            -6.244824
          ],
          [
            106.868388,
            -6.244667
          ],
          [
            106.868511,
            -6.244292
          ],
          [
            106.868554,
            -6.244136
          ],
          [
            106.86862,
            -6.243892
          ],
          [
            106.868685,
            -6.243663
          ],
          [
            106.868705,
            -6.243593
          ],
          [
            106.868879,
            -6.243015
          ],
          [
            106.869081,
            -6.242348
          ],
          [
            106.869087,
            -6.242316
          ],
          [
            106.869105,
            -6.242224
          ],
          [
            106.869115,
            -6.24217
          ],
          [
            106.869125,
            -6.242116
          ],
          [
            106.869194,
            -6.241638
          ],
          [
            106.869215,
            -6.241222
          ],
          [
            106.869203,
            -6.240744
          ],
          [
            106.869196,
            -6.240511
          ],
          [
            106.869192,
            -6.240444
          ],
          [
            106.869151,
            -6.239677
          ],
          [
            106.869117,
            -6.239318
          ],
          [
            106.869111,
            -6.239258
          ],
          [
            106.869078,
            -6.239062
          ],
          [
            106.868989,
            -6.23863
          ],
          [
            106.868949,
            -6.238415
          ],
          [
            106.868879,
            -6.238044
          ],
          [
            106.868862,
            -6.237971
          ],
          [
            106.868742,
            -6.237454
          ],
          [
            106.868719,
            -6.237368
          ],
          [
            106.868713,
            -6.237348
          ],
          [
            106.868682,
            -6.237247
          ],
          [
            106.868671,
            -6.23722
          ],
          [
            106.8686,
            -6.237043
          ],
          [
            106.868498,
            -6.23683
          ],
          [
            106.868427,
            -6.236678
          ],
          [
            106.868305,
            -6.236415
          ],
          [
            106.868267,
            -6.236333
          ],
          [
            106.868188,
            -6.236168
          ],
          [
            106.868121,
            -6.236016
          ],
          [
            106.867952,
            -6.235639
          ],
          [
            106.867911,
            -6.235553
          ],
          [
            106.867871,
            -6.235467
          ],
          [
            106.8678,
            -6.235293
          ],
          [
            106.867738,
            -6.235133
          ],
          [
            106.867724,
            -6.235106
          ],
          [
            106.867598,
            -6.234725
          ],
          [
            106.867505,
            -6.234352
          ],
          [
            106.867464,
            -6.234055
          ],
          [
            106.867454,
            -6.233963
          ],
          [
            106.867307,
            -6.2329
          ],
          [
            106.86726,
            -6.232473
          ],
          [
            106.867235,
            -6.232114
          ],
          [
            106.867229,
            -6.232018
          ],
          [
            106.867221,
            -6.231899
          ],
          [
            106.867214,
            -6.231817
          ],
          [
            106.86721,
            -6.231785
          ],
          [
            106.867198,
            -6.231636
          ],
          [
            106.867169,
            -6.231286
          ],
          [
            106.867161,
            -6.231089
          ],
          [
            106.867159,
            -6.231053
          ],
          [
            106.867152,
            -6.230927
          ],
          [
            106.867151,
            -6.230886
          ],
          [
            106.867134,
            -6.230403
          ],
          [
            106.867128,
            -6.229963
          ],
          [
            106.867129,
            -6.229935
          ],
          [
            106.86713,
            -6.229856
          ],
          [
            106.867133,
            -6.2297
          ],
          [
            106.867142,
            -6.228968
          ],
          [
            106.867144,
            -6.228903
          ],
          [
            106.867148,
            -6.22872
          ],
          [
            106.867154,
            -6.228315
          ],
          [
            106.86715,
            -6.227763
          ],
          [
            106.86715,
            -6.227569
          ],
          [
            106.86715,
            -6.227382
          ],
          [
            106.867141,
            -6.227147
          ],
          [
            106.867129,
            -6.226935
          ],
          [
            106.867107,
            -6.226797
          ],
          [
            106.867044,
            -6.226452
          ],
          [
            106.866952,
            -6.226008
          ],
          [
            106.866923,
            -6.225901
          ],
          [
            106.86689,
            -6.225772
          ],
          [
            106.866833,
            -6.22561
          ],
          [
            106.866809,
            -6.225537
          ],
          [
            106.866771,
            -6.225448
          ],
          [
            106.866609,
            -6.225147
          ],
          [
            106.866552,
            -6.225039
          ],
          [
            106.86651,
            -6.224961
          ],
          [
            106.86646,
            -6.224822
          ],
          [
            106.866436,
            -6.224757
          ],
          [
            106.86639,
            -6.22463
          ],
          [
            106.866378,
            -6.224598
          ],
          [
            106.866317,
            -6.224364
          ],
          [
            106.866301,
            -6.224323
          ],
          [
            106.866221,
            -6.224063
          ]
        ]
      }
    },
    {
      "type": "Feature",
      "properties": {
        "route_id": "ID-08",
        "route_name": "TransJakarta Corridor 8",
        "route_type": "BUS",
        "route_ref": "K8",
        "origin_name": "Origin",
        "destination_name": "Destination",
        "region": "Other",
        "province": "Other"
      },
      "geometry": {
        "type": "LineString",
        "coordinates": [
          [
            106.772111,
            -6.28401
          ],
          [
            106.771777,
            -6.283968
          ],
          [
            106.771742,
            -6.283966
          ],
          [
            106.771713,
            -6.283964
          ],
          [
            106.771795,
            -6.283457
          ],
          [
            106.771865,
            -6.283066
          ],
          [
            106.771887,
            -6.282924
          ],
          [
            106.771897,
            -6.282859
          ],
          [
            106.771981,
            -6.282137
          ],
          [
            106.772002,
            -6.281956
          ],
          [
            106.772021,
            -6.281795
          ],
          [
            106.772031,
            -6.281713
          ],
          [
            106.772042,
            -6.28155
          ],
          [
            106.772066,
            -6.281492
          ],
          [
            106.772102,
            -6.281442
          ],
          [
            106.772148,
            -6.2814
          ],
          [
            106.772203,
            -6.28137
          ],
          [
            106.772263,
            -6.281353
          ],
          [
            106.772325,
            -6.281349
          ],
          [
            106.772387,
            -6.28136
          ],
          [
            106.772444,
            -6.281384
          ],
          [
            106.772495,
            -6.28142
          ],
          [
            106.772621,
            -6.281572
          ],
          [
            106.773085,
            -6.282099
          ],
          [
            106.773349,
            -6.282394
          ],
          [
            106.773855,
            -6.282956
          ],
          [
            106.774233,
            -6.283357
          ],
          [
            106.774671,
            -6.283848
          ],
          [
            106.774923,
            -6.284133
          ],
          [
            106.774983,
            -6.284201
          ],
          [
            106.775278,
            -6.284535
          ],
          [
            106.775379,
            -6.284668
          ],
          [
            106.775489,
            -6.284814
          ],
          [
            106.775589,
            -6.284939
          ],
          [
            106.775698,
            -6.285091
          ],
          [
            106.775825,
            -6.285318
          ],
          [
            106.776038,
            -6.285691
          ],
          [
            106.776157,
            -6.285857
          ],
          [
            106.776389,
            -6.286164
          ],
          [
            106.77743,
            -6.28735
          ],
          [
            106.777862,
            -6.287845
          ],
          [
            106.777971,
            -6.28797
          ],
          [
            106.77804,
            -6.288001
          ],
          [
            106.778139,
            -6.288024
          ],
          [
            106.778256,
            -6.288037
          ],
          [
            106.778268,
            -6.288039
          ],
          [
            106.778373,
            -6.28802
          ],
          [
            106.778581,
            -6.287914
          ],
          [
            106.778664,
            -6.287871
          ],
          [
            106.779255,
            -6.287378
          ],
          [
            106.779331,
            -6.287316
          ],
          [
            106.7794,
            -6.287254
          ],
          [
            106.779468,
            -6.287192
          ],
          [
            106.779589,
            -6.287085
          ],
          [
            106.779679,
            -6.286999
          ],
          [
            106.779785,
            -6.286902
          ],
          [
            106.779909,
            -6.286763
          ],
          [
            106.779956,
            -6.286704
          ],
          [
            106.780012,
            -6.286632
          ],
          [
            106.780103,
            -6.2865
          ],
          [
            106.780179,
            -6.286352
          ],
          [
            106.780241,
            -6.286208
          ],
          [
            106.780263,
            -6.286092
          ],
          [
            106.780282,
            -6.285957
          ],
          [
            106.78029,
            -6.285849
          ],
          [
            106.780293,
            -6.285702
          ],
          [
            106.780283,
            -6.285379
          ],
          [
            106.780268,
            -6.285049
          ],
          [
            106.780215,
            -6.284146
          ],
          [
            106.78021,
            -6.284063
          ],
          [
            106.780205,
            -6.283981
          ],
          [
            106.780153,
            -6.283039
          ],
          [
            106.780152,
            -6.282982
          ],
          [
            106.780181,
            -6.282574
          ],
          [
            106.780188,
            -6.282408
          ],
          [
            106.780203,
            -6.282254
          ],
          [
            106.780231,
            -6.282045
          ],
          [
            106.780289,
            -6.281651
          ],
          [
            106.780426,
            -6.281035
          ],
          [
            106.780491,
            -6.280782
          ],
          [
            106.780533,
            -6.280618
          ],
          [
            106.780535,
            -6.280493
          ],
          [
            106.780499,
            -6.280394
          ],
          [
            106.780472,
            -6.280358
          ],
          [
            106.780449,
            -6.280318
          ],
          [
            106.780433,
            -6.280276
          ],
          [
            106.780424,
            -6.280231
          ],
          [
            106.780421,
            -6.280186
          ],
          [
            106.780425,
            -6.280141
          ],
          [
            106.78044,
            -6.280086
          ],
          [
            106.780465,
            -6.280034
          ],
          [
            106.780497,
            -6.27999
          ],
          [
            106.780536,
            -6.279953
          ],
          [
            106.780581,
            -6.279923
          ],
          [
            106.780631,
            -6.279902
          ],
          [
            106.780684,
            -6.279889
          ],
          [
            106.780811,
            -6.279814
          ],
          [
            106.780881,
            -6.279715
          ],
          [
            106.780939,
            -6.279578
          ],
          [
            106.781218,
            -6.278714
          ],
          [
            106.781487,
            -6.277706
          ],
          [
            106.782102,
            -6.275394
          ],
          [
            106.782372,
            -6.274349
          ],
          [
            106.782439,
            -6.274074
          ],
          [
            106.782571,
            -6.273534
          ],
          [
            106.782638,
            -6.273253
          ],
          [
            106.78266,
            -6.273164
          ],
          [
            106.78283,
            -6.272538
          ],
          [
            106.783195,
            -6.271171
          ],
          [
            106.78339,
            -6.270469
          ],
          [
            106.783482,
            -6.270173
          ],
          [
            106.783517,
            -6.270065
          ],
          [
            106.78355,
            -6.269928
          ],
          [
            106.783586,
            -6.269685
          ],
          [
            106.783609,
            -6.269177
          ],
          [
            106.7836,
            -6.268434
          ],
          [
            106.783596,
            -6.267766
          ],
          [
            106.783587,
            -6.267721
          ],
          [
            106.783564,
            -6.267663
          ],
          [
            106.783552,
            -6.267582
          ],
          [
            106.783548,
            -6.267196
          ],
          [
            106.783543,
            -6.266722
          ],
          [
            106.78354,
            -6.266562
          ],
          [
            106.783524,
            -6.265728
          ],
          [
            106.783497,
            -6.265427
          ],
          [
            106.783463,
            -6.263975
          ],
          [
            106.783454,
            -6.2638
          ],
          [
            106.783449,
            -6.263674
          ],
          [
            106.783442,
            -6.26341
          ],
          [
            106.783409,
            -6.263262
          ],
          [
            106.783356,
            -6.263115
          ],
          [
            106.783302,
            -6.262992
          ],
          [
            106.783221,
            -6.262863
          ],
          [
            106.783125,
            -6.262741
          ],
          [
            106.783086,
            -6.26269
          ],
          [
            106.782916,
            -6.262524
          ],
          [
            106.78274,
            -6.262383
          ],
          [
            106.782717,
            -6.262364
          ],
          [
            106.78264,
            -6.262299
          ],
          [
            106.782566,
            -6.262229
          ],
          [
            106.782422,
            -6.262079
          ],
          [
            106.782367,
            -6.262023
          ],
          [
            106.782333,
            -6.26198
          ],
          [
            106.782276,
            -6.261911
          ],
          [
            106.782186,
            -6.261765
          ],
          [
            106.782139,
            -6.261685
          ],
          [
            106.782105,
            -6.261621
          ],
          [
            106.782078,
            -6.261562
          ],
          [
            106.78206,
            -6.26152
          ],
          [
            106.78205,
            -6.261492
          ],
          [
            106.782014,
            -6.26141
          ],
          [
            106.78199,
            -6.261341
          ],
          [
            106.781984,
            -6.261322
          ],
          [
            106.781965,
            -6.261261
          ],
          [
            106.781954,
            -6.261226
          ],
          [
            106.781887,
            -6.261009
          ],
          [
            106.78185,
            -6.260881
          ],
          [
            106.78181,
            -6.260739
          ],
          [
            106.781789,
            -6.260638
          ],
          [
            106.781751,
            -6.260462
          ],
          [
            106.781735,
            -6.260281
          ],
          [
            106.781724,
            -6.260089
          ],
          [
            106.781715,
            -6.259882
          ],
          [
            106.781703,
            -6.259588
          ],
          [
            106.781695,
            -6.259347
          ],
          [
            106.781691,
            -6.258949
          ],
          [
            106.781689,
            -6.258894
          ],
          [
            106.781649,
            -6.257947
          ],
          [
            106.781637,
            -6.257464
          ],
          [
            106.781624,
            -6.257187
          ],
          [
            106.78162,
            -6.257131
          ],
          [
            106.78162,
            -6.257052
          ],
          [
            106.78162,
            -6.256972
          ],
          [
            106.781618,
            -6.256912
          ],
          [
            106.781636,
            -6.256174
          ],
          [
            106.781632,
            -6.255708
          ],
          [
            106.781626,
            -6.255405
          ],
          [
            106.78162,
            -6.25486
          ],
          [
            106.781605,
            -6.254405
          ],
          [
            106.781592,
            -6.253345
          ],
          [
            106.781588,
            -6.253072
          ],
          [
            106.781589,
            -6.252968
          ],
          [
            106.781587,
            -6.252884
          ],
          [
            106.781587,
            -6.252837
          ],
          [
            106.781573,
            -6.252577
          ],
          [
            106.781561,
            -6.252146
          ],
          [
            106.781559,
            -6.252076
          ],
          [
            106.781522,
            -6.251608
          ],
          [
            106.781461,
            -6.250916
          ],
          [
            106.781398,
            -6.250418
          ],
          [
            106.78136,
            -6.250184
          ],
          [
            106.781287,
            -6.249737
          ],
          [
            106.781301,
            -6.249575
          ],
          [
            106.781307,
            -6.249516
          ],
          [
            106.7813,
            -6.249477
          ],
          [
            106.781277,
            -6.249318
          ],
          [
            106.781244,
            -6.249005
          ],
          [
            106.78123,
            -6.248691
          ],
          [
            106.781251,
            -6.248079
          ],
          [
            106.781281,
            -6.247735
          ],
          [
            106.781324,
            -6.247475
          ],
          [
            106.78157,
            -6.246662
          ],
          [
            106.782226,
            -6.244903
          ],
          [
            106.782301,
            -6.244661
          ],
          [
            106.782382,
            -6.244319
          ],
          [
            106.782423,
            -6.244091
          ],
          [
            106.782434,
            -6.243954
          ],
          [
            106.782511,
            -6.243699
          ],
          [
            106.782591,
            -6.24315
          ],
          [
            106.782601,
            -6.243051
          ],
          [
            106.782657,
            -6.242331
          ],
          [
            106.782688,
            -6.241951
          ],
          [
            106.782718,
            -6.241579
          ],
          [
            106.782724,
            -6.241491
          ],
          [
            106.78275,
            -6.24121
          ],
          [
            106.782781,
            -6.240828
          ],
          [
            106.78279,
            -6.240626
          ],
          [
            106.782791,
            -6.240554
          ],
          [
            106.782808,
            -6.240309
          ],
          [
            106.782846,
            -6.239827
          ],
          [
            106.78285,
            -6.239744
          ],
          [
            106.782875,
            -6.239497
          ],
          [
            106.782919,
            -6.239232
          ],
          [
            106.782944,
            -6.239079
          ],
          [
            106.782998,
            -6.238787
          ],
          [
            106.783017,
            -6.238718
          ],
          [
            106.783044,
            -6.238632
          ],
          [
            106.783336,
            -6.237976
          ],
          [
            106.783528,
            -6.237543
          ],
          [
            106.783566,
            -6.237456
          ],
          [
            106.78364,
            -6.237315
          ],
          [
            106.783807,
            -6.237
          ],
          [
            106.783833,
            -6.236956
          ],
          [
            106.784081,
            -6.236381
          ],
          [
            106.784157,
            -6.236208
          ],
          [
            106.784191,
            -6.236148
          ],
          [
            106.784226,
            -6.236087
          ],
          [
            106.784302,
            -6.235981
          ],
          [
            106.784393,
            -6.235869
          ],
          [
            106.784558,
            -6.235646
          ],
          [
            106.784662,
            -6.235522
          ],
          [
            106.784926,
            -6.235261
          ],
          [
            106.785329,
            -6.234877
          ],
          [
            106.785383,
            -6.234816
          ],
          [
            106.785442,
            -6.234751
          ],
          [
            106.785541,
            -6.234635
          ],
          [
            106.785583,
            -6.234562
          ],
          [
            106.785597,
            -6.234551
          ],
          [
            106.785936,
            -6.234263
          ],
          [
            106.786278,
            -6.234002
          ],
          [
            106.786328,
            -6.233962
          ],
          [
            106.786462,
            -6.233863
          ],
          [
            106.786807,
            -6.23362
          ],
          [
            106.787008,
            -6.233487
          ],
          [
            106.787642,
            -6.233081
          ],
          [
            106.788076,
            -6.232712
          ],
          [
            106.788247,
            -6.232547
          ],
          [
            106.788298,
            -6.232496
          ],
          [
            106.788527,
            -6.232206
          ],
          [
            106.788918,
            -6.231703
          ],
          [
            106.788975,
            -6.231627
          ],
          [
            106.789248,
            -6.231242
          ],
          [
            106.789683,
            -6.23063
          ],
          [
            106.789742,
            -6.230538
          ],
          [
            106.789773,
            -6.230491
          ],
          [
            106.790147,
            -6.2299
          ],
          [
            106.790373,
            -6.229503
          ],
          [
            106.790519,
            -6.22926
          ],
          [
            106.7906,
            -6.229093
          ],
          [
            106.790631,
            -6.22895
          ],
          [
            106.790658,
            -6.228761
          ],
          [
            106.790649,
            -6.228587
          ],
          [
            106.790619,
            -6.228415
          ],
          [
            106.790582,
            -6.228306
          ],
          [
            106.790541,
            -6.228205
          ],
          [
            106.79047,
            -6.228055
          ],
          [
            106.790334,
            -6.227876
          ],
          [
            106.790118,
            -6.227684
          ],
          [
            106.789914,
            -6.227497
          ],
          [
            106.788272,
            -6.225996
          ],
          [
            106.787816,
            -6.225584
          ],
          [
            106.787662,
            -6.225514
          ],
          [
            106.787473,
            -6.225477
          ],
          [
            106.787273,
            -6.225496
          ],
          [
            106.787136,
            -6.225547
          ],
          [
            106.787062,
            -6.225591
          ],
          [
            106.786997,
            -6.225646
          ],
          [
            106.786941,
            -6.225715
          ],
          [
            106.786896,
            -6.225797
          ],
          [
            106.786871,
            -6.225871
          ],
          [
            106.786858,
            -6.225959
          ],
          [
            106.786854,
            -6.226029
          ],
          [
            106.786861,
            -6.226098
          ],
          [
            106.786875,
            -6.226158
          ],
          [
            106.786905,
            -6.226216
          ],
          [
            106.787009,
            -6.226346
          ],
          [
            106.787117,
            -6.226453
          ],
          [
            106.787483,
            -6.226764
          ],
          [
            106.787527,
            -6.226794
          ],
          [
            106.787594,
            -6.226822
          ],
          [
            106.787638,
            -6.226833
          ],
          [
            106.787753,
            -6.226843
          ],
          [
            106.787844,
            -6.226832
          ],
          [
            106.787956,
            -6.226791
          ],
          [
            106.788026,
            -6.226744
          ],
          [
            106.788087,
            -6.226676
          ],
          [
            106.788157,
            -6.226586
          ],
          [
            106.788345,
            -6.226248
          ],
          [
            106.78852,
            -6.225949
          ],
          [
            106.788617,
            -6.225787
          ],
          [
            106.788807,
            -6.225479
          ],
          [
            106.788996,
            -6.225171
          ],
          [
            106.789435,
            -6.224494
          ],
          [
            106.789686,
            -6.223992
          ],
          [
            106.789887,
            -6.223578
          ],
          [
            106.790051,
            -6.223178
          ],
          [
            106.790088,
            -6.223099
          ],
          [
            106.790107,
            -6.223058
          ],
          [
            106.790187,
            -6.222888
          ],
          [
            106.79031,
            -6.222594
          ],
          [
            106.790387,
            -6.222407
          ],
          [
            106.790669,
            -6.221735
          ],
          [
            106.790714,
            -6.221628
          ],
          [
            106.790742,
            -6.221559
          ],
          [
            106.790784,
            -6.221457
          ],
          [
            106.790862,
            -6.221265
          ],
          [
            106.790924,
            -6.221119
          ],
          [
            106.791058,
            -6.220796
          ],
          [
            106.791194,
            -6.220473
          ],
          [
            106.791252,
            -6.220322
          ],
          [
            106.79161,
            -6.219373
          ],
          [
            106.792035,
            -6.218357
          ],
          [
            106.792301,
            -6.217794
          ],
          [
            106.792418,
            -6.217546
          ],
          [
            106.792672,
            -6.21713
          ],
          [
            106.792888,
            -6.216777
          ],
          [
            106.793082,
            -6.216488
          ],
          [
            106.793289,
            -6.216216
          ],
          [
            106.793466,
            -6.215999
          ],
          [
            106.793674,
            -6.21576
          ],
          [
            106.793715,
            -6.215717
          ],
          [
            106.793868,
            -6.215555
          ],
          [
            106.793985,
            -6.215448
          ],
          [
            106.794149,
            -6.215299
          ],
          [
            106.794389,
            -6.215072
          ],
          [
            106.79464,
            -6.214855
          ],
          [
            106.794824,
            -6.214697
          ],
          [
            106.794954,
            -6.214585
          ],
          [
            106.795381,
            -6.214157
          ],
          [
            106.795465,
            -6.214073
          ],
          [
            106.795608,
            -6.213884
          ],
          [
            106.795758,
            -6.213621
          ],
          [
            106.795867,
            -6.213379
          ],
          [
            106.795937,
            -6.213137
          ],
          [
            106.795986,
            -6.212912
          ],
          [
            106.79602,
            -6.212683
          ],
          [
            106.796033,
            -6.21245
          ],
          [
            106.796033,
            -6.212254
          ],
          [
            106.795974,
            -6.211094
          ],
          [
            106.795987,
            -6.210528
          ],
          [
            106.796026,
            -6.210354
          ],
          [
            106.796065,
            -6.21018
          ],
          [
            106.796185,
            -6.209882
          ],
          [
            106.796321,
            -6.20954
          ],
          [
            106.796404,
            -6.209351
          ],
          [
            106.796551,
            -6.209029
          ],
          [
            106.796693,
            -6.208718
          ],
          [
            106.796993,
            -6.207883
          ],
          [
            106.797011,
            -6.207836
          ],
          [
            106.797096,
            -6.207611
          ],
          [
            106.79721,
            -6.20735
          ],
          [
            106.797282,
            -6.2072
          ],
          [
            106.797368,
            -6.207066
          ],
          [
            106.797631,
            -6.206701
          ],
          [
            106.797932,
            -6.206161
          ],
          [
            106.798215,
            -6.205623
          ],
          [
            106.798568,
            -6.205162
          ],
          [
            106.798913,
            -6.204881
          ],
          [
            106.799307,
            -6.204618
          ],
          [
            106.799822,
            -6.204375
          ],
          [
            106.799984,
            -6.204297
          ],
          [
            106.800392,
            -6.204039
          ],
          [
            106.800419,
            -6.203987
          ],
          [
            106.80043,
            -6.203803
          ],
          [
            106.799926,
            -6.202778
          ],
          [
            106.799833,
            -6.20259
          ],
          [
            106.799651,
            -6.20222
          ],
          [
            106.799602,
            -6.202123
          ],
          [
            106.799593,
            -6.20209
          ],
          [
            106.799593,
            -6.202048
          ],
          [
            106.799596,
            -6.202007
          ],
          [
            106.799596,
            -6.201964
          ],
          [
            106.799588,
            -6.201917
          ],
          [
            106.799538,
            -6.201819
          ],
          [
            106.799464,
            -6.201667
          ],
          [
            106.799226,
            -6.20125
          ],
          [
            106.799151,
            -6.20112
          ],
          [
            106.799111,
            -6.201057
          ],
          [
            106.799076,
            -6.20099
          ],
          [
            106.799018,
            -6.200883
          ],
          [
            106.798686,
            -6.20025
          ],
          [
            106.798611,
            -6.200107
          ],
          [
            106.798549,
            -6.19999
          ],
          [
            106.798431,
            -6.199697
          ],
          [
            106.798274,
            -6.199317
          ],
          [
            106.798122,
            -6.198847
          ],
          [
            106.798081,
            -6.19872
          ],
          [
            106.797969,
            -6.198376
          ],
          [
            106.797925,
            -6.198242
          ],
          [
            106.797825,
            -6.197936
          ],
          [
            106.79774,
            -6.197651
          ],
          [
            106.797704,
            -6.197486
          ],
          [
            106.797632,
            -6.197157
          ],
          [
            106.797624,
            -6.19712
          ],
          [
            106.797565,
            -6.196864
          ],
          [
            106.797455,
            -6.196432
          ],
          [
            106.7973,
            -6.19578
          ],
          [
            106.797196,
            -6.19518
          ],
          [
            106.797157,
            -6.194894
          ],
          [
            106.797089,
            -6.194218
          ],
          [
            106.797087,
            -6.194158
          ],
          [
            106.797079,
            -6.193942
          ],
          [
            106.79707,
            -6.193743
          ],
          [
            106.797053,
            -6.193418
          ],
          [
            106.797035,
            -6.193059
          ],
          [
            106.79702,
            -6.192772
          ],
          [
            106.797007,
            -6.192506
          ],
          [
            106.796988,
            -6.192146
          ],
          [
            106.796972,
            -6.191832
          ],
          [
            106.796959,
            -6.191653
          ],
          [
            106.796957,
            -6.191611
          ],
          [
            106.79695,
            -6.191451
          ],
          [
            106.796947,
            -6.191378
          ],
          [
            106.796939,
            -6.191185
          ],
          [
            106.796933,
            -6.191056
          ],
          [
            106.796936,
            -6.190839
          ],
          [
            106.796947,
            -6.190679
          ],
          [
            106.79696,
            -6.190594
          ],
          [
            106.796954,
            -6.190447
          ],
          [
            106.796946,
            -6.190284
          ],
          [
            106.79694,
            -6.190157
          ],
          [
            106.796933,
            -6.189931
          ],
          [
            106.796926,
            -6.189816
          ],
          [
            106.796906,
            -6.189268
          ],
          [
            106.796899,
            -6.189235
          ],
          [
            106.796892,
            -6.189217
          ],
          [
            106.796872,
            -6.189171
          ],
          [
            106.796867,
            -6.189147
          ],
          [
            106.796862,
            -6.189046
          ],
          [
            106.796861,
            -6.189014
          ],
          [
            106.796848,
            -6.188624
          ],
          [
            106.796803,
            -6.186822
          ],
          [
            106.796802,
            -6.186765
          ],
          [
            106.796786,
            -6.186341
          ],
          [
            106.796774,
            -6.185902
          ],
          [
            106.796755,
            -6.18534
          ],
          [
            106.796746,
            -6.185162
          ],
          [
            106.79672,
            -6.184817
          ],
          [
            106.796719,
            -6.184694
          ],
          [
            106.796691,
            -6.184043
          ],
          [
            106.796661,
            -6.183488
          ],
          [
            106.796568,
            -6.182292
          ],
          [
            106.796556,
            -6.181998
          ],
          [
            106.796521,
            -6.181764
          ],
          [
            106.796465,
            -6.181492
          ],
          [
            106.796415,
            -6.181278
          ],
          [
            106.796364,
            -6.181087
          ],
          [
            106.796318,
            -6.180923
          ],
          [
            106.796301,
            -6.180871
          ],
          [
            106.796306,
            -6.180802
          ],
          [
            106.796293,
            -6.180743
          ],
          [
            106.796209,
            -6.180463
          ],
          [
            106.79616,
            -6.180406
          ],
          [
            106.796045,
            -6.180246
          ],
          [
            106.796018,
            -6.180215
          ],
          [
            106.795993,
            -6.180178
          ],
          [
            106.795961,
            -6.18007
          ],
          [
            106.795942,
            -6.179962
          ],
          [
            106.795928,
            -6.179825
          ],
          [
            106.795922,
            -6.179766
          ],
          [
            106.795906,
            -6.179698
          ],
          [
            106.79581,
            -6.17948
          ],
          [
            106.795897,
            -6.179427
          ],
          [
            106.795954,
            -6.179396
          ],
          [
            106.796024,
            -6.179361
          ],
          [
            106.796071,
            -6.179337
          ],
          [
            106.796253,
            -6.179249
          ],
          [
            106.796383,
            -6.179181
          ],
          [
            106.796405,
            -6.179173
          ],
          [
            106.796582,
            -6.179106
          ],
          [
            106.796806,
            -6.179003
          ],
          [
            106.796835,
            -6.178989
          ],
          [
            106.79751,
            -6.178671
          ],
          [
            106.797646,
            -6.178628
          ],
          [
            106.797793,
            -6.178554
          ],
          [
            106.798079,
            -6.178394
          ],
          [
            106.798699,
            -6.178007
          ],
          [
            106.799036,
            -6.177768
          ],
          [
            106.799269,
            -6.177605
          ],
          [
            106.799884,
            -6.177185
          ],
          [
            106.799982,
            -6.177115
          ],
          [
            106.800019,
            -6.177087
          ],
          [
            106.800143,
            -6.176992
          ],
          [
            106.800577,
            -6.176684
          ],
          [
            106.801047,
            -6.176357
          ],
          [
            106.801299,
            -6.17618
          ],
          [
            106.802272,
            -6.175475
          ],
          [
            106.802435,
            -6.175356
          ],
          [
            106.802632,
            -6.175201
          ],
          [
            106.80293,
            -6.175022
          ],
          [
            106.80324,
            -6.174869
          ],
          [
            106.803752,
            -6.174599
          ],
          [
            106.80427,
            -6.174309
          ],
          [
            106.804468,
            -6.174168
          ],
          [
            106.805321,
            -6.173542
          ],
          [
            106.805732,
            -6.173245
          ],
          [
            106.80678,
            -6.172497
          ],
          [
            106.807474,
            -6.172023
          ],
          [
            106.807926,
            -6.171748
          ],
          [
            106.808308,
            -6.171541
          ],
          [
            106.808582,
            -6.171397
          ],
          [
            106.808657,
            -6.17136
          ],
          [
            106.808818,
            -6.171309
          ],
          [
            106.809651,
            -6.171161
          ],
          [
            106.809925,
            -6.171103
          ],
          [
            106.810416,
            -6.171011
          ],
          [
            106.810565,
            -6.170987
          ],
          [
            106.810811,
            -6.170941
          ],
          [
            106.810824,
            -6.170939
          ],
          [
            106.81088,
            -6.170933
          ],
          [
            106.811072,
            -6.170914
          ],
          [
            106.811101,
            -6.170911
          ],
          [
            106.811114,
            -6.170909
          ],
          [
            106.811125,
            -6.170908
          ],
          [
            106.811306,
            -6.170885
          ],
          [
            106.812435,
            -6.170683
          ],
          [
            106.813015,
            -6.170579
          ],
          [
            106.813355,
            -6.170518
          ],
          [
            106.81376,
            -6.170445
          ],
          [
            106.814722,
            -6.170265
          ],
          [
            106.814757,
            -6.170259
          ],
          [
            106.81481,
            -6.170251
          ],
          [
            106.815293,
            -6.170178
          ],
          [
            106.815388,
            -6.170164
          ],
          [
            106.81594,
            -6.170081
          ],
          [
            106.815998,
            -6.170071
          ],
          [
            106.816234,
            -6.170031
          ],
          [
            106.816289,
            -6.170022
          ],
          [
            106.816373,
            -6.170008
          ],
          [
            106.816413,
            -6.170001
          ],
          [
            106.816783,
            -6.169939
          ],
          [
            106.817312,
            -6.169851
          ],
          [
            106.817358,
            -6.169844
          ],
          [
            106.817438,
            -6.169829
          ],
          [
            106.817879,
            -6.169747
          ],
          [
            106.817894,
            -6.169743
          ],
          [
            106.818251,
            -6.169664
          ],
          [
            106.818576,
            -6.16958
          ],
          [
            106.818767,
            -6.169526
          ],
          [
            106.818886,
            -6.16949
          ],
          [
            106.819062,
            -6.169415
          ],
          [
            106.819237,
            -6.169299
          ],
          [
            106.819406,
            -6.169115
          ],
          [
            106.819444,
            -6.169062
          ],
          [
            106.819532,
            -6.168948
          ],
          [
            106.819574,
            -6.168896
          ],
          [
            106.819713,
            -6.168722
          ],
          [
            106.819855,
            -6.168552
          ],
          [
            106.820485,
            -6.167917
          ],
          [
            106.820587,
            -6.167804
          ],
          [
            106.820654,
            -6.167713
          ],
          [
            106.820692,
            -6.167661
          ],
          [
            106.820703,
            -6.167647
          ],
          [
            106.820796,
            -6.167512
          ],
          [
            106.820834,
            -6.167452
          ],
          [
            106.820895,
            -6.167371
          ],
          [
            106.820937,
            -6.167322
          ],
          [
            106.821034,
            -6.167282
          ],
          [
            106.821117,
            -6.16726
          ],
          [
            106.821205,
            -6.167248
          ],
          [
            106.821364,
            -6.167264
          ],
          [
            106.821704,
            -6.167292
          ],
          [
            106.821735,
            -6.166924
          ],
          [
            106.821756,
            -6.166645
          ],
          [
            106.821777,
            -6.166364
          ],
          [
            106.821779,
            -6.166309
          ],
          [
            106.821786,
            -6.166176
          ]
        ]
      }
    },
    {
      "type": "Feature",
      "properties": {
        "route_id": "ID-09",
        "route_name": "TransJakarta Corridor 9",
        "route_type": "BUS",
        "route_ref": "K9",
        "origin_name": "Origin",
        "destination_name": "Destination",
        "region": "Other",
        "province": "Other"
      },
      "geometry": {
        "type": "LineString",
        "coordinates": [
          [
            106.881965,
            -6.236113
          ],
          [
            106.881962,
            -6.236076
          ],
          [
            106.881934,
            -6.235774
          ],
          [
            106.881915,
            -6.235617
          ],
          [
            106.881906,
            -6.235481
          ],
          [
            106.881888,
            -6.235229
          ],
          [
            106.881886,
            -6.235213
          ],
          [
            106.88188,
            -6.235197
          ],
          [
            106.881861,
            -6.235188
          ],
          [
            106.88184,
            -6.235186
          ],
          [
            106.881529,
            -6.235182
          ],
          [
            106.881505,
            -6.235177
          ],
          [
            106.881484,
            -6.23515
          ],
          [
            106.881464,
            -6.235103
          ],
          [
            106.881437,
            -6.235038
          ],
          [
            106.881409,
            -6.235
          ],
          [
            106.881281,
            -6.234902
          ],
          [
            106.881152,
            -6.234797
          ],
          [
            106.881115,
            -6.234721
          ],
          [
            106.881085,
            -6.234454
          ],
          [
            106.881065,
            -6.234427
          ],
          [
            106.881027,
            -6.234411
          ],
          [
            106.880824,
            -6.234395
          ],
          [
            106.880808,
            -6.234386
          ],
          [
            106.880803,
            -6.234367
          ],
          [
            106.880824,
            -6.234107
          ],
          [
            106.880815,
            -6.234004
          ],
          [
            106.880418,
            -6.233996
          ],
          [
            106.880459,
            -6.233448
          ],
          [
            106.880474,
            -6.233266
          ],
          [
            106.880412,
            -6.233092
          ],
          [
            106.880259,
            -6.232637
          ],
          [
            106.880146,
            -6.232175
          ],
          [
            106.880118,
            -6.232064
          ],
          [
            106.879651,
            -6.232039
          ],
          [
            106.87903,
            -6.232004
          ],
          [
            106.878516,
            -6.23196
          ],
          [
            106.878026,
            -6.23194
          ],
          [
            106.877843,
            -6.231951
          ],
          [
            106.877585,
            -6.231944
          ],
          [
            106.877511,
            -6.231941
          ],
          [
            106.877487,
            -6.23194
          ],
          [
            106.877254,
            -6.231931
          ],
          [
            106.876976,
            -6.231924
          ],
          [
            106.876586,
            -6.23192
          ],
          [
            106.876596,
            -6.231958
          ],
          [
            106.876614,
            -6.23203
          ],
          [
            106.876608,
            -6.232084
          ],
          [
            106.876718,
            -6.23249
          ],
          [
            106.876846,
            -6.23297
          ],
          [
            106.876961,
            -6.233475
          ],
          [
            106.877022,
            -6.233701
          ],
          [
            106.877147,
            -6.234235
          ],
          [
            106.877227,
            -6.234599
          ],
          [
            106.87733,
            -6.235014
          ],
          [
            106.877375,
            -6.235233
          ],
          [
            106.877453,
            -6.23554
          ],
          [
            106.87751,
            -6.235743
          ],
          [
            106.877588,
            -6.236111
          ],
          [
            106.87762,
            -6.236269
          ],
          [
            106.877653,
            -6.23643
          ],
          [
            106.877711,
            -6.236556
          ],
          [
            106.877759,
            -6.236736
          ],
          [
            106.877853,
            -6.23707
          ],
          [
            106.87788,
            -6.237161
          ],
          [
            106.877929,
            -6.237396
          ],
          [
            106.87795,
            -6.23749
          ],
          [
            106.878103,
            -6.238185
          ],
          [
            106.878172,
            -6.238654
          ],
          [
            106.878197,
            -6.238951
          ],
          [
            106.878207,
            -6.23906
          ],
          [
            106.878209,
            -6.239083
          ],
          [
            106.87821,
            -6.239095
          ],
          [
            106.878218,
            -6.239193
          ],
          [
            106.878217,
            -6.239217
          ],
          [
            106.878217,
            -6.239221
          ],
          [
            106.878238,
            -6.239616
          ],
          [
            106.878177,
            -6.23971
          ],
          [
            106.878146,
            -6.239744
          ],
          [
            106.8781,
            -6.239777
          ],
          [
            106.878034,
            -6.239788
          ],
          [
            106.877981,
            -6.239774
          ],
          [
            106.877945,
            -6.239759
          ],
          [
            106.877889,
            -6.239699
          ],
          [
            106.877871,
            -6.239676
          ],
          [
            106.877865,
            -6.23963
          ],
          [
            106.877883,
            -6.23956
          ],
          [
            106.877908,
            -6.239452
          ],
          [
            106.87794,
            -6.239307
          ],
          [
            106.87796,
            -6.239163
          ],
          [
            106.877961,
            -6.23899
          ],
          [
            106.87796,
            -6.238809
          ],
          [
            106.877959,
            -6.238706
          ],
          [
            106.877918,
            -6.238533
          ],
          [
            106.877905,
            -6.238238
          ],
          [
            106.877744,
            -6.237619
          ],
          [
            106.877569,
            -6.237046
          ],
          [
            106.877428,
            -6.23656
          ],
          [
            106.877385,
            -6.236411
          ],
          [
            106.877376,
            -6.236379
          ],
          [
            106.877362,
            -6.236331
          ],
          [
            106.877343,
            -6.235947
          ],
          [
            106.877175,
            -6.235282
          ],
          [
            106.877088,
            -6.234949
          ],
          [
            106.876993,
            -6.234591
          ],
          [
            106.876951,
            -6.234439
          ],
          [
            106.876833,
            -6.233962
          ],
          [
            106.876777,
            -6.233717
          ],
          [
            106.876707,
            -6.233409
          ],
          [
            106.876582,
            -6.232906
          ],
          [
            106.876526,
            -6.232725
          ],
          [
            106.876453,
            -6.232485
          ],
          [
            106.876352,
            -6.232123
          ],
          [
            106.876291,
            -6.231845
          ],
          [
            106.876224,
            -6.231846
          ],
          [
            106.876004,
            -6.231863
          ],
          [
            106.875934,
            -6.231866
          ],
          [
            106.875814,
            -6.23187
          ],
          [
            106.875744,
            -6.231872
          ],
          [
            106.875545,
            -6.23188
          ],
          [
            106.875437,
            -6.231879
          ],
          [
            106.874931,
            -6.231907
          ],
          [
            106.874322,
            -6.231919
          ],
          [
            106.874293,
            -6.231914
          ],
          [
            106.874269,
            -6.231907
          ],
          [
            106.874249,
            -6.231892
          ],
          [
            106.874235,
            -6.23187
          ],
          [
            106.874106,
            -6.231641
          ],
          [
            106.87407,
            -6.231602
          ],
          [
            106.874025,
            -6.23156
          ],
          [
            106.873981,
            -6.231525
          ],
          [
            106.873931,
            -6.231498
          ],
          [
            106.873906,
            -6.23149
          ],
          [
            106.873874,
            -6.231478
          ],
          [
            106.87383,
            -6.23147
          ],
          [
            106.873798,
            -6.231468
          ],
          [
            106.873769,
            -6.231467
          ],
          [
            106.873666,
            -6.231462
          ],
          [
            106.873384,
            -6.231479
          ],
          [
            106.873046,
            -6.2315
          ],
          [
            106.872865,
            -6.231515
          ],
          [
            106.872808,
            -6.231525
          ],
          [
            106.872466,
            -6.23154
          ],
          [
            106.8722,
            -6.231563
          ],
          [
            106.871885,
            -6.231586
          ],
          [
            106.871578,
            -6.231609
          ],
          [
            106.871566,
            -6.23161
          ],
          [
            106.871388,
            -6.23162
          ],
          [
            106.871274,
            -6.231626
          ],
          [
            106.869823,
            -6.23171
          ],
          [
            106.869803,
            -6.231713
          ],
          [
            106.869756,
            -6.231717
          ],
          [
            106.86972,
            -6.231719
          ],
          [
            106.869645,
            -6.231722
          ],
          [
            106.869577,
            -6.231726
          ],
          [
            106.869551,
            -6.231728
          ],
          [
            106.869533,
            -6.231729
          ],
          [
            106.86768,
            -6.231862
          ],
          [
            106.867447,
            -6.231883
          ],
          [
            106.86739,
            -6.231888
          ],
          [
            106.867326,
            -6.23189
          ],
          [
            106.867278,
            -6.231893
          ],
          [
            106.867221,
            -6.231899
          ],
          [
            106.867214,
            -6.231817
          ],
          [
            106.86721,
            -6.231785
          ],
          [
            106.867198,
            -6.231636
          ],
          [
            106.867169,
            -6.231286
          ],
          [
            106.867161,
            -6.231089
          ],
          [
            106.867159,
            -6.231053
          ],
          [
            106.867152,
            -6.230927
          ],
          [
            106.867151,
            -6.230886
          ],
          [
            106.867134,
            -6.230403
          ],
          [
            106.867128,
            -6.229963
          ],
          [
            106.867129,
            -6.229935
          ],
          [
            106.86713,
            -6.229856
          ],
          [
            106.867133,
            -6.2297
          ],
          [
            106.867142,
            -6.228968
          ],
          [
            106.867144,
            -6.228903
          ],
          [
            106.867148,
            -6.22872
          ],
          [
            106.867154,
            -6.228315
          ],
          [
            106.86715,
            -6.227763
          ],
          [
            106.86715,
            -6.227569
          ],
          [
            106.86715,
            -6.227382
          ],
          [
            106.867141,
            -6.227147
          ],
          [
            106.867129,
            -6.226935
          ],
          [
            106.867107,
            -6.226797
          ],
          [
            106.867044,
            -6.226452
          ],
          [
            106.866952,
            -6.226008
          ],
          [
            106.866923,
            -6.225901
          ],
          [
            106.86689,
            -6.225772
          ],
          [
            106.866833,
            -6.22561
          ],
          [
            106.866809,
            -6.225537
          ],
          [
            106.866771,
            -6.225448
          ],
          [
            106.866609,
            -6.225147
          ],
          [
            106.866552,
            -6.225039
          ],
          [
            106.86651,
            -6.224961
          ],
          [
            106.86646,
            -6.224822
          ],
          [
            106.866436,
            -6.224757
          ],
          [
            106.86639,
            -6.22463
          ],
          [
            106.866378,
            -6.224598
          ],
          [
            106.866317,
            -6.224364
          ],
          [
            106.866301,
            -6.224323
          ],
          [
            106.86611,
            -6.223701
          ],
          [
            106.865982,
            -6.223306
          ],
          [
            106.865926,
            -6.22311
          ],
          [
            106.865921,
            -6.223093
          ],
          [
            106.865913,
            -6.223067
          ],
          [
            106.865819,
            -6.222785
          ],
          [
            106.865637,
            -6.222151
          ],
          [
            106.865611,
            -6.222063
          ],
          [
            106.865563,
            -6.221897
          ],
          [
            106.865481,
            -6.221634
          ],
          [
            106.865393,
            -6.221392
          ],
          [
            106.865316,
            -6.221184
          ],
          [
            106.865281,
            -6.221099
          ],
          [
            106.865184,
            -6.220893
          ],
          [
            106.865063,
            -6.220635
          ],
          [
            106.865044,
            -6.2206
          ],
          [
            106.865019,
            -6.220553
          ],
          [
            106.864995,
            -6.220507
          ],
          [
            106.864827,
            -6.220126
          ],
          [
            106.864708,
            -6.219875
          ],
          [
            106.864682,
            -6.219822
          ],
          [
            106.864549,
            -6.219528
          ],
          [
            106.864524,
            -6.219465
          ],
          [
            106.864512,
            -6.21944
          ],
          [
            106.86449,
            -6.219386
          ],
          [
            106.864356,
            -6.219073
          ],
          [
            106.864195,
            -6.218584
          ],
          [
            106.864178,
            -6.218534
          ],
          [
            106.86412,
            -6.218148
          ],
          [
            106.86406,
            -6.217785
          ],
          [
            106.86403,
            -6.217566
          ],
          [
            106.864021,
            -6.217489
          ],
          [
            106.863987,
            -6.217227
          ],
          [
            106.863952,
            -6.216742
          ],
          [
            106.863939,
            -6.216634
          ],
          [
            106.863923,
            -6.216502
          ],
          [
            106.86388,
            -6.21639
          ],
          [
            106.863871,
            -6.216376
          ],
          [
            106.863606,
            -6.216037
          ],
          [
            106.863155,
            -6.215637
          ],
          [
            106.862947,
            -6.215464
          ],
          [
            106.862926,
            -6.215445
          ],
          [
            106.862864,
            -6.215392
          ],
          [
            106.862844,
            -6.215374
          ],
          [
            106.862619,
            -6.215158
          ],
          [
            106.862248,
            -6.214831
          ],
          [
            106.861971,
            -6.214523
          ],
          [
            106.861909,
            -6.214435
          ],
          [
            106.86184,
            -6.214317
          ],
          [
            106.861569,
            -6.21378
          ],
          [
            106.861498,
            -6.213625
          ],
          [
            106.861472,
            -6.213585
          ],
          [
            106.861378,
            -6.213436
          ],
          [
            106.861328,
            -6.213351
          ],
          [
            106.861122,
            -6.212944
          ],
          [
            106.861063,
            -6.212826
          ],
          [
            106.860909,
            -6.212531
          ],
          [
            106.860805,
            -6.212327
          ],
          [
            106.860765,
            -6.21224
          ],
          [
            106.860643,
            -6.21201
          ],
          [
            106.860607,
            -6.211959
          ],
          [
            106.860578,
            -6.211899
          ],
          [
            106.860558,
            -6.211854
          ],
          [
            106.860478,
            -6.211673
          ],
          [
            106.860312,
            -6.211295
          ],
          [
            106.860128,
            -6.210906
          ],
          [
            106.860102,
            -6.210842
          ],
          [
            106.860068,
            -6.210765
          ],
          [
            106.86004,
            -6.210699
          ],
          [
            106.859691,
            -6.209821
          ],
          [
            106.85952,
            -6.209393
          ],
          [
            106.859284,
            -6.208816
          ],
          [
            106.859177,
            -6.208537
          ],
          [
            106.859143,
            -6.208454
          ],
          [
            106.858913,
            -6.207885
          ],
          [
            106.858674,
            -6.207283
          ],
          [
            106.858489,
            -6.206827
          ],
          [
            106.858435,
            -6.206691
          ],
          [
            106.858277,
            -6.206298
          ],
          [
            106.858033,
            -6.205694
          ],
          [
            106.857986,
            -6.205575
          ],
          [
            106.85796,
            -6.205513
          ],
          [
            106.857805,
            -6.205078
          ],
          [
            106.857787,
            -6.205032
          ],
          [
            106.857729,
            -6.20488
          ],
          [
            106.857577,
            -6.204498
          ],
          [
            106.857226,
            -6.203557
          ],
          [
            106.857121,
            -6.203284
          ],
          [
            106.857074,
            -6.20316
          ],
          [
            106.857012,
            -6.203017
          ],
          [
            106.856996,
            -6.20298
          ],
          [
            106.85693,
            -6.202852
          ],
          [
            106.856897,
            -6.202789
          ],
          [
            106.856728,
            -6.202535
          ],
          [
            106.856676,
            -6.202458
          ],
          [
            106.856648,
            -6.20242
          ],
          [
            106.856589,
            -6.202341
          ],
          [
            106.856566,
            -6.202313
          ],
          [
            106.856519,
            -6.202256
          ],
          [
            106.856479,
            -6.202209
          ],
          [
            106.856458,
            -6.202188
          ],
          [
            106.856378,
            -6.202104
          ],
          [
            106.856291,
            -6.202015
          ],
          [
            106.856172,
            -6.201892
          ],
          [
            106.856137,
            -6.201856
          ],
          [
            106.855737,
            -6.201459
          ],
          [
            106.8557,
            -6.201422
          ],
          [
            106.855321,
            -6.201045
          ],
          [
            106.854982,
            -6.200689
          ],
          [
            106.854653,
            -6.20036
          ],
          [
            106.854568,
            -6.200274
          ],
          [
            106.854418,
            -6.200125
          ],
          [
            106.854353,
            -6.200058
          ],
          [
            106.854154,
            -6.199877
          ],
          [
            106.854111,
            -6.199836
          ],
          [
            106.854085,
            -6.199806
          ],
          [
            106.853879,
            -6.199617
          ],
          [
            106.853852,
            -6.19959
          ],
          [
            106.853751,
            -6.199499
          ],
          [
            106.853736,
            -6.199485
          ],
          [
            106.853711,
            -6.199462
          ],
          [
            106.853681,
            -6.199435
          ],
          [
            106.853648,
            -6.199406
          ],
          [
            106.853509,
            -6.199281
          ],
          [
            106.8532,
            -6.198996
          ],
          [
            106.853114,
            -6.19892
          ],
          [
            106.852851,
            -6.198687
          ],
          [
            106.85284,
            -6.198677
          ],
          [
            106.852507,
            -6.198365
          ],
          [
            106.852342,
            -6.19821
          ],
          [
            106.852071,
            -6.197971
          ],
          [
            106.851981,
            -6.197893
          ],
          [
            106.851904,
            -6.197814
          ],
          [
            106.851793,
            -6.197696
          ],
          [
            106.851522,
            -6.197438
          ],
          [
            106.851506,
            -6.197423
          ],
          [
            106.851419,
            -6.19734
          ],
          [
            106.851285,
            -6.197182
          ],
          [
            106.851242,
            -6.197117
          ],
          [
            106.851211,
            -6.197085
          ],
          [
            106.851134,
            -6.197012
          ],
          [
            106.851095,
            -6.196976
          ],
          [
            106.851038,
            -6.196919
          ],
          [
            106.850683,
            -6.196561
          ],
          [
            106.850499,
            -6.196362
          ],
          [
            106.850325,
            -6.19616
          ],
          [
            106.850145,
            -6.195916
          ],
          [
            106.84989,
            -6.195506
          ],
          [
            106.849849,
            -6.195433
          ],
          [
            106.849818,
            -6.195374
          ],
          [
            106.849626,
            -6.194991
          ],
          [
            106.849552,
            -6.194839
          ],
          [
            106.849237,
            -6.194209
          ],
          [
            106.849038,
            -6.193811
          ],
          [
            106.848909,
            -6.193556
          ],
          [
            106.848822,
            -6.193384
          ],
          [
            106.848676,
            -6.193104
          ],
          [
            106.848605,
            -6.192964
          ],
          [
            106.848568,
            -6.192891
          ],
          [
            106.848436,
            -6.192645
          ],
          [
            106.848416,
            -6.192609
          ],
          [
            106.848311,
            -6.19241
          ],
          [
            106.848225,
            -6.192248
          ],
          [
            106.847903,
            -6.191673
          ],
          [
            106.847763,
            -6.191439
          ],
          [
            106.84768,
            -6.191297
          ],
          [
            106.847581,
            -6.191101
          ],
          [
            106.847518,
            -6.190981
          ],
          [
            106.847499,
            -6.190944
          ],
          [
            106.847397,
            -6.190759
          ],
          [
            106.847336,
            -6.190651
          ],
          [
            106.847097,
            -6.190211
          ],
          [
            106.846959,
            -6.189935
          ],
          [
            106.846835,
            -6.189702
          ],
          [
            106.846667,
            -6.189404
          ],
          [
            106.846506,
            -6.189129
          ],
          [
            106.846471,
            -6.189069
          ],
          [
            106.846456,
            -6.189043
          ],
          [
            106.846227,
            -6.188648
          ],
          [
            106.846122,
            -6.188461
          ],
          [
            106.845977,
            -6.188211
          ],
          [
            106.84595,
            -6.188166
          ],
          [
            106.845905,
            -6.188087
          ],
          [
            106.845588,
            -6.187549
          ],
          [
            106.845383,
            -6.187203
          ],
          [
            106.845276,
            -6.187025
          ],
          [
            106.845099,
            -6.186734
          ],
          [
            106.845065,
            -6.186672
          ],
          [
            106.844833,
            -6.186237
          ],
          [
            106.844702,
            -6.186005
          ],
          [
            106.844621,
            -6.185852
          ],
          [
            106.844525,
            -6.185672
          ],
          [
            106.844515,
            -6.185653
          ],
          [
            106.844254,
            -6.185211
          ],
          [
            106.844184,
            -6.185089
          ],
          [
            106.844048,
            -6.184859
          ],
          [
            106.843932,
            -6.184676
          ],
          [
            106.843896,
            -6.184619
          ],
          [
            106.843839,
            -6.184524
          ],
          [
            106.84376,
            -6.184398
          ],
          [
            106.843608,
            -6.184157
          ],
          [
            106.843542,
            -6.184059
          ],
          [
            106.84337,
            -6.183784
          ],
          [
            106.843268,
            -6.183622
          ],
          [
            106.843201,
            -6.183513
          ],
          [
            106.843149,
            -6.183404
          ],
          [
            106.843054,
            -6.183201
          ],
          [
            106.843032,
            -6.183144
          ],
          [
            106.843005,
            -6.183076
          ],
          [
            106.842974,
            -6.182988
          ],
          [
            106.84296,
            -6.182948
          ],
          [
            106.842908,
            -6.182743
          ],
          [
            106.842893,
            -6.182685
          ],
          [
            106.842887,
            -6.182661
          ],
          [
            106.842832,
            -6.182392
          ],
          [
            106.842823,
            -6.182348
          ],
          [
            106.842801,
            -6.182235
          ],
          [
            106.842672,
            -6.181525
          ],
          [
            106.842664,
            -6.181454
          ],
          [
            106.842662,
            -6.181431
          ],
          [
            106.842613,
            -6.181182
          ],
          [
            106.842109,
            -6.178751
          ],
          [
            106.841501,
            -6.175749
          ],
          [
            106.841461,
            -6.175592
          ],
          [
            106.84145,
            -6.17555
          ],
          [
            106.84137,
            -6.175193
          ],
          [
            106.841293,
            -6.174885
          ],
          [
            106.841213,
            -6.174694
          ],
          [
            106.841164,
            -6.174576
          ],
          [
            106.841129,
            -6.174407
          ],
          [
            106.84109,
            -6.174253
          ],
          [
            106.841011,
            -6.173965
          ],
          [
            106.840984,
            -6.173858
          ],
          [
            106.840765,
            -6.17299
          ],
          [
            106.840751,
            -6.172935
          ],
          [
            106.840595,
            -6.172329
          ],
          [
            106.840504,
            -6.171982
          ],
          [
            106.840332,
            -6.1713
          ],
          [
            106.840275,
            -6.171079
          ],
          [
            106.840174,
            -6.170693
          ],
          [
            106.840123,
            -6.170497
          ],
          [
            106.840055,
            -6.170231
          ],
          [
            106.839981,
            -6.169939
          ],
          [
            106.839969,
            -6.169892
          ],
          [
            106.839923,
            -6.169705
          ],
          [
            106.839872,
            -6.169502
          ],
          [
            106.839786,
            -6.169159
          ],
          [
            106.839683,
            -6.168752
          ],
          [
            106.839521,
            -6.168115
          ],
          [
            106.839507,
            -6.168054
          ],
          [
            106.839485,
            -6.167977
          ],
          [
            106.839318,
            -6.167311
          ],
          [
            106.839189,
            -6.166796
          ],
          [
            106.839117,
            -6.166508
          ],
          [
            106.839094,
            -6.166429
          ],
          [
            106.838948,
            -6.165876
          ],
          [
            106.838929,
            -6.165803
          ],
          [
            106.838874,
            -6.16558
          ],
          [
            106.838827,
            -6.165404
          ],
          [
            106.838802,
            -6.165274
          ],
          [
            106.838752,
            -6.165033
          ],
          [
            106.838731,
            -6.164941
          ],
          [
            106.838721,
            -6.164896
          ],
          [
            106.838659,
            -6.164627
          ],
          [
            106.838502,
            -6.164006
          ],
          [
            106.838469,
            -6.163869
          ],
          [
            106.838435,
            -6.163761
          ],
          [
            106.838392,
            -6.163645
          ],
          [
            106.838338,
            -6.163466
          ],
          [
            106.838237,
            -6.163058
          ],
          [
            106.838138,
            -6.162641
          ],
          [
            106.838096,
            -6.16248
          ],
          [
            106.837994,
            -6.16207
          ],
          [
            106.837935,
            -6.161808
          ],
          [
            106.837896,
            -6.161631
          ],
          [
            106.837846,
            -6.161398
          ],
          [
            106.837578,
            -6.160339
          ],
          [
            106.83751,
            -6.160061
          ],
          [
            106.837369,
            -6.159478
          ],
          [
            106.837324,
            -6.159291
          ],
          [
            106.837313,
            -6.159239
          ],
          [
            106.837286,
            -6.159121
          ],
          [
            106.837273,
            -6.159066
          ],
          [
            106.837251,
            -6.158973
          ],
          [
            106.83716,
            -6.158617
          ],
          [
            106.836989,
            -6.157951
          ],
          [
            106.836955,
            -6.157814
          ],
          [
            106.836732,
            -6.156933
          ],
          [
            106.836712,
            -6.156854
          ],
          [
            106.836696,
            -6.156792
          ],
          [
            106.836672,
            -6.156696
          ],
          [
            106.836646,
            -6.156588
          ],
          [
            106.836595,
            -6.156388
          ],
          [
            106.836503,
            -6.156023
          ],
          [
            106.836324,
            -6.155307
          ],
          [
            106.836163,
            -6.154668
          ],
          [
            106.835974,
            -6.153915
          ],
          [
            106.835967,
            -6.153889
          ],
          [
            106.835684,
            -6.15277
          ],
          [
            106.835638,
            -6.152588
          ],
          [
            106.835451,
            -6.151848
          ],
          [
            106.835424,
            -6.151749
          ],
          [
            106.835258,
            -6.151099
          ],
          [
            106.835247,
            -6.151056
          ],
          [
            106.835116,
            -6.150527
          ],
          [
            106.835059,
            -6.150284
          ],
          [
            106.83501,
            -6.150122
          ],
          [
            106.834922,
            -6.149796
          ],
          [
            106.834776,
            -6.149256
          ],
          [
            106.834755,
            -6.149185
          ],
          [
            106.834691,
            -6.149187
          ],
          [
            106.834685,
            -6.149187
          ],
          [
            106.834632,
            -6.149185
          ],
          [
            106.834552,
            -6.149181
          ],
          [
            106.834438,
            -6.149175
          ],
          [
            106.834374,
            -6.149172
          ],
          [
            106.834257,
            -6.149163
          ],
          [
            106.834072,
            -6.149103
          ],
          [
            106.833809,
            -6.14903
          ],
          [
            106.83376,
            -6.149016
          ],
          [
            106.833608,
            -6.148971
          ],
          [
            106.833357,
            -6.148897
          ],
          [
            106.832992,
            -6.148788
          ],
          [
            106.832594,
            -6.148671
          ],
          [
            106.832048,
            -6.148512
          ],
          [
            106.832002,
            -6.148498
          ],
          [
            106.831978,
            -6.148491
          ],
          [
            106.831911,
            -6.148467
          ],
          [
            106.831719,
            -6.148388
          ],
          [
            106.831236,
            -6.148147
          ],
          [
            106.831109,
            -6.148081
          ],
          [
            106.830934,
            -6.147987
          ],
          [
            106.83086,
            -6.14795
          ],
          [
            106.830767,
            -6.147909
          ],
          [
            106.830631,
            -6.147879
          ],
          [
            106.830473,
            -6.147893
          ],
          [
            106.830122,
            -6.147951
          ],
          [
            106.830076,
            -6.147959
          ],
          [
            106.829914,
            -6.147988
          ],
          [
            106.829792,
            -6.14801
          ],
          [
            106.829631,
            -6.148038
          ],
          [
            106.829571,
            -6.148048
          ],
          [
            106.829491,
            -6.148062
          ],
          [
            106.82944,
            -6.148071
          ],
          [
            106.828948,
            -6.148158
          ],
          [
            106.828929,
            -6.148161
          ],
          [
            106.828903,
            -6.148166
          ],
          [
            106.828831,
            -6.148179
          ],
          [
            106.828319,
            -6.148269
          ],
          [
            106.828201,
            -6.14829
          ],
          [
            106.828138,
            -6.148301
          ],
          [
            106.827812,
            -6.148356
          ],
          [
            106.827725,
            -6.148377
          ],
          [
            106.827566,
            -6.148415
          ],
          [
            106.827384,
            -6.148457
          ],
          [
            106.827124,
            -6.148519
          ],
          [
            106.827043,
            -6.14853
          ],
          [
            106.826944,
            -6.148557
          ],
          [
            106.826595,
            -6.148593
          ],
          [
            106.826572,
            -6.148597
          ],
          [
            106.825883,
            -6.148688
          ],
          [
            106.825495,
            -6.148739
          ],
          [
            106.825152,
            -6.148794
          ],
          [
            106.824961,
            -6.148825
          ],
          [
            106.824757,
            -6.148853
          ],
          [
            106.824488,
            -6.14889
          ],
          [
            106.824412,
            -6.148902
          ],
          [
            106.823984,
            -6.148965
          ],
          [
            106.82381,
            -6.14899
          ],
          [
            106.823546,
            -6.149031
          ],
          [
            106.823469,
            -6.149042
          ],
          [
            106.822834,
            -6.149132
          ],
          [
            106.822448,
            -6.149184
          ],
          [
            106.82206,
            -6.149238
          ],
          [
            106.821933,
            -6.149256
          ],
          [
            106.821721,
            -6.149286
          ],
          [
            106.821462,
            -6.149323
          ],
          [
            106.821395,
            -6.149332
          ],
          [
            106.821148,
            -6.149367
          ],
          [
            106.820928,
            -6.149401
          ],
          [
            106.820777,
            -6.149423
          ],
          [
            106.82047,
            -6.149468
          ],
          [
            106.820464,
            -6.149469
          ],
          [
            106.820401,
            -6.149477
          ],
          [
            106.819816,
            -6.149551
          ],
          [
            106.819503,
            -6.149588
          ],
          [
            106.81886,
            -6.14968
          ],
          [
            106.818725,
            -6.149699
          ],
          [
            106.818489,
            -6.149737
          ],
          [
            106.818319,
            -6.149769
          ],
          [
            106.818094,
            -6.14981
          ],
          [
            106.8178,
            -6.149862
          ],
          [
            106.817265,
            -6.14995
          ],
          [
            106.81723,
            -6.149957
          ],
          [
            106.817199,
            -6.149962
          ],
          [
            106.817077,
            -6.149984
          ],
          [
            106.817041,
            -6.14999
          ],
          [
            106.816986,
            -6.15
          ],
          [
            106.816966,
            -6.150004
          ],
          [
            106.816934,
            -6.15001
          ],
          [
            106.816881,
            -6.150019
          ],
          [
            106.816811,
            -6.150036
          ],
          [
            106.816795,
            -6.150039
          ],
          [
            106.816781,
            -6.149995
          ],
          [
            106.816761,
            -6.149951
          ],
          [
            106.81673,
            -6.149898
          ],
          [
            106.816686,
            -6.149839
          ],
          [
            106.816511,
            -6.149107
          ],
          [
            106.816497,
            -6.14905
          ],
          [
            106.816474,
            -6.148963
          ],
          [
            106.816328,
            -6.148411
          ],
          [
            106.816278,
            -6.148222
          ],
          [
            106.816142,
            -6.147673
          ],
          [
            106.816079,
            -6.147454
          ],
          [
            106.815999,
            -6.14715
          ],
          [
            106.815942,
            -6.146927
          ],
          [
            106.815935,
            -6.146901
          ],
          [
            106.815856,
            -6.146593
          ],
          [
            106.815715,
            -6.146038
          ],
          [
            106.815652,
            -6.14577
          ],
          [
            106.815624,
            -6.145649
          ],
          [
            106.815612,
            -6.145596
          ],
          [
            106.815601,
            -6.145553
          ],
          [
            106.815524,
            -6.14522
          ],
          [
            106.815459,
            -6.144932
          ],
          [
            106.815451,
            -6.144899
          ],
          [
            106.815399,
            -6.144683
          ],
          [
            106.815263,
            -6.144204
          ],
          [
            106.815174,
            -6.143882
          ],
          [
            106.815165,
            -6.143851
          ],
          [
            106.815124,
            -6.143705
          ],
          [
            106.815066,
            -6.143435
          ],
          [
            106.815019,
            -6.143295
          ],
          [
            106.814879,
            -6.14284
          ],
          [
            106.814857,
            -6.142752
          ],
          [
            106.814839,
            -6.142697
          ],
          [
            106.814766,
            -6.142401
          ],
          [
            106.814721,
            -6.142228
          ],
          [
            106.814557,
            -6.141569
          ],
          [
            106.814475,
            -6.141237
          ],
          [
            106.814389,
            -6.140892
          ],
          [
            106.814334,
            -6.140678
          ],
          [
            106.813968,
            -6.139408
          ],
          [
            106.81395,
            -6.139349
          ],
          [
            106.813853,
            -6.139027
          ],
          [
            106.813759,
            -6.138717
          ],
          [
            106.813732,
            -6.13864
          ],
          [
            106.813768,
            -6.13851
          ],
          [
            106.813774,
            -6.138465
          ],
          [
            106.813777,
            -6.138401
          ],
          [
            106.813705,
            -6.138188
          ],
          [
            106.813688,
            -6.138133
          ],
          [
            106.813674,
            -6.138088
          ],
          [
            106.813506,
            -6.137538
          ],
          [
            106.813483,
            -6.137464
          ],
          [
            106.813421,
            -6.137259
          ],
          [
            106.813385,
            -6.137144
          ],
          [
            106.813221,
            -6.136606
          ],
          [
            106.813187,
            -6.136563
          ],
          [
            106.813138,
            -6.136543
          ],
          [
            106.813084,
            -6.136546
          ],
          [
            106.813029,
            -6.136558
          ],
          [
            106.812311,
            -6.136748
          ],
          [
            106.812248,
            -6.136764
          ],
          [
            106.812223,
            -6.136771
          ],
          [
            106.811957,
            -6.136842
          ],
          [
            106.811891,
            -6.136845
          ],
          [
            106.81184,
            -6.136835
          ],
          [
            106.811765,
            -6.136777
          ],
          [
            106.811722,
            -6.136726
          ],
          [
            106.81169,
            -6.136667
          ],
          [
            106.811668,
            -6.136586
          ],
          [
            106.811425,
            -6.13562
          ],
          [
            106.811297,
            -6.1351
          ],
          [
            106.811235,
            -6.134846
          ],
          [
            106.811136,
            -6.134497
          ],
          [
            106.811089,
            -6.134329
          ],
          [
            106.811118,
            -6.134277
          ],
          [
            106.811137,
            -6.134266
          ],
          [
            106.811208,
            -6.134247
          ],
          [
            106.811243,
            -6.134236
          ],
          [
            106.811523,
            -6.134158
          ],
          [
            106.811572,
            -6.134147
          ],
          [
            106.811628,
            -6.134132
          ],
          [
            106.81173,
            -6.134103
          ],
          [
            106.812463,
            -6.133888
          ],
          [
            106.81291,
            -6.133755
          ],
          [
            106.812936,
            -6.133747
          ],
          [
            106.813454,
            -6.133583
          ],
          [
            106.813496,
            -6.13357
          ],
          [
            106.814456,
            -6.133251
          ],
          [
            106.81452,
            -6.133241
          ],
          [
            106.814546,
            -6.133245
          ],
          [
            106.814558,
            -6.133271
          ],
          [
            106.814576,
            -6.13333
          ],
          [
            106.814667,
            -6.133637
          ],
          [
            106.814687,
            -6.133704
          ],
          [
            106.814782,
            -6.134022
          ],
          [
            106.814968,
            -6.134648
          ],
          [
            106.815028,
            -6.13485
          ],
          [
            106.815128,
            -6.135185
          ],
          [
            106.815207,
            -6.135452
          ],
          [
            106.815456,
            -6.136287
          ],
          [
            106.815491,
            -6.136414
          ],
          [
            106.815501,
            -6.136497
          ],
          [
            106.815489,
            -6.136581
          ],
          [
            106.815481,
            -6.136604
          ],
          [
            106.815379,
            -6.136711
          ],
          [
            106.815313,
            -6.136744
          ],
          [
            106.815057,
            -6.136821
          ],
          [
            106.814814,
            -6.13689
          ],
          [
            106.814636,
            -6.136943
          ],
          [
            106.814614,
            -6.136885
          ],
          [
            106.814577,
            -6.136789
          ],
          [
            106.814578,
            -6.136775
          ],
          [
            106.814578,
            -6.136775
          ]
        ]
      }
    },
    {
      "type": "Feature",
      "properties": {
        "route_id": "ID-10",
        "route_name": "TransJakarta Corridor 10",
        "route_type": "BUS",
        "route_ref": "K10",
        "origin_name": "Origin",
        "destination_name": "Destination",
        "region": "Other",
        "province": "Other"
      },
      "geometry": {
        "type": "LineString",
        "coordinates": [
          [
            106.879174,
            -6.109102
          ],
          [
            106.879167,
            -6.109312
          ],
          [
            106.879163,
            -6.109389
          ],
          [
            106.879136,
            -6.109798
          ],
          [
            106.879102,
            -6.109902
          ],
          [
            106.878831,
            -6.110597
          ],
          [
            106.878574,
            -6.11071
          ],
          [
            106.878376,
            -6.110796
          ],
          [
            106.877326,
            -6.111249
          ],
          [
            106.87694,
            -6.111399
          ],
          [
            106.876869,
            -6.111433
          ],
          [
            106.876349,
            -6.11165
          ],
          [
            106.876228,
            -6.11167
          ],
          [
            106.875932,
            -6.111626
          ],
          [
            106.875566,
            -6.111559
          ],
          [
            106.87516,
            -6.111484
          ],
          [
            106.874906,
            -6.111438
          ],
          [
            106.874779,
            -6.111436
          ],
          [
            106.874717,
            -6.111436
          ],
          [
            106.87467,
            -6.111451
          ],
          [
            106.874645,
            -6.111471
          ],
          [
            106.874625,
            -6.111491
          ],
          [
            106.874602,
            -6.111524
          ],
          [
            106.874579,
            -6.111579
          ],
          [
            106.874528,
            -6.111785
          ],
          [
            106.874505,
            -6.11193
          ],
          [
            106.874456,
            -6.112195
          ],
          [
            106.874359,
            -6.112501
          ],
          [
            106.874284,
            -6.112686
          ],
          [
            106.874234,
            -6.112806
          ],
          [
            106.874203,
            -6.112869
          ],
          [
            106.874261,
            -6.112965
          ],
          [
            106.874297,
            -6.113022
          ],
          [
            106.874334,
            -6.113059
          ],
          [
            106.874375,
            -6.113111
          ],
          [
            106.874461,
            -6.113191
          ],
          [
            106.874971,
            -6.112735
          ],
          [
            106.875542,
            -6.1123
          ],
          [
            106.876052,
            -6.111954
          ],
          [
            106.876539,
            -6.11171
          ],
          [
            106.876604,
            -6.111674
          ],
          [
            106.877778,
            -6.11118
          ],
          [
            106.87874,
            -6.110768
          ],
          [
            106.879111,
            -6.110601
          ],
          [
            106.879335,
            -6.110491
          ],
          [
            106.879472,
            -6.110414
          ],
          [
            106.880071,
            -6.109999
          ],
          [
            106.880545,
            -6.109599
          ],
          [
            106.880669,
            -6.109548
          ],
          [
            106.88074,
            -6.109496
          ],
          [
            106.880933,
            -6.109453
          ],
          [
            106.881075,
            -6.109439
          ],
          [
            106.881179,
            -6.109433
          ],
          [
            106.881414,
            -6.109438
          ],
          [
            106.881487,
            -6.109439
          ],
          [
            106.882673,
            -6.109485
          ],
          [
            106.88279,
            -6.109492
          ],
          [
            106.882942,
            -6.109513
          ],
          [
            106.883754,
            -6.109741
          ],
          [
            106.883965,
            -6.109806
          ],
          [
            106.884065,
            -6.109827
          ],
          [
            106.884174,
            -6.10984
          ],
          [
            106.884282,
            -6.109844
          ],
          [
            106.884626,
            -6.109855
          ],
          [
            106.887163,
            -6.109924
          ],
          [
            106.888491,
            -6.109966
          ],
          [
            106.889403,
            -6.109997
          ],
          [
            106.889765,
            -6.110004
          ],
          [
            106.889851,
            -6.110004
          ],
          [
            106.892466,
            -6.110064
          ],
          [
            106.892798,
            -6.110069
          ],
          [
            106.892825,
            -6.11007
          ],
          [
            106.892889,
            -6.110071
          ],
          [
            106.893052,
            -6.110075
          ],
          [
            106.893083,
            -6.110082
          ],
          [
            106.89311,
            -6.110098
          ],
          [
            106.893125,
            -6.110121
          ],
          [
            106.893133,
            -6.110172
          ],
          [
            106.893131,
            -6.110273
          ],
          [
            106.893124,
            -6.11051
          ],
          [
            106.893112,
            -6.111253
          ],
          [
            106.893107,
            -6.111661
          ],
          [
            106.893102,
            -6.111955
          ],
          [
            106.893104,
            -6.112287
          ],
          [
            106.893175,
            -6.112381
          ],
          [
            106.893208,
            -6.112449
          ],
          [
            106.893266,
            -6.112584
          ],
          [
            106.89326,
            -6.112763
          ],
          [
            106.893246,
            -6.113213
          ],
          [
            106.893236,
            -6.113574
          ],
          [
            106.893239,
            -6.113661
          ],
          [
            106.893238,
            -6.113686
          ],
          [
            106.893231,
            -6.11392
          ],
          [
            106.893231,
            -6.114025
          ],
          [
            106.893231,
            -6.11408
          ],
          [
            106.89323,
            -6.114227
          ],
          [
            106.893239,
            -6.114624
          ],
          [
            106.893243,
            -6.114771
          ],
          [
            106.893248,
            -6.114865
          ],
          [
            106.893248,
            -6.115156
          ],
          [
            106.893248,
            -6.115217
          ],
          [
            106.893249,
            -6.115221
          ],
          [
            106.893252,
            -6.115327
          ],
          [
            106.89328,
            -6.115729
          ],
          [
            106.893291,
            -6.115954
          ],
          [
            106.893312,
            -6.116311
          ],
          [
            106.893316,
            -6.116412
          ],
          [
            106.893331,
            -6.116661
          ],
          [
            106.893357,
            -6.117083
          ],
          [
            106.893361,
            -6.117136
          ],
          [
            106.893339,
            -6.117234
          ],
          [
            106.893333,
            -6.117307
          ],
          [
            106.893358,
            -6.117923
          ],
          [
            106.893385,
            -6.118634
          ],
          [
            106.893392,
            -6.11874
          ],
          [
            106.893396,
            -6.118865
          ],
          [
            106.893395,
            -6.119027
          ],
          [
            106.893388,
            -6.119086
          ],
          [
            106.893367,
            -6.119143
          ],
          [
            106.893381,
            -6.119516
          ],
          [
            106.893399,
            -6.119995
          ],
          [
            106.89341,
            -6.120261
          ],
          [
            106.893503,
            -6.122165
          ],
          [
            106.893644,
            -6.125127
          ],
          [
            106.893663,
            -6.125529
          ],
          [
            106.893672,
            -6.125697
          ],
          [
            106.893682,
            -6.126182
          ],
          [
            106.893687,
            -6.12633
          ],
          [
            106.893753,
            -6.128487
          ],
          [
            106.893757,
            -6.1286
          ],
          [
            106.893765,
            -6.128826
          ],
          [
            106.893768,
            -6.12895
          ],
          [
            106.893778,
            -6.12921
          ],
          [
            106.893775,
            -6.129535
          ],
          [
            106.893761,
            -6.129665
          ],
          [
            106.893731,
            -6.130009
          ],
          [
            106.893699,
            -6.130206
          ],
          [
            106.893645,
            -6.130422
          ],
          [
            106.8936,
            -6.130595
          ],
          [
            106.893541,
            -6.130787
          ],
          [
            106.893279,
            -6.131441
          ],
          [
            106.893144,
            -6.131782
          ],
          [
            106.892945,
            -6.132301
          ],
          [
            106.892775,
            -6.132713
          ],
          [
            106.892705,
            -6.132933
          ],
          [
            106.892689,
            -6.132998
          ],
          [
            106.892638,
            -6.133237
          ],
          [
            106.892576,
            -6.133492
          ],
          [
            106.892548,
            -6.133594
          ],
          [
            106.892528,
            -6.133679
          ],
          [
            106.892499,
            -6.133834
          ],
          [
            106.892475,
            -6.134002
          ],
          [
            106.892463,
            -6.134194
          ],
          [
            106.892464,
            -6.134211
          ],
          [
            106.892483,
            -6.134378
          ],
          [
            106.892526,
            -6.134602
          ],
          [
            106.892563,
            -6.134885
          ],
          [
            106.892558,
            -6.135178
          ],
          [
            106.892552,
            -6.135328
          ],
          [
            106.892504,
            -6.135552
          ],
          [
            106.892443,
            -6.135931
          ],
          [
            106.892418,
            -6.136085
          ],
          [
            106.892294,
            -6.136613
          ],
          [
            106.892132,
            -6.13726
          ],
          [
            106.891801,
            -6.138674
          ],
          [
            106.891488,
            -6.140012
          ],
          [
            106.890986,
            -6.142131
          ],
          [
            106.890808,
            -6.14284
          ],
          [
            106.890688,
            -6.143422
          ],
          [
            106.890615,
            -6.143859
          ],
          [
            106.890592,
            -6.143984
          ],
          [
            106.890577,
            -6.144124
          ],
          [
            106.890515,
            -6.144508
          ],
          [
            106.890355,
            -6.145294
          ],
          [
            106.889875,
            -6.147354
          ],
          [
            106.889638,
            -6.148175
          ],
          [
            106.889462,
            -6.148622
          ],
          [
            106.889348,
            -6.148925
          ],
          [
            106.889183,
            -6.149339
          ],
          [
            106.889032,
            -6.149692
          ],
          [
            106.888736,
            -6.150348
          ],
          [
            106.888729,
            -6.150365
          ],
          [
            106.888585,
            -6.150684
          ],
          [
            106.888051,
            -6.151668
          ],
          [
            106.887515,
            -6.152496
          ],
          [
            106.886588,
            -6.154015
          ],
          [
            106.886,
            -6.155007
          ],
          [
            106.885529,
            -6.155814
          ],
          [
            106.88518,
            -6.156393
          ],
          [
            106.884622,
            -6.157311
          ],
          [
            106.884295,
            -6.15783
          ],
          [
            106.88397,
            -6.158345
          ],
          [
            106.883375,
            -6.159386
          ],
          [
            106.88272,
            -6.160402
          ],
          [
            106.881864,
            -6.161831
          ],
          [
            106.881815,
            -6.16191
          ],
          [
            106.881493,
            -6.162417
          ],
          [
            106.88137,
            -6.162606
          ],
          [
            106.881085,
            -6.163036
          ],
          [
            106.880913,
            -6.163297
          ],
          [
            106.880367,
            -6.164127
          ],
          [
            106.879975,
            -6.164744
          ],
          [
            106.879421,
            -6.165568
          ],
          [
            106.879051,
            -6.166175
          ],
          [
            106.878482,
            -6.167325
          ],
          [
            106.878098,
            -6.168333
          ],
          [
            106.877712,
            -6.169647
          ],
          [
            106.876922,
            -6.172553
          ],
          [
            106.876563,
            -6.17394
          ],
          [
            106.876375,
            -6.174669
          ],
          [
            106.876374,
            -6.174671
          ],
          [
            106.876231,
            -6.175392
          ],
          [
            106.876196,
            -6.1757
          ],
          [
            106.876124,
            -6.176031
          ],
          [
            106.876075,
            -6.176384
          ],
          [
            106.875983,
            -6.17766
          ],
          [
            106.875939,
            -6.178322
          ],
          [
            106.875845,
            -6.179914
          ],
          [
            106.875801,
            -6.180539
          ],
          [
            106.875771,
            -6.181187
          ],
          [
            106.875826,
            -6.181446
          ],
          [
            106.875827,
            -6.181726
          ],
          [
            106.875839,
            -6.182028
          ],
          [
            106.875825,
            -6.182359
          ],
          [
            106.875789,
            -6.183018
          ],
          [
            106.875736,
            -6.1843
          ],
          [
            106.875727,
            -6.184441
          ],
          [
            106.875714,
            -6.18458
          ],
          [
            106.875692,
            -6.184648
          ],
          [
            106.875691,
            -6.184861
          ],
          [
            106.875687,
            -6.184954
          ],
          [
            106.875578,
            -6.187351
          ],
          [
            106.875571,
            -6.187508
          ],
          [
            106.875568,
            -6.187581
          ],
          [
            106.875567,
            -6.187597
          ],
          [
            106.875557,
            -6.187825
          ],
          [
            106.875556,
            -6.187844
          ],
          [
            106.87554,
            -6.188249
          ],
          [
            106.875538,
            -6.188475
          ],
          [
            106.875526,
            -6.188663
          ],
          [
            106.875522,
            -6.188841
          ],
          [
            106.875514,
            -6.189117
          ],
          [
            106.875496,
            -6.189398
          ],
          [
            106.875486,
            -6.189626
          ],
          [
            106.875476,
            -6.189823
          ],
          [
            106.875447,
            -6.190227
          ],
          [
            106.875439,
            -6.190316
          ],
          [
            106.875432,
            -6.190379
          ],
          [
            106.875422,
            -6.190447
          ],
          [
            106.875412,
            -6.190559
          ],
          [
            106.87538,
            -6.190938
          ],
          [
            106.875339,
            -6.191284
          ],
          [
            106.875268,
            -6.191731
          ],
          [
            106.875188,
            -6.192222
          ],
          [
            106.875175,
            -6.192301
          ],
          [
            106.875165,
            -6.192368
          ],
          [
            106.875149,
            -6.192448
          ],
          [
            106.875091,
            -6.192739
          ],
          [
            106.87502,
            -6.193105
          ],
          [
            106.874906,
            -6.193705
          ],
          [
            106.874552,
            -6.19573
          ],
          [
            106.87449,
            -6.196052
          ],
          [
            106.874429,
            -6.19634
          ],
          [
            106.874357,
            -6.196702
          ],
          [
            106.874349,
            -6.196745
          ],
          [
            106.874311,
            -6.196937
          ],
          [
            106.874295,
            -6.197012
          ],
          [
            106.874211,
            -6.197433
          ],
          [
            106.874181,
            -6.197572
          ],
          [
            106.874172,
            -6.197609
          ],
          [
            106.874015,
            -6.198296
          ],
          [
            106.873863,
            -6.19895
          ],
          [
            106.873651,
            -6.199804
          ],
          [
            106.873529,
            -6.20029
          ],
          [
            106.873504,
            -6.200409
          ],
          [
            106.873478,
            -6.200563
          ],
          [
            106.873445,
            -6.200757
          ],
          [
            106.873397,
            -6.201057
          ],
          [
            106.873366,
            -6.201506
          ],
          [
            106.873347,
            -6.202009
          ],
          [
            106.873337,
            -6.202262
          ],
          [
            106.87336,
            -6.20255
          ],
          [
            106.873388,
            -6.202879
          ],
          [
            106.873441,
            -6.20325
          ],
          [
            106.873509,
            -6.203653
          ],
          [
            106.873622,
            -6.204212
          ],
          [
            106.873737,
            -6.204767
          ],
          [
            106.873796,
            -6.204999
          ],
          [
            106.873836,
            -6.205191
          ],
          [
            106.873875,
            -6.205455
          ],
          [
            106.873915,
            -6.205842
          ],
          [
            106.873941,
            -6.20595
          ],
          [
            106.873958,
            -6.206521
          ],
          [
            106.87397,
            -6.207018
          ],
          [
            106.873979,
            -6.207393
          ],
          [
            106.873989,
            -6.20767
          ],
          [
            106.873991,
            -6.207715
          ],
          [
            106.874019,
            -6.208236
          ],
          [
            106.87403,
            -6.208441
          ],
          [
            106.874047,
            -6.20884
          ],
          [
            106.87407,
            -6.209467
          ],
          [
            106.874096,
            -6.209872
          ],
          [
            106.874123,
            -6.210318
          ],
          [
            106.874162,
            -6.21082
          ],
          [
            106.874202,
            -6.211324
          ],
          [
            106.874288,
            -6.212319
          ],
          [
            106.874329,
            -6.213311
          ],
          [
            106.874334,
            -6.213434
          ],
          [
            106.874403,
            -6.214622
          ],
          [
            106.874422,
            -6.215099
          ],
          [
            106.874425,
            -6.215162
          ],
          [
            106.874426,
            -6.21519
          ],
          [
            106.874434,
            -6.215466
          ],
          [
            106.874459,
            -6.215828
          ],
          [
            106.8745,
            -6.21675
          ],
          [
            106.874515,
            -6.21691
          ],
          [
            106.874529,
            -6.2173
          ],
          [
            106.874547,
            -6.218282
          ],
          [
            106.874507,
            -6.218651
          ],
          [
            106.874498,
            -6.218916
          ],
          [
            106.874512,
            -6.219446
          ],
          [
            106.874532,
            -6.219859
          ],
          [
            106.874566,
            -6.220545
          ],
          [
            106.874576,
            -6.220743
          ],
          [
            106.874587,
            -6.220925
          ],
          [
            106.874638,
            -6.221784
          ],
          [
            106.874728,
            -6.222907
          ],
          [
            106.874752,
            -6.223182
          ],
          [
            106.874782,
            -6.223445
          ],
          [
            106.874799,
            -6.223598
          ],
          [
            106.8748,
            -6.223616
          ],
          [
            106.874896,
            -6.224407
          ],
          [
            106.875021,
            -6.225314
          ],
          [
            106.875099,
            -6.225736
          ],
          [
            106.875198,
            -6.226183
          ],
          [
            106.875346,
            -6.226847
          ],
          [
            106.875395,
            -6.227067
          ],
          [
            106.875422,
            -6.227182
          ],
          [
            106.875554,
            -6.227733
          ],
          [
            106.875838,
            -6.228983
          ],
          [
            106.875989,
            -6.229549
          ],
          [
            106.876023,
            -6.229674
          ],
          [
            106.876082,
            -6.229921
          ],
          [
            106.876194,
            -6.230403
          ],
          [
            106.876367,
            -6.231053
          ],
          [
            106.876386,
            -6.231124
          ],
          [
            106.876451,
            -6.231362
          ],
          [
            106.876463,
            -6.231411
          ],
          [
            106.876473,
            -6.231453
          ],
          [
            106.876586,
            -6.23192
          ],
          [
            106.876596,
            -6.231958
          ],
          [
            106.876614,
            -6.23203
          ],
          [
            106.876608,
            -6.232084
          ],
          [
            106.876718,
            -6.23249
          ],
          [
            106.876846,
            -6.23297
          ],
          [
            106.876961,
            -6.233475
          ],
          [
            106.877022,
            -6.233701
          ],
          [
            106.877147,
            -6.234235
          ],
          [
            106.877227,
            -6.234599
          ],
          [
            106.87733,
            -6.235014
          ],
          [
            106.877375,
            -6.235233
          ],
          [
            106.877453,
            -6.23554
          ],
          [
            106.87751,
            -6.235743
          ],
          [
            106.877588,
            -6.236111
          ],
          [
            106.87762,
            -6.236269
          ],
          [
            106.877653,
            -6.23643
          ],
          [
            106.877711,
            -6.236556
          ],
          [
            106.877759,
            -6.236736
          ],
          [
            106.877853,
            -6.23707
          ],
          [
            106.87788,
            -6.237161
          ],
          [
            106.877929,
            -6.237396
          ],
          [
            106.87795,
            -6.23749
          ],
          [
            106.878103,
            -6.238185
          ],
          [
            106.878172,
            -6.238654
          ],
          [
            106.878197,
            -6.238951
          ],
          [
            106.878207,
            -6.23906
          ],
          [
            106.878209,
            -6.239083
          ],
          [
            106.87821,
            -6.239095
          ],
          [
            106.878218,
            -6.239193
          ],
          [
            106.878217,
            -6.239217
          ],
          [
            106.878217,
            -6.239221
          ],
          [
            106.878238,
            -6.239616
          ],
          [
            106.878207,
            -6.239853
          ],
          [
            106.878114,
            -6.240441
          ],
          [
            106.878109,
            -6.240515
          ],
          [
            106.878084,
            -6.240897
          ],
          [
            106.878063,
            -6.241147
          ],
          [
            106.878052,
            -6.241316
          ],
          [
            106.877989,
            -6.241646
          ],
          [
            106.877969,
            -6.241727
          ],
          [
            106.877923,
            -6.24184
          ],
          [
            106.877902,
            -6.241891
          ],
          [
            106.87788,
            -6.241944
          ],
          [
            106.877811,
            -6.24211
          ],
          [
            106.877744,
            -6.242236
          ],
          [
            106.877644,
            -6.242439
          ],
          [
            106.877524,
            -6.242649
          ],
          [
            106.877479,
            -6.242721
          ],
          [
            106.877446,
            -6.242768
          ],
          [
            106.876881,
            -6.243458
          ],
          [
            106.876595,
            -6.243771
          ],
          [
            106.876477,
            -6.243958
          ],
          [
            106.87639,
            -6.244095
          ],
          [
            106.876297,
            -6.244313
          ],
          [
            106.876187,
            -6.244573
          ],
          [
            106.876182,
            -6.244584
          ],
          [
            106.876098,
            -6.244768
          ],
          [
            106.876072,
            -6.244825
          ],
          [
            106.876066,
            -6.244837
          ],
          [
            106.875887,
            -6.245228
          ],
          [
            106.87583,
            -6.245365
          ],
          [
            106.875799,
            -6.245441
          ],
          [
            106.875773,
            -6.245509
          ],
          [
            106.875734,
            -6.245612
          ],
          [
            106.875495,
            -6.246234
          ],
          [
            106.875354,
            -6.246577
          ],
          [
            106.875235,
            -6.246856
          ],
          [
            106.875233,
            -6.246999
          ],
          [
            106.875239,
            -6.247052
          ],
          [
            106.875249,
            -6.247099
          ],
          [
            106.87526,
            -6.247136
          ],
          [
            106.875273,
            -6.24717
          ],
          [
            106.875285,
            -6.247191
          ],
          [
            106.8753,
            -6.24721
          ],
          [
            106.875318,
            -6.247227
          ],
          [
            106.875403,
            -6.247304
          ],
          [
            106.87551,
            -6.247394
          ],
          [
            106.875601,
            -6.247486
          ],
          [
            106.875685,
            -6.24758
          ],
          [
            106.875879,
            -6.2478
          ],
          [
            106.876003,
            -6.247942
          ],
          [
            106.87616,
            -6.248082
          ],
          [
            106.876277,
            -6.248187
          ],
          [
            106.876467,
            -6.248311
          ],
          [
            106.876577,
            -6.24838
          ],
          [
            106.876616,
            -6.2484
          ],
          [
            106.876909,
            -6.248511
          ],
          [
            106.877042,
            -6.248578
          ],
          [
            106.877098,
            -6.248595
          ],
          [
            106.877176,
            -6.248608
          ],
          [
            106.877377,
            -6.248653
          ],
          [
            106.877666,
            -6.248653
          ],
          [
            106.877673,
            -6.248653
          ],
          [
            106.878047,
            -6.248629
          ],
          [
            106.878437,
            -6.248571
          ],
          [
            106.878559,
            -6.248572
          ],
          [
            106.878931,
            -6.248601
          ],
          [
            106.879036,
            -6.248622
          ],
          [
            106.879287,
            -6.248697
          ],
          [
            106.879521,
            -6.24883
          ],
          [
            106.879658,
            -6.248945
          ],
          [
            106.879835,
            -6.249118
          ],
          [
            106.880012,
            -6.249405
          ],
          [
            106.880123,
            -6.249628
          ],
          [
            106.880207,
            -6.24997
          ],
          [
            106.880319,
            -6.250551
          ],
          [
            106.88034,
            -6.250658
          ],
          [
            106.88045,
            -6.251113
          ],
          [
            106.880488,
            -6.251224
          ],
          [
            106.880603,
            -6.251567
          ],
          [
            106.880632,
            -6.251652
          ],
          [
            106.880876,
            -6.252253
          ],
          [
            106.880932,
            -6.25239
          ],
          [
            106.881117,
            -6.252738
          ],
          [
            106.88101,
            -6.252797
          ],
          [
            106.880875,
            -6.25287
          ],
          [
            106.880497,
            -6.25317
          ],
          [
            106.88019,
            -6.253372
          ],
          [
            106.879882,
            -6.253574
          ],
          [
            106.879817,
            -6.253615
          ],
          [
            106.879802,
            -6.25364
          ],
          [
            106.879797,
            -6.253676
          ],
          [
            106.879801,
            -6.254228
          ],
          [
            106.87976,
            -6.254511
          ],
          [
            106.879765,
            -6.254718
          ],
          [
            106.879762,
            -6.254868
          ],
          [
            106.87976,
            -6.254889
          ],
          [
            106.879757,
            -6.254912
          ],
          [
            106.879748,
            -6.254936
          ],
          [
            106.879731,
            -6.254954
          ],
          [
            106.879708,
            -6.254972
          ],
          [
            106.879685,
            -6.254986
          ],
          [
            106.879556,
            -6.255012
          ],
          [
            106.879395,
            -6.255033
          ],
          [
            106.879091,
            -6.255044
          ],
          [
            106.879024,
            -6.255046
          ],
          [
            106.879039,
            -6.255409
          ],
          [
            106.879039,
            -6.255522
          ],
          [
            106.879031,
            -6.255612
          ],
          [
            106.878984,
            -6.255859
          ],
          [
            106.878968,
            -6.255938
          ],
          [
            106.878951,
            -6.256049
          ],
          [
            106.878937,
            -6.256186
          ],
          [
            106.878911,
            -6.256545
          ],
          [
            106.878867,
            -6.256851
          ],
          [
            106.878838,
            -6.257065
          ],
          [
            106.878801,
            -6.257356
          ],
          [
            106.87878,
            -6.257485
          ],
          [
            106.878737,
            -6.257983
          ],
          [
            106.878725,
            -6.258091
          ],
          [
            106.878722,
            -6.258108
          ],
          [
            106.87871,
            -6.258129
          ],
          [
            106.878666,
            -6.258178
          ],
          [
            106.878656,
            -6.258197
          ],
          [
            106.878632,
            -6.258388
          ],
          [
            106.878624,
            -6.258455
          ],
          [
            106.878611,
            -6.258716
          ],
          [
            106.87861,
            -6.258937
          ],
          [
            106.878593,
            -6.259281
          ],
          [
            106.878562,
            -6.259448
          ],
          [
            106.878526,
            -6.259592
          ],
          [
            106.878508,
            -6.259606
          ],
          [
            106.878441,
            -6.25962
          ],
          [
            106.878301,
            -6.259592
          ],
          [
            106.878255,
            -6.259608
          ],
          [
            106.878236,
            -6.259631
          ],
          [
            106.878211,
            -6.259723
          ],
          [
            106.87816,
            -6.259934
          ],
          [
            106.878147,
            -6.26
          ],
          [
            106.878102,
            -6.260238
          ],
          [
            106.877999,
            -6.260752
          ],
          [
            106.877984,
            -6.260793
          ],
          [
            106.877882,
            -6.261319
          ],
          [
            106.877851,
            -6.26146
          ],
          [
            106.877838,
            -6.261509
          ],
          [
            106.877811,
            -6.261579
          ],
          [
            106.87779,
            -6.261663
          ],
          [
            106.877771,
            -6.261755
          ],
          [
            106.877764,
            -6.262115
          ],
          [
            106.877767,
            -6.262252
          ],
          [
            106.877767,
            -6.262322
          ],
          [
            106.877763,
            -6.262368
          ],
          [
            106.877742,
            -6.262481
          ],
          [
            106.87771,
            -6.262572
          ],
          [
            106.877635,
            -6.26265
          ],
          [
            106.877621,
            -6.262661
          ],
          [
            106.877607,
            -6.262669
          ],
          [
            106.877588,
            -6.262676
          ],
          [
            106.877567,
            -6.262679
          ],
          [
            106.877538,
            -6.262681
          ],
          [
            106.877508,
            -6.262679
          ],
          [
            106.877464,
            -6.262671
          ],
          [
            106.877423,
            -6.26266
          ],
          [
            106.877349,
            -6.262637
          ],
          [
            106.877304,
            -6.262628
          ],
          [
            106.87726,
            -6.262624
          ],
          [
            106.877215,
            -6.262622
          ],
          [
            106.877173,
            -6.262625
          ],
          [
            106.877072,
            -6.262641
          ],
          [
            106.876973,
            -6.262653
          ],
          [
            106.87695,
            -6.262656
          ],
          [
            106.876932,
            -6.262669
          ],
          [
            106.876835,
            -6.262638
          ],
          [
            106.876569,
            -6.262556
          ],
          [
            106.876418,
            -6.262522
          ],
          [
            106.876292,
            -6.262494
          ],
          [
            106.876167,
            -6.262471
          ],
          [
            106.875944,
            -6.262429
          ],
          [
            106.875706,
            -6.262409
          ],
          [
            106.875625,
            -6.262392
          ],
          [
            106.87561,
            -6.262281
          ],
          [
            106.875614,
            -6.262176
          ],
          [
            106.875635,
            -6.262094
          ],
          [
            106.87563,
            -6.262027
          ],
          [
            106.87566,
            -6.261951
          ],
          [
            106.875689,
            -6.261879
          ],
          [
            106.875719,
            -6.261824
          ],
          [
            106.876139,
            -6.261907
          ]
        ]
      }
    }
  ]
}