{
  "type": "FeatureCollection",
  "features": [
    {
      "type": "Feature",
      "properties": {
        "route_id": "TH-01",
        "route_name": "BTS Sukhumvit Line",
        "route_type": "TRAIN",
        "route_ref": "BTS-SUK",
        "origin_name": "Start Station",
        "destination_name": "End Station",
        "region": "Bangkok",
        "province": "Bangkok"
      },
      "geometry": {
        "type": "LineString",
        "coordinates": [
          [
            100.553221,
            13.802035
          ],
          [
            100.5533,
            13.802174
          ],
          [
            100.553406,
            13.802366
          ],
          [
            100.553966,
            13.803319
          ],
          [
            100.554206,
            13.803727
          ],
          [
            100.554275,
            13.803844
          ],
          [
            100.554381,
            13.804024
          ],
          [
            100.554996,
            13.805069
          ],
          [
            100.555026,
            13.805119
          ],
          [
            100.55678,
            13.808004
          ],
          [
            100.557412,
            13.809065
          ],
          [
            100.557449,
            13.809126
          ],
          [
            100.55793,
            13.809934
          ],
          [
            100.558148,
            13.810317
          ],
          [
            100.558438,
            13.810836
          ],
          [
            100.558675,
            13.811248
          ],
          [
            100.5588,
            13.811353
          ],
          [
            100.559013,
            13.811631
          ],
          [
            100.55905,
            13.811679
          ],
          [
            100.559315,
            13.812025
          ],
          [
            100.559447,
            13.812233
          ],
          [
            100.559519,
            13.812311
          ],
          [
            100.559561,
            13.81236
          ],
          [
            100.559604,
            13.812392
          ],
          [
            100.559646,
            13.812405
          ],
          [
            100.559691,
            13.812406
          ],
          [
            100.559754,
            13.812387
          ],
          [
            100.559792,
            13.812358
          ],
          [
            100.559817,
            13.812325
          ],
          [
            100.559837,
            13.812272
          ],
          [
            100.559843,
            13.81221
          ],
          [
            100.559923,
            13.811424
          ],
          [
            100.559925,
            13.811316
          ],
          [
            100.559935,
            13.811061
          ],
          [
            100.559927,
            13.810739
          ],
          [
            100.559919,
            13.810453
          ],
          [
            100.55992,
            13.810277
          ],
          [
            100.559918,
            13.81018
          ],
          [
            100.559918,
            13.810077
          ],
          [
            100.55991,
            13.809993
          ],
          [
            100.559885,
            13.809919
          ],
          [
            100.559977,
            13.808996
          ],
          [
            100.56,
            13.808759
          ],
          [
            100.560089,
            13.80791
          ],
          [
            100.560167,
            13.806728
          ],
          [
            100.5602,
            13.806349
          ],
          [
            100.560237,
            13.805804
          ],
          [
            100.560256,
            13.805544
          ],
          [
            100.56039,
            13.804433
          ],
          [
            100.56041,
            13.804324
          ],
          [
            100.560424,
            13.804188
          ],
          [
            100.560501,
            13.803791
          ],
          [
            100.560544,
            13.803461
          ],
          [
            100.56056,
            13.803343
          ],
          [
            100.560599,
            13.803014
          ],
          [
            100.560612,
            13.8029
          ],
          [
            100.560668,
            13.80232
          ],
          [
            100.560742,
            13.80148
          ],
          [
            100.560885,
            13.79987
          ],
          [
            100.560916,
            13.799499
          ],
          [
            100.560941,
            13.799162
          ],
          [
            100.560974,
            13.798811
          ],
          [
            100.561019,
            13.798373
          ],
          [
            100.560993,
            13.79787
          ],
          [
            100.561156,
            13.796112
          ],
          [
            100.561252,
            13.795056
          ],
          [
            100.561262,
            13.79498
          ],
          [
            100.561275,
            13.794871
          ],
          [
            100.561299,
            13.794626
          ],
          [
            100.56149,
            13.792741
          ],
          [
            100.561532,
            13.791959
          ],
          [
            100.561577,
            13.791445
          ],
          [
            100.561625,
            13.790657
          ],
          [
            100.561588,
            13.789855
          ],
          [
            100.561496,
            13.789098
          ],
          [
            100.561375,
            13.788556
          ],
          [
            100.56122,
            13.788031
          ],
          [
            100.561103,
            13.78755
          ],
          [
            100.560816,
            13.786864
          ],
          [
            100.560709,
            13.786616
          ],
          [
            100.560191,
            13.785691
          ],
          [
            100.559993,
            13.785255
          ],
          [
            100.55921,
            13.783866
          ],
          [
            100.559044,
            13.783549
          ],
          [
            100.558957,
            13.783383
          ],
          [
            100.558533,
            13.782603
          ],
          [
            100.557904,
            13.781466
          ],
          [
            100.557327,
            13.780437
          ],
          [
            100.556788,
            13.77942
          ],
          [
            100.556211,
            13.778395
          ],
          [
            100.554797,
            13.775838
          ],
          [
            100.554285,
            13.775121
          ],
          [
            100.554058,
            13.774739
          ],
          [
            100.553654,
            13.774028
          ],
          [
            100.55285,
            13.772627
          ],
          [
            100.552557,
            13.772064
          ],
          [
            100.552489,
            13.771951
          ],
          [
            100.55235,
            13.771837
          ],
          [
            100.552006,
            13.771175
          ],
          [
            100.551556,
            13.770355
          ],
          [
            100.550771,
            13.768869
          ],
          [
            100.550352,
            13.768221
          ],
          [
            100.550201,
            13.767929
          ],
          [
            100.549795,
            13.767145
          ],
          [
            100.549758,
            13.767078
          ],
          [
            100.549739,
            13.767041
          ],
          [
            100.549538,
            13.766668
          ],
          [
            100.54921,
            13.766071
          ],
          [
            100.548769,
            13.765233
          ],
          [
            100.548517,
            13.764699
          ],
          [
            100.547988,
            13.76342
          ],
          [
            100.547701,
            13.762879
          ],
          [
            100.547424,
            13.762362
          ],
          [
            100.546901,
            13.76152
          ],
          [
            100.545901,
            13.760442
          ],
          [
            100.545641,
            13.760178
          ],
          [
            100.545437,
            13.759935
          ],
          [
            100.545381,
            13.759865
          ],
          [
            100.545179,
            13.759607
          ],
          [
            100.545081,
            13.759471
          ],
          [
            100.544999,
            13.759324
          ],
          [
            100.544848,
            13.75894
          ],
          [
            100.544737,
            13.758627
          ],
          [
            100.544716,
            13.758529
          ],
          [
            100.544698,
            13.758379
          ],
          [
            100.54469,
            13.758171
          ],
          [
            100.544706,
            13.757866
          ],
          [
            100.544725,
            13.757737
          ],
          [
            100.544754,
            13.757582
          ],
          [
            100.544849,
            13.757218
          ],
          [
            100.5449,
            13.757064
          ],
          [
            100.544947,
            13.756941
          ],
          [
            100.545042,
            13.75671
          ],
          [
            100.545199,
            13.75633
          ],
          [
            100.545415,
            13.755826
          ],
          [
            100.545558,
            13.755472
          ],
          [
            100.545657,
            13.755278
          ],
          [
            100.545757,
            13.755115
          ],
          [
            100.545892,
            13.754844
          ],
          [
            100.546038,
            13.754574
          ],
          [
            100.54612,
            13.754444
          ],
          [
            100.546238,
            13.754274
          ],
          [
            100.546469,
            13.754007
          ],
          [
            100.54662,
            13.753863
          ],
          [
            100.546878,
            13.753643
          ],
          [
            100.547035,
            13.753506
          ],
          [
            100.547422,
            13.753209
          ],
          [
            100.547803,
            13.752955
          ],
          [
            100.548185,
            13.752686
          ],
          [
            100.548374,
            13.752512
          ],
          [
            100.548548,
            13.75234
          ],
          [
            100.548818,
            13.752027
          ],
          [
            100.549045,
            13.751726
          ],
          [
            100.549226,
            13.751443
          ],
          [
            100.549347,
            13.751176
          ],
          [
            100.549547,
            13.750633
          ],
          [
            100.5496,
            13.750319
          ],
          [
            100.549692,
            13.749698
          ],
          [
            100.549679,
            13.749483
          ],
          [
            100.549715,
            13.749221
          ],
          [
            100.549915,
            13.747827
          ],
          [
            100.55006,
            13.746573
          ],
          [
            100.550104,
            13.746126
          ],
          [
            100.550226,
            13.744652
          ],
          [
            100.550406,
            13.743253
          ],
          [
            100.550491,
            13.742599
          ],
          [
            100.550598,
            13.741926
          ],
          [
            100.550674,
            13.741478
          ],
          [
            100.55078,
            13.740919
          ],
          [
            100.550825,
            13.740541
          ],
          [
            100.551217,
            13.737159
          ],
          [
            100.551434,
            13.735195
          ],
          [
            100.551691,
            13.732857
          ],
          [
            100.552245,
            13.727778
          ],
          [
            100.552309,
            13.727122
          ],
          [
            100.552365,
            13.726552
          ],
          [
            100.552432,
            13.725629
          ],
          [
            100.552482,
            13.724933
          ],
          [
            100.552593,
            13.723766
          ],
          [
            100.552644,
            13.723279
          ],
          [
            100.552682,
            13.722928
          ],
          [
            100.55277,
            13.722069
          ],
          [
            100.553069,
            13.719633
          ],
          [
            100.553111,
            13.719428
          ],
          [
            100.553153,
            13.71926
          ],
          [
            100.553227,
            13.71907
          ],
          [
            100.553334,
            13.718861
          ],
          [
            100.553421,
            13.718699
          ],
          [
            100.553538,
            13.718523
          ],
          [
            100.553684,
            13.718354
          ],
          [
            100.553871,
            13.718165
          ],
          [
            100.554023,
            13.718033
          ],
          [
            100.554713,
            13.717526
          ],
          [
            100.555179,
            13.717168
          ],
          [
            100.555676,
            13.716883
          ],
          [
            100.555893,
            13.716757
          ],
          [
            100.556296,
            13.716549
          ],
          [
            100.556651,
            13.716364
          ],
          [
            100.556899,
            13.716234
          ],
          [
            100.557083,
            13.716125
          ],
          [
            100.557247,
            13.716023
          ],
          [
            100.557515,
            13.715843
          ],
          [
            100.558269,
            13.71527
          ],
          [
            100.559365,
            13.714426
          ],
          [
            100.560902,
            13.71324
          ],
          [
            100.561184,
            13.713022
          ],
          [
            100.561529,
            13.712755
          ],
          [
            100.562654,
            13.71193
          ],
          [
            100.562961,
            13.711754
          ],
          [
            100.563306,
            13.711605
          ],
          [
            100.563548,
            13.71152
          ],
          [
            100.563784,
            13.711457
          ],
          [
            100.564006,
            13.71142
          ],
          [
            100.564255,
            13.71139
          ],
          [
            100.564518,
            13.711391
          ],
          [
            100.564743,
            13.711411
          ],
          [
            100.564975,
            13.711437
          ],
          [
            100.565257,
            13.711493
          ],
          [
            100.56909,
            13.712344
          ],
          [
            100.570665,
            13.712754
          ],
          [
            100.57228,
            13.713106
          ],
          [
            100.57307,
            13.71327
          ],
          [
            100.573299,
            13.713305
          ],
          [
            100.573542,
            13.713334
          ],
          [
            100.573861,
            13.71335
          ],
          [
            100.57404,
            13.713342
          ],
          [
            100.574268,
            13.713323
          ],
          [
            100.57446,
            13.713289
          ],
          [
            100.574698,
            13.713244
          ],
          [
            100.57478,
            13.71322
          ],
          [
            100.575143,
            13.713115
          ],
          [
            100.57554,
            13.712969
          ],
          [
            100.581731,
            13.710335
          ],
          [
            100.582333,
            13.71005
          ],
          [
            100.583056,
            13.709662
          ],
          [
            100.583492,
            13.70941
          ],
          [
            100.583735,
            13.709269
          ],
          [
            100.586807,
            13.707494
          ],
          [
            100.58709,
            13.707304
          ],
          [
            100.587334,
            13.707128
          ],
          [
            100.587596,
            13.70691
          ],
          [
            100.587835,
            13.706687
          ],
          [
            100.588084,
            13.706418
          ],
          [
            100.588307,
            13.706149
          ],
          [
            100.588509,
            13.705882
          ],
          [
            100.588697,
            13.705614
          ],
          [
            100.588893,
            13.705314
          ],
          [
            100.589079,
            13.705016
          ],
          [
            100.58914,
            13.70491
          ],
          [
            100.589252,
            13.704717
          ],
          [
            100.589416,
            13.7044
          ],
          [
            100.590033,
            13.702945
          ],
          [
            100.590494,
            13.701857
          ],
          [
            100.591185,
            13.700117
          ],
          [
            100.59147,
            13.699634
          ],
          [
            100.591744,
            13.699168
          ],
          [
            100.591996,
            13.698729
          ],
          [
            100.59225,
            13.698372
          ],
          [
            100.592473,
            13.698098
          ],
          [
            100.592752,
            13.697798
          ],
          [
            100.593093,
            13.69746
          ],
          [
            100.593391,
            13.697205
          ],
          [
            100.59372,
            13.696932
          ],
          [
            100.594046,
            13.696687
          ],
          [
            100.594443,
            13.696401
          ],
          [
            100.595805,
            13.695504
          ],
          [
            100.596483,
            13.695059
          ],
          [
            100.597123,
            13.694619
          ],
          [
            100.597569,
            13.694313
          ],
          [
            100.598763,
            13.693459
          ],
          [
            100.599947,
            13.692637
          ],
          [
            100.600307,
            13.692354
          ],
          [
            100.60085,
            13.691753
          ],
          [
            100.601066,
            13.691445
          ],
          [
            100.601452,
            13.690776
          ],
          [
            100.601712,
            13.690208
          ],
          [
            100.601861,
            13.689719
          ],
          [
            100.60192,
            13.689428
          ],
          [
            100.602036,
            13.688855
          ],
          [
            100.602432,
            13.68665
          ],
          [
            100.602457,
            13.686512
          ],
          [
            100.602502,
            13.686257
          ],
          [
            100.602672,
            13.685307
          ],
          [
            100.602834,
            13.684362
          ],
          [
            100.603126,
            13.682807
          ],
          [
            100.603302,
            13.68186
          ],
          [
            100.603419,
            13.681267
          ],
          [
            100.60366,
            13.679976
          ],
          [
            100.603779,
            13.679294
          ],
          [
            100.603845,
            13.678917
          ],
          [
            100.604008,
            13.677977
          ],
          [
            100.604034,
            13.677829
          ],
          [
            100.604122,
            13.677364
          ],
          [
            100.60429,
            13.676906
          ],
          [
            100.604523,
            13.676211
          ],
          [
            100.604563,
            13.676117
          ],
          [
            100.604726,
            13.675717
          ],
          [
            100.604821,
            13.675442
          ],
          [
            100.604898,
            13.67515
          ],
          [
            100.604984,
            13.674766
          ],
          [
            100.605095,
            13.674491
          ],
          [
            100.605216,
            13.674299
          ],
          [
            100.605404,
            13.674107
          ],
          [
            100.605653,
            13.673924
          ],
          [
            100.606082,
            13.67364
          ],
          [
            100.606455,
            13.673361
          ],
          [
            100.606569,
            13.673254
          ],
          [
            100.606718,
            13.673006
          ],
          [
            100.606769,
            13.67284
          ],
          [
            100.606743,
            13.672573
          ],
          [
            100.606666,
            13.672339
          ],
          [
            100.606294,
            13.671621
          ],
          [
            100.606126,
            13.671278
          ],
          [
            100.605977,
            13.671021
          ],
          [
            100.60579,
            13.670567
          ],
          [
            100.605813,
            13.670553
          ],
          [
            100.605828,
            13.670539
          ],
          [
            100.605832,
            13.670532
          ],
          [
            100.605834,
            13.670519
          ],
          [
            100.605831,
            13.67051
          ],
          [
            100.605562,
            13.669726
          ],
          [
            100.60556,
            13.669679
          ],
          [
            100.605569,
            13.669647
          ],
          [
            100.605592,
            13.669608
          ],
          [
            100.605643,
            13.669564
          ],
          [
            100.605688,
            13.669534
          ],
          [
            100.605849,
            13.669459
          ],
          [
            100.60606,
            13.66939
          ],
          [
            100.611067,
            13.668431
          ],
          [
            100.611723,
            13.668261
          ],
          [
            100.611758,
            13.668587
          ],
          [
            100.611754,
            13.668611
          ],
          [
            100.611736,
            13.668626
          ],
          [
            100.611597,
            13.668666
          ],
          [
            100.61159,
            13.668682
          ],
          [
            100.611602,
            13.668755
          ],
          [
            100.611682,
            13.669175
          ]
        ]
      }
    },
    {
      "type": "Feature",
      "properties": {
        "route_id": "TH-02",
        "route_name": "BTS Silom Line",
        "route_type": "TRAIN",
        "route_ref": "BTS-SIL",
        "origin_name": "Start Station",
        "destination_name": "End Station",
        "region": "Bangkok",
        "province": "Bangkok"
      },
      "geometry": {
        "type": "LineString",
        "coordinates": [
          [
            100.528034,
            13.72808
          ],
          [
            100.528077,
            13.72795
          ],
          [
            100.52809,
            13.727914
          ],
          [
            100.527747,
            13.727756
          ],
          [
            100.527632,
            13.727702
          ],
          [
            100.527604,
            13.727689
          ],
          [
            100.527534,
            13.727657
          ],
          [
            100.528126,
            13.726476
          ],
          [
            100.528165,
            13.726402
          ],
          [
            100.528215,
            13.726301
          ],
          [
            100.528241,
            13.726252
          ],
          [
            100.528722,
            13.725346
          ],
          [
            100.528912,
            13.724988
          ],
          [
            100.528989,
            13.724842
          ],
          [
            100.528993,
            13.724836
          ],
          [
            100.529052,
            13.724703
          ],
          [
            100.529153,
            13.724506
          ],
          [
            100.529256,
            13.724306
          ],
          [
            100.529401,
            13.724025
          ],
          [
            100.529479,
            13.723873
          ],
          [
            100.529542,
            13.72375
          ],
          [
            100.529705,
            13.723428
          ],
          [
            100.529724,
            13.723387
          ],
          [
            100.529868,
            13.723096
          ],
          [
            100.530247,
            13.722326
          ],
          [
            100.530396,
            13.722026
          ],
          [
            100.530487,
            13.721833
          ],
          [
            100.530129,
            13.721719
          ],
          [
            100.529635,
            13.721577
          ],
          [
            100.52958,
            13.721561
          ],
          [
            100.52916,
            13.721428
          ],
          [
            100.528295,
            13.721188
          ],
          [
            100.528035,
            13.721109
          ],
          [
            100.527918,
            13.721072
          ],
          [
            100.52786,
            13.721053
          ],
          [
            100.527772,
            13.721024
          ],
          [
            100.527484,
            13.720931
          ],
          [
            100.526764,
            13.720706
          ],
          [
            100.526203,
            13.72054
          ],
          [
            100.526115,
            13.720514
          ],
          [
            100.525558,
            13.720352
          ],
          [
            100.525232,
            13.720257
          ],
          [
            100.524567,
            13.720062
          ],
          [
            100.524418,
            13.720019
          ],
          [
            100.523661,
            13.719795
          ],
          [
            100.523528,
            13.719758
          ],
          [
            100.522974,
            13.719604
          ],
          [
            100.522685,
            13.71952
          ],
          [
            100.522585,
            13.719492
          ],
          [
            100.521847,
            13.719276
          ],
          [
            100.521836,
            13.719273
          ],
          [
            100.521505,
            13.719175
          ],
          [
            100.521249,
            13.719102
          ],
          [
            100.520729,
            13.718954
          ],
          [
            100.520458,
            13.718873
          ],
          [
            100.519911,
            13.718706
          ],
          [
            100.519837,
            13.718687
          ],
          [
            100.519755,
            13.718666
          ],
          [
            100.519158,
            13.718491
          ],
          [
            100.518801,
            13.718386
          ],
          [
            100.517703,
            13.718092
          ],
          [
            100.517312,
            13.718006
          ],
          [
            100.517082,
            13.717988
          ],
          [
            100.51696,
            13.717988
          ],
          [
            100.51687,
            13.717995
          ],
          [
            100.516779,
            13.718012
          ],
          [
            100.513327,
            13.718908
          ],
          [
            100.512979,
            13.71899
          ],
          [
            100.508177,
            13.720157
          ],
          [
            100.507971,
            13.720204
          ],
          [
            100.507254,
            13.720374
          ],
          [
            100.506849,
            13.720463
          ],
          [
            100.506424,
            13.72055
          ],
          [
            100.505942,
            13.720625
          ],
          [
            100.505558,
            13.720674
          ],
          [
            100.50514,
            13.720709
          ],
          [
            100.504738,
            13.720733
          ],
          [
            100.504322,
            13.720747
          ],
          [
            100.503356,
            13.720763
          ],
          [
            100.50299,
            13.720774
          ],
          [
            100.50215,
            13.720641
          ],
          [
            100.501097,
            13.720663
          ],
          [
            100.500841,
            13.720669
          ],
          [
            100.500403,
            13.720678
          ],
          [
            100.49939,
            13.720715
          ],
          [
            100.49871,
            13.72074
          ],
          [
            100.498108,
            13.720761
          ],
          [
            100.497757,
            13.720773
          ],
          [
            100.497386,
            13.72078
          ],
          [
            100.49728,
            13.720782
          ],
          [
            100.496973,
            13.720788
          ],
          [
            100.49671,
            13.720793
          ],
          [
            100.496176,
            13.720804
          ],
          [
            100.495707,
            13.720813
          ],
          [
            100.495449,
            13.720818
          ],
          [
            100.494987,
            13.720822
          ],
          [
            100.494783,
            13.720827
          ],
          [
            100.494563,
            13.720832
          ],
          [
            100.494229,
            13.720816
          ],
          [
            100.493973,
            13.720804
          ],
          [
            100.493786,
            13.720797
          ],
          [
            100.493665,
            13.720793
          ],
          [
            100.493341,
            13.720773
          ],
          [
            100.493051,
            13.720756
          ],
          [
            100.492823,
            13.720739
          ],
          [
            100.492596,
            13.720757
          ],
          [
            100.492501,
            13.720768
          ],
          [
            100.492426,
            13.720782
          ],
          [
            100.492376,
            13.720798
          ],
          [
            100.49234,
            13.720821
          ],
          [
            100.492315,
            13.720849
          ],
          [
            100.492295,
            13.720887
          ],
          [
            100.49228,
            13.72094
          ],
          [
            100.492275,
            13.720969
          ],
          [
            100.492274,
            13.72101
          ],
          [
            100.492299,
            13.721072
          ],
          [
            100.492358,
            13.721125
          ],
          [
            100.492426,
            13.721162
          ],
          [
            100.49264,
            13.721234
          ],
          [
            100.492826,
            13.721251
          ],
          [
            100.493193,
            13.721278
          ],
          [
            100.493231,
            13.721281
          ],
          [
            100.494093,
            13.721325
          ],
          [
            100.494188,
            13.721326
          ],
          [
            100.494453,
            13.721332
          ],
          [
            100.494702,
            13.721333
          ],
          [
            100.494874,
            13.721334
          ],
          [
            100.495477,
            13.721344
          ],
          [
            100.495481,
            13.721446
          ],
          [
            100.495495,
            13.721786
          ],
          [
            100.494923,
            13.721777
          ],
          [
            100.494917,
            13.722097
          ]
        ]
      }
    },
    {
      "type": "Feature",
      "properties": {
        "route_id": "TH-03",
        "route_name": "MRT Blue Line",
        "route_type": "TRAIN",
        "route_ref": "MRT-BLU",
        "origin_name": "Start Station",
        "destination_name": "End Station",
        "region": "Bangkok",
        "province": "Bangkok"
      },
      "geometry": {
        "type": "LineString",
        "coordinates": [
          [
            100.535778,
            13.80482
          ],
          [
            100.535778,
            13.80482
          ],
          [
            100.535834,
            13.804747
          ],
          [
            100.535866,
            13.804647
          ],
          [
            100.535881,
            13.804552
          ],
          [
            100.535872,
            13.804463
          ],
          [
            100.53585,
            13.804347
          ],
          [
            100.535812,
            13.804231
          ],
          [
            100.535649,
            13.803939
          ],
          [
            100.535379,
            13.803468
          ],
          [
            100.535114,
            13.802991
          ],
          [
            100.534941,
            13.802673
          ],
          [
            100.534871,
            13.802535
          ],
          [
            100.534652,
            13.802129
          ],
          [
            100.53464,
            13.802108
          ],
          [
            100.534445,
            13.801754
          ],
          [
            100.534435,
            13.801737
          ],
          [
            100.534413,
            13.801692
          ],
          [
            100.534241,
            13.801371
          ],
          [
            100.534232,
            13.801354
          ],
          [
            100.534195,
            13.801283
          ],
          [
            100.534002,
            13.80093
          ],
          [
            100.533904,
            13.800752
          ],
          [
            100.533892,
            13.800731
          ],
          [
            100.533869,
            13.800692
          ],
          [
            100.533729,
            13.800427
          ],
          [
            100.533414,
            13.799852
          ],
          [
            100.533391,
            13.79981
          ],
          [
            100.533215,
            13.799486
          ],
          [
            100.533175,
            13.799418
          ],
          [
            100.534096,
            13.798962
          ],
          [
            100.53467,
            13.798672
          ],
          [
            100.535597,
            13.798216
          ],
          [
            100.535747,
            13.798147
          ],
          [
            100.536731,
            13.797724
          ],
          [
            100.537059,
            13.797567
          ],
          [
            100.537549,
            13.797365
          ],
          [
            100.537798,
            13.797241
          ],
          [
            100.537892,
            13.797191
          ],
          [
            100.538014,
            13.797124
          ],
          [
            100.538261,
            13.797092
          ],
          [
            100.538275,
            13.797096
          ],
          [
            100.538366,
            13.797128
          ],
          [
            100.538471,
            13.797192
          ],
          [
            100.538513,
            13.797206
          ],
          [
            100.538819,
            13.797531
          ],
          [
            100.5389,
            13.797606
          ],
          [
            100.539101,
            13.797763
          ],
          [
            100.539258,
            13.797857
          ],
          [
            100.539702,
            13.797995
          ],
          [
            100.540029,
            13.798015
          ],
          [
            100.540152,
            13.798012
          ],
          [
            100.540653,
            13.797972
          ],
          [
            100.54122,
            13.797911
          ],
          [
            100.541335,
            13.797897
          ],
          [
            100.541207,
            13.797754
          ],
          [
            100.541168,
            13.797676
          ],
          [
            100.541074,
            13.797481
          ],
          [
            100.540934,
            13.79717
          ],
          [
            100.540895,
            13.797079
          ],
          [
            100.540785,
            13.796795
          ],
          [
            100.540768,
            13.796752
          ],
          [
            100.540752,
            13.796718
          ],
          [
            100.540612,
            13.796429
          ],
          [
            100.540446,
            13.796118
          ],
          [
            100.54029,
            13.79588
          ],
          [
            100.539919,
            13.7954
          ],
          [
            100.539777,
            13.795186
          ],
          [
            100.539645,
            13.794965
          ],
          [
            100.539337,
            13.79443
          ],
          [
            100.539033,
            13.793705
          ],
          [
            100.53852,
            13.792468
          ],
          [
            100.538154,
            13.791589
          ],
          [
            100.537493,
            13.78998
          ],
          [
            100.537014,
            13.788773
          ],
          [
            100.536742,
            13.788105
          ],
          [
            100.536232,
            13.786841
          ],
          [
            100.535586,
            13.785255
          ],
          [
            100.53484,
            13.783363
          ],
          [
            100.534687,
            13.782988
          ],
          [
            100.534536,
            13.782615
          ],
          [
            100.534253,
            13.781916
          ],
          [
            100.533488,
            13.780005
          ],
          [
            100.533374,
            13.779739
          ],
          [
            100.533301,
            13.779555
          ],
          [
            100.53298,
            13.778744
          ],
          [
            100.532788,
            13.778158
          ],
          [
            100.532695,
            13.777717
          ],
          [
            100.532669,
            13.777549
          ],
          [
            100.532649,
            13.777344
          ],
          [
            100.532644,
            13.77713
          ],
          [
            100.532645,
            13.776917
          ],
          [
            100.532666,
            13.776243
          ],
          [
            100.532729,
            13.775689
          ],
          [
            100.532738,
            13.775214
          ],
          [
            100.532684,
            13.774718
          ],
          [
            100.532697,
            13.774512
          ],
          [
            100.532677,
            13.774297
          ],
          [
            100.532604,
            13.773888
          ],
          [
            100.532561,
            13.773551
          ],
          [
            100.53254,
            13.773238
          ],
          [
            100.532527,
            13.77301
          ],
          [
            100.53253,
            13.772789
          ],
          [
            100.532544,
            13.772622
          ],
          [
            100.532568,
            13.772471
          ],
          [
            100.532612,
            13.772288
          ],
          [
            100.53267,
            13.772105
          ],
          [
            100.53285,
            13.771742
          ],
          [
            100.532961,
            13.771588
          ],
          [
            100.533092,
            13.771425
          ],
          [
            100.533255,
            13.771261
          ],
          [
            100.533422,
            13.771106
          ],
          [
            100.534162,
            13.770617
          ],
          [
            100.536066,
            13.769565
          ],
          [
            100.53664,
            13.769244
          ],
          [
            100.537027,
            13.769035
          ],
          [
            100.53739,
            13.768821
          ],
          [
            100.537731,
            13.768581
          ],
          [
            100.538038,
            13.768341
          ],
          [
            100.538535,
            13.767841
          ],
          [
            100.538947,
            13.767291
          ],
          [
            100.539686,
            13.76614
          ],
          [
            100.539996,
            13.765729
          ],
          [
            100.540294,
            13.765407
          ],
          [
            100.540518,
            13.76519
          ],
          [
            100.540996,
            13.76481
          ],
          [
            100.541446,
            13.764521
          ],
          [
            100.541775,
            13.764343
          ],
          [
            100.542097,
            13.764189
          ],
          [
            100.542336,
            13.764076
          ],
          [
            100.542863,
            13.763837
          ],
          [
            100.543197,
            13.763675
          ],
          [
            100.543454,
            13.763536
          ],
          [
            100.54369,
            13.763399
          ],
          [
            100.543925,
            13.76324
          ],
          [
            100.544151,
            13.763069
          ],
          [
            100.544412,
            13.76284
          ],
          [
            100.544667,
            13.762589
          ],
          [
            100.544882,
            13.762358
          ],
          [
            100.545977,
            13.761113
          ],
          [
            100.546633,
            13.760347
          ],
          [
            100.547373,
            13.759503
          ],
          [
            100.547964,
            13.758942
          ],
          [
            100.548176,
            13.758751
          ],
          [
            100.548356,
            13.758601
          ],
          [
            100.548544,
            13.758459
          ],
          [
            100.548733,
            13.758333
          ],
          [
            100.548941,
            13.758213
          ],
          [
            100.549171,
            13.758099
          ],
          [
            100.549493,
            13.757972
          ],
          [
            100.549817,
            13.757868
          ],
          [
            100.55007,
            13.757782
          ],
          [
            100.550297,
            13.757693
          ],
          [
            100.550471,
            13.757595
          ],
          [
            100.550621,
            13.757471
          ],
          [
            100.550717,
            13.757309
          ],
          [
            100.550804,
            13.757112
          ],
          [
            100.55083,
            13.756993
          ],
          [
            100.550837,
            13.756876
          ],
          [
            100.550809,
            13.756726
          ],
          [
            100.550758,
            13.756581
          ],
          [
            100.550654,
            13.756422
          ],
          [
            100.550526,
            13.756281
          ],
          [
            100.550342,
            13.756166
          ],
          [
            100.550114,
            13.756073
          ],
          [
            100.549856,
            13.756062
          ],
          [
            100.549611,
            13.756087
          ],
          [
            100.549387,
            13.756093
          ],
          [
            100.54818,
            13.756372
          ],
          [
            100.546978,
            13.756672
          ],
          [
            100.546805,
            13.75668
          ],
          [
            100.546636,
            13.756693
          ],
          [
            100.546473,
            13.756695
          ],
          [
            100.54632,
            13.75668
          ],
          [
            100.546204,
            13.756647
          ],
          [
            100.546074,
            13.756591
          ],
          [
            100.545947,
            13.756514
          ],
          [
            100.545838,
            13.756418
          ],
          [
            100.545754,
            13.75631
          ],
          [
            100.545699,
            13.756209
          ],
          [
            100.545656,
            13.756104
          ],
          [
            100.545625,
            13.75599
          ],
          [
            100.545614,
            13.755908
          ],
          [
            100.545616,
            13.755776
          ],
          [
            100.545635,
            13.755636
          ],
          [
            100.545688,
            13.755401
          ],
          [
            100.545757,
            13.755115
          ],
          [
            100.545892,
            13.754844
          ],
          [
            100.546038,
            13.754574
          ],
          [
            100.54612,
            13.754444
          ],
          [
            100.546238,
            13.754274
          ],
          [
            100.546469,
            13.754007
          ],
          [
            100.54662,
            13.753863
          ],
          [
            100.546878,
            13.753643
          ],
          [
            100.547035,
            13.753506
          ],
          [
            100.547422,
            13.753209
          ],
          [
            100.547803,
            13.752955
          ],
          [
            100.548185,
            13.752686
          ],
          [
            100.548374,
            13.752512
          ],
          [
            100.548548,
            13.75234
          ],
          [
            100.548818,
            13.752027
          ],
          [
            100.549045,
            13.751726
          ],
          [
            100.549226,
            13.751443
          ],
          [
            100.549347,
            13.751176
          ],
          [
            100.549547,
            13.750633
          ],
          [
            100.5496,
            13.750319
          ],
          [
            100.549692,
            13.749698
          ],
          [
            100.549752,
            13.749349
          ],
          [
            100.550136,
            13.747044
          ],
          [
            100.550186,
            13.746584
          ],
          [
            100.550308,
            13.745514
          ],
          [
            100.550425,
            13.744441
          ],
          [
            100.550516,
            13.743675
          ],
          [
            100.55054,
            13.743475
          ],
          [
            100.550592,
            13.74304
          ],
          [
            100.550613,
            13.742861
          ],
          [
            100.550618,
            13.742823
          ],
          [
            100.550641,
            13.742817
          ],
          [
            100.550672,
            13.742811
          ],
          [
            100.550717,
            13.742802
          ],
          [
            100.550911,
            13.742762
          ],
          [
            100.551355,
            13.742681
          ],
          [
            100.551533,
            13.742648
          ],
          [
            100.551679,
            13.742619
          ],
          [
            100.551829,
            13.742582
          ],
          [
            100.552012,
            13.742537
          ],
          [
            100.552221,
            13.742476
          ],
          [
            100.552241,
            13.74247
          ],
          [
            100.552334,
            13.742443
          ],
          [
            100.552549,
            13.742373
          ],
          [
            100.552757,
            13.74229
          ],
          [
            100.55282,
            13.742264
          ],
          [
            100.552983,
            13.742195
          ],
          [
            100.553394,
            13.741987
          ],
          [
            100.553765,
            13.741789
          ],
          [
            100.554074,
            13.741585
          ],
          [
            100.554864,
            13.741029
          ],
          [
            100.554958,
            13.740963
          ],
          [
            100.554975,
            13.740951
          ],
          [
            100.555478,
            13.740594
          ],
          [
            100.555778,
            13.740377
          ],
          [
            100.55598,
            13.740233
          ],
          [
            100.55603,
            13.740198
          ],
          [
            100.556046,
            13.740187
          ],
          [
            100.556184,
            13.740088
          ],
          [
            100.55644,
            13.739905
          ],
          [
            100.556819,
            13.739637
          ],
          [
            100.557193,
            13.739374
          ],
          [
            100.557524,
            13.739136
          ],
          [
            100.557783,
            13.738956
          ],
          [
            100.558183,
            13.738674
          ],
          [
            100.558378,
            13.738532
          ],
          [
            100.558493,
            13.738447
          ],
          [
            100.558658,
            13.738331
          ],
          [
            100.559022,
            13.73807
          ],
          [
            100.559187,
            13.737949
          ],
          [
            100.559728,
            13.73757
          ],
          [
            100.559804,
            13.73769
          ],
          [
            100.559825,
            13.73778
          ],
          [
            100.559828,
            13.737816
          ],
          [
            100.559871,
            13.738129
          ]
        ]
      }
    },
    {
      "type": "Feature",
      "properties": {
        "route_id": "TH-04",
        "route_name": "Bus 1: Sanam Luang - Mo Chit",
        "route_type": "BUS",
        "route_ref": "BUS1",
        "origin_name": "Sanam Luang",
        "destination_name": "Mo Chit",
        "region": "Bangkok",
        "province": "Bangkok"
      },
      "geometry": {
        "type": "LineString",
        "coordinates": [
          [
            100.493335,
            13.755908
          ],
          [
            100.493515,
            13.755859
          ],
          [
            100.493879,
            13.755759
          ],
          [
            100.494042,
            13.755715
          ],
          [
            100.494161,
            13.755685
          ],
          [
            100.494291,
            13.755652
          ],
          [
            100.494351,
            13.755869
          ],
          [
            100.494388,
            13.756004
          ],
          [
            100.494493,
            13.756369
          ],
          [
            100.494535,
            13.756687
          ],
          [
            100.494663,
            13.757022
          ],
          [
            100.494673,
            13.757047
          ],
          [
            100.49471,
            13.757124
          ],
          [
            100.494781,
            13.75722
          ],
          [
            100.494908,
            13.757341
          ],
          [
            100.495039,
            13.75744
          ],
          [
            100.495154,
            13.757514
          ],
          [
            100.495241,
            13.757561
          ],
          [
            100.495651,
            13.757796
          ],
          [
            100.495847,
            13.757895
          ],
          [
            100.495986,
            13.757913
          ],
          [
            100.49605,
            13.757922
          ],
          [
            100.496187,
            13.757928
          ],
          [
            100.496308,
            13.757919
          ],
          [
            100.496436,
            13.757899
          ],
          [
            100.49725,
            13.757737
          ],
          [
            100.498206,
            13.757551
          ],
          [
            100.498714,
            13.757449
          ],
          [
            100.498799,
            13.757432
          ],
          [
            100.498828,
            13.757426
          ],
          [
            100.498946,
            13.757402
          ],
          [
            100.499103,
            13.75737
          ],
          [
            100.499424,
            13.757306
          ],
          [
            100.500398,
            13.757106
          ],
          [
            100.501198,
            13.756933
          ],
          [
            100.501237,
            13.756924
          ],
          [
            100.501264,
            13.756918
          ],
          [
            100.501406,
            13.75692
          ],
          [
            100.501573,
            13.756939
          ],
          [
            100.501613,
            13.756974
          ],
          [
            100.501699,
            13.757022
          ],
          [
            100.501787,
            13.757046
          ],
          [
            100.501911,
            13.757043
          ],
          [
            100.502026,
            13.757
          ],
          [
            100.502106,
            13.756939
          ],
          [
            100.502161,
            13.756868
          ],
          [
            100.502188,
            13.756811
          ],
          [
            100.502361,
            13.756726
          ],
          [
            100.502438,
            13.756688
          ],
          [
            100.502474,
            13.756678
          ],
          [
            100.502546,
            13.75666
          ],
          [
            100.503356,
            13.756498
          ],
          [
            100.504055,
            13.756359
          ],
          [
            100.50462,
            13.756257
          ],
          [
            100.504659,
            13.75625
          ],
          [
            100.504799,
            13.756223
          ],
          [
            100.505043,
            13.756176
          ],
          [
            100.505257,
            13.756134
          ],
          [
            100.505315,
            13.756135
          ],
          [
            100.505369,
            13.756147
          ],
          [
            100.505411,
            13.756163
          ],
          [
            100.505515,
            13.756213
          ],
          [
            100.505756,
            13.75636
          ],
          [
            100.505784,
            13.756376
          ],
          [
            100.506017,
            13.756497
          ],
          [
            100.506147,
            13.756543
          ],
          [
            100.50633,
            13.756611
          ],
          [
            100.506407,
            13.756648
          ],
          [
            100.506561,
            13.756721
          ],
          [
            100.506831,
            13.75685
          ],
          [
            100.507183,
            13.757018
          ],
          [
            100.507238,
            13.757046
          ],
          [
            100.508164,
            13.757518
          ],
          [
            100.508208,
            13.75754
          ],
          [
            100.508542,
            13.757723
          ],
          [
            100.508577,
            13.757741
          ],
          [
            100.508605,
            13.757756
          ],
          [
            100.509123,
            13.758021
          ],
          [
            100.509193,
            13.758059
          ],
          [
            100.509407,
            13.758179
          ],
          [
            100.509526,
            13.758246
          ],
          [
            100.509646,
            13.758315
          ],
          [
            100.50991,
            13.75846
          ],
          [
            100.51049,
            13.758794
          ],
          [
            100.510834,
            13.758993
          ],
          [
            100.51085,
            13.759003
          ],
          [
            100.510865,
            13.759013
          ],
          [
            100.51088,
            13.759021
          ],
          [
            100.51118,
            13.759191
          ],
          [
            100.511478,
            13.759356
          ],
          [
            100.511514,
            13.759375
          ],
          [
            100.511704,
            13.759483
          ],
          [
            100.51196,
            13.759632
          ],
          [
            100.512004,
            13.759658
          ],
          [
            100.512018,
            13.759666
          ],
          [
            100.512236,
            13.759801
          ],
          [
            100.512468,
            13.759944
          ],
          [
            100.512533,
            13.759984
          ],
          [
            100.512696,
            13.760085
          ],
          [
            100.512744,
            13.760112
          ],
          [
            100.51301,
            13.760264
          ],
          [
            100.513075,
            13.760301
          ],
          [
            100.513154,
            13.760346
          ],
          [
            100.513263,
            13.760409
          ],
          [
            100.513516,
            13.760556
          ],
          [
            100.513614,
            13.760611
          ],
          [
            100.513881,
            13.760761
          ],
          [
            100.513942,
            13.760794
          ],
          [
            100.51422,
            13.760949
          ],
          [
            100.514583,
            13.761155
          ],
          [
            100.51494,
            13.761358
          ],
          [
            100.515095,
            13.761445
          ],
          [
            100.515186,
            13.761498
          ],
          [
            100.515428,
            13.761636
          ],
          [
            100.515549,
            13.761719
          ],
          [
            100.517792,
            13.759777
          ],
          [
            100.518392,
            13.759266
          ],
          [
            100.518414,
            13.759247
          ],
          [
            100.518606,
            13.759081
          ],
          [
            100.519165,
            13.758595
          ],
          [
            100.51957,
            13.758268
          ],
          [
            100.51982,
            13.758041
          ],
          [
            100.520207,
            13.757689
          ],
          [
            100.520437,
            13.757516
          ],
          [
            100.520638,
            13.757385
          ],
          [
            100.520877,
            13.757247
          ],
          [
            100.52089,
            13.757241
          ],
          [
            100.520917,
            13.757227
          ],
          [
            100.520957,
            13.757207
          ],
          [
            100.520983,
            13.757195
          ],
          [
            100.521,
            13.757188
          ],
          [
            100.521024,
            13.757177
          ],
          [
            100.521202,
            13.757086
          ],
          [
            100.521293,
            13.757162
          ],
          [
            100.521442,
            13.757294
          ],
          [
            100.52171,
            13.757585
          ],
          [
            100.521772,
            13.757639
          ],
          [
            100.521792,
            13.757657
          ],
          [
            100.522105,
            13.75793
          ],
          [
            100.522258,
            13.758008
          ],
          [
            100.522442,
            13.758102
          ],
          [
            100.522724,
            13.758264
          ],
          [
            100.522897,
            13.75835
          ],
          [
            100.522941,
            13.758373
          ],
          [
            100.523237,
            13.758486
          ],
          [
            100.523435,
            13.758535
          ],
          [
            100.523725,
            13.758576
          ],
          [
            100.523977,
            13.758627
          ],
          [
            100.5241,
            13.758681
          ],
          [
            100.52425,
            13.758764
          ],
          [
            100.524379,
            13.758889
          ],
          [
            100.524502,
            13.75907
          ],
          [
            100.524777,
            13.759756
          ],
          [
            100.524842,
            13.759899
          ],
          [
            100.524917,
            13.760047
          ],
          [
            100.525122,
            13.760359
          ],
          [
            100.525183,
            13.760506
          ],
          [
            100.525299,
            13.760777
          ],
          [
            100.525762,
            13.761935
          ],
          [
            100.527655,
            13.766614
          ],
          [
            100.528422,
            13.768472
          ],
          [
            100.52894,
            13.769725
          ],
          [
            100.529063,
            13.770022
          ],
          [
            100.529475,
            13.770993
          ],
          [
            100.5297,
            13.771582
          ],
          [
            100.529845,
            13.771929
          ],
          [
            100.529995,
            13.772276
          ],
          [
            100.530454,
            13.773268
          ],
          [
            100.530896,
            13.774201
          ],
          [
            100.532767,
            13.778876
          ],
          [
            100.534141,
            13.782321
          ],
          [
            100.53438,
            13.782921
          ],
          [
            100.534571,
            13.783407
          ],
          [
            100.534937,
            13.784231
          ],
          [
            100.535332,
            13.785238
          ],
          [
            100.535514,
            13.785707
          ],
          [
            100.535667,
            13.786102
          ],
          [
            100.535855,
            13.786581
          ],
          [
            100.536115,
            13.787209
          ],
          [
            100.53644,
            13.787967
          ],
          [
            100.536589,
            13.788313
          ],
          [
            100.536762,
            13.788743
          ],
          [
            100.537969,
            13.791713
          ],
          [
            100.538032,
            13.791862
          ],
          [
            100.538194,
            13.792248
          ],
          [
            100.538239,
            13.792366
          ],
          [
            100.538285,
            13.792486
          ],
          [
            100.538475,
            13.792979
          ],
          [
            100.538672,
            13.793969
          ],
          [
            100.53886,
            13.795144
          ],
          [
            100.538887,
            13.795434
          ],
          [
            100.538886,
            13.795683
          ],
          [
            100.538856,
            13.795879
          ],
          [
            100.538804,
            13.796058
          ],
          [
            100.538726,
            13.796302
          ],
          [
            100.538633,
            13.796471
          ],
          [
            100.53849,
            13.79666
          ],
          [
            100.538378,
            13.796898
          ],
          [
            100.538371,
            13.796941
          ],
          [
            100.538372,
            13.796963
          ],
          [
            100.538379,
            13.796989
          ],
          [
            100.538392,
            13.797006
          ],
          [
            100.538441,
            13.797088
          ],
          [
            100.538494,
            13.797181
          ],
          [
            100.538513,
            13.797206
          ],
          [
            100.538819,
            13.797531
          ],
          [
            100.5389,
            13.797606
          ],
          [
            100.539101,
            13.797763
          ],
          [
            100.539258,
            13.797857
          ],
          [
            100.539702,
            13.797995
          ],
          [
            100.540029,
            13.798015
          ],
          [
            100.540152,
            13.798012
          ],
          [
            100.540653,
            13.797972
          ],
          [
            100.54122,
            13.797911
          ],
          [
            100.541335,
            13.797897
          ],
          [
            100.543523,
            13.797665
          ],
          [
            100.543797,
            13.797641
          ],
          [
            100.544086,
            13.797629
          ],
          [
            100.544398,
            13.797632
          ],
          [
            100.544767,
            13.797647
          ],
          [
            100.546497,
            13.797725
          ],
          [
            100.547336,
            13.797757
          ],
          [
            100.547458,
            13.797761
          ],
          [
            100.548073,
            13.797777
          ],
          [
            100.548354,
            13.797784
          ],
          [
            100.548505,
            13.797788
          ],
          [
            100.549839,
            13.797839
          ],
          [
            100.55022,
            13.797854
          ],
          [
            100.55043,
            13.797866
          ],
          [
            100.550557,
            13.797873
          ],
          [
            100.550673,
            13.797899
          ],
          [
            100.550765,
            13.797938
          ],
          [
            100.550868,
            13.797993
          ],
          [
            100.550953,
            13.798049
          ],
          [
            100.551018,
            13.798112
          ],
          [
            100.551092,
            13.798205
          ],
          [
            100.551742,
            13.799425
          ],
          [
            100.551794,
            13.799519
          ],
          [
            100.552151,
            13.800148
          ],
          [
            100.55229,
            13.800394
          ],
          [
            100.552668,
            13.801057
          ],
          [
            100.552989,
            13.801625
          ],
          [
            100.553221,
            13.802035
          ]
        ]
      }
    },
    {
      "type": "Feature",
      "properties": {
        "route_id": "TH-05",
        "route_name": "Bus 2: Samrong - Asok",
        "route_type": "BUS",
        "route_ref": "BUS2",
        "origin_name": "Samrong",
        "destination_name": "Asok",
        "region": "Bangkok",
        "province": "Bangkok"
      },
      "geometry": {
        "type": "LineString",
        "coordinates": [
          [
            100.596104,
            13.646111
          ],
          [
            100.596087,
            13.646117
          ],
          [
            100.596024,
            13.646124
          ],
          [
            100.595949,
            13.646094
          ],
          [
            100.595908,
            13.646059
          ],
          [
            100.595872,
            13.646025
          ],
          [
            100.595842,
            13.646035
          ],
          [
            100.595694,
            13.646086
          ],
          [
            100.595663,
            13.64601
          ],
          [
            100.595612,
            13.645889
          ],
          [
            100.595473,
            13.645519
          ],
          [
            100.59542,
            13.645385
          ],
          [
            100.595381,
            13.645279
          ],
          [
            100.595259,
            13.644979
          ],
          [
            100.595178,
            13.644781
          ],
          [
            100.595136,
            13.64468
          ],
          [
            100.59497,
            13.64428
          ],
          [
            100.594922,
            13.644162
          ],
          [
            100.594816,
            13.643886
          ],
          [
            100.59462,
            13.643399
          ],
          [
            100.594563,
            13.643255
          ],
          [
            100.594539,
            13.643194
          ],
          [
            100.594422,
            13.642901
          ],
          [
            100.594415,
            13.642885
          ],
          [
            100.594379,
            13.642802
          ],
          [
            100.594237,
            13.642459
          ],
          [
            100.594132,
            13.642206
          ],
          [
            100.593961,
            13.641794
          ],
          [
            100.593791,
            13.641385
          ],
          [
            100.593633,
            13.641002
          ],
          [
            100.593379,
            13.64039
          ],
          [
            100.59277,
            13.63892
          ],
          [
            100.592625,
            13.63896
          ],
          [
            100.592802,
            13.639381
          ],
          [
            100.593138,
            13.64018
          ],
          [
            100.593289,
            13.640552
          ],
          [
            100.59345,
            13.640936
          ],
          [
            100.593819,
            13.641824
          ],
          [
            100.593943,
            13.642133
          ],
          [
            100.594244,
            13.64283
          ],
          [
            100.59428,
            13.642933
          ],
          [
            100.594757,
            13.644144
          ],
          [
            100.594914,
            13.644542
          ],
          [
            100.594972,
            13.64469
          ],
          [
            100.595302,
            13.64553
          ],
          [
            100.595329,
            13.645591
          ],
          [
            100.595388,
            13.645728
          ],
          [
            100.595509,
            13.64601
          ],
          [
            100.595531,
            13.646061
          ],
          [
            100.595634,
            13.646299
          ],
          [
            100.595674,
            13.646393
          ],
          [
            100.595723,
            13.646497
          ],
          [
            100.595864,
            13.646811
          ],
          [
            100.596616,
            13.648646
          ],
          [
            100.596883,
            13.649287
          ],
          [
            100.596948,
            13.649477
          ],
          [
            100.59733,
            13.650425
          ],
          [
            100.59801,
            13.652136
          ],
          [
            100.598298,
            13.652827
          ],
          [
            100.59835,
            13.65295
          ],
          [
            100.598614,
            13.653582
          ],
          [
            100.598824,
            13.654084
          ],
          [
            100.599228,
            13.655052
          ],
          [
            100.599273,
            13.655158
          ],
          [
            100.599492,
            13.655682
          ],
          [
            100.599509,
            13.655724
          ],
          [
            100.599686,
            13.65616
          ],
          [
            100.599969,
            13.656855
          ],
          [
            100.600103,
            13.657189
          ],
          [
            100.600266,
            13.657574
          ],
          [
            100.60042,
            13.657959
          ],
          [
            100.600485,
            13.658116
          ],
          [
            100.600584,
            13.658353
          ],
          [
            100.600779,
            13.658819
          ],
          [
            100.601197,
            13.659838
          ],
          [
            100.601418,
            13.660366
          ],
          [
            100.601625,
            13.660852
          ],
          [
            100.601706,
            13.661051
          ],
          [
            100.602106,
            13.662032
          ],
          [
            100.602198,
            13.662259
          ],
          [
            100.602214,
            13.662291
          ],
          [
            100.603185,
            13.664645
          ],
          [
            100.603449,
            13.665284
          ],
          [
            100.603903,
            13.666384
          ],
          [
            100.603914,
            13.666412
          ],
          [
            100.604021,
            13.666673
          ],
          [
            100.604149,
            13.667021
          ],
          [
            100.604175,
            13.667079
          ],
          [
            100.60502,
            13.669144
          ],
          [
            100.605128,
            13.669407
          ],
          [
            100.605285,
            13.669776
          ],
          [
            100.605479,
            13.67026
          ],
          [
            100.60568,
            13.670759
          ],
          [
            100.605864,
            13.671219
          ],
          [
            100.605894,
            13.671293
          ],
          [
            100.606089,
            13.671763
          ],
          [
            100.606244,
            13.672129
          ],
          [
            100.606521,
            13.672904
          ],
          [
            100.606389,
            13.673158
          ],
          [
            100.606346,
            13.673166
          ],
          [
            100.606125,
            13.673211
          ],
          [
            100.605941,
            13.673248
          ],
          [
            100.605826,
            13.673268
          ],
          [
            100.605741,
            13.673283
          ],
          [
            100.60571,
            13.673301
          ],
          [
            100.605686,
            13.673317
          ],
          [
            100.605665,
            13.673331
          ],
          [
            100.605646,
            13.673345
          ],
          [
            100.605628,
            13.673362
          ],
          [
            100.605609,
            13.673381
          ],
          [
            100.605595,
            13.673398
          ],
          [
            100.605585,
            13.673416
          ],
          [
            100.60558,
            13.673433
          ],
          [
            100.60557,
            13.673457
          ],
          [
            100.605542,
            13.673529
          ],
          [
            100.605534,
            13.673636
          ],
          [
            100.60549,
            13.673732
          ],
          [
            100.605415,
            13.673803
          ],
          [
            100.605237,
            13.673934
          ],
          [
            100.604972,
            13.674142
          ],
          [
            100.604818,
            13.674316
          ],
          [
            100.60466,
            13.674601
          ],
          [
            100.604375,
            13.675422
          ],
          [
            100.604183,
            13.676084
          ],
          [
            100.604121,
            13.676223
          ],
          [
            100.603998,
            13.676512
          ],
          [
            100.603881,
            13.676862
          ],
          [
            100.603848,
            13.676997
          ],
          [
            100.603771,
            13.677244
          ],
          [
            100.603652,
            13.677774
          ],
          [
            100.603583,
            13.678818
          ],
          [
            100.603523,
            13.679173
          ],
          [
            100.603517,
            13.679206
          ],
          [
            100.603117,
            13.681444
          ],
          [
            100.602829,
            13.683228
          ],
          [
            100.60271,
            13.68411
          ],
          [
            100.602347,
            13.686205
          ],
          [
            100.602236,
            13.686833
          ],
          [
            100.601953,
            13.688451
          ],
          [
            100.601811,
            13.689102
          ],
          [
            100.601756,
            13.689426
          ],
          [
            100.601634,
            13.689991
          ],
          [
            100.601556,
            13.69021
          ],
          [
            100.601366,
            13.690689
          ],
          [
            100.600841,
            13.691572
          ],
          [
            100.60062,
            13.691851
          ],
          [
            100.600394,
            13.692089
          ],
          [
            100.600251,
            13.692218
          ],
          [
            100.599921,
            13.692515
          ],
          [
            100.598658,
            13.69337
          ],
          [
            100.597822,
            13.693949
          ],
          [
            100.596693,
            13.6947
          ],
          [
            100.59564,
            13.695403
          ],
          [
            100.595117,
            13.69575
          ],
          [
            100.594674,
            13.69607
          ],
          [
            100.594227,
            13.696397
          ],
          [
            100.593782,
            13.696736
          ],
          [
            100.593304,
            13.697124
          ],
          [
            100.593004,
            13.697364
          ],
          [
            100.592801,
            13.697528
          ],
          [
            100.59233,
            13.69803
          ],
          [
            100.592035,
            13.698434
          ],
          [
            100.591765,
            13.698832
          ],
          [
            100.59155,
            13.699183
          ],
          [
            100.591332,
            13.699608
          ],
          [
            100.591128,
            13.700033
          ],
          [
            100.59037,
            13.701808
          ],
          [
            100.589296,
            13.704316
          ],
          [
            100.589115,
            13.704692
          ],
          [
            100.588956,
            13.704985
          ],
          [
            100.58882,
            13.705218
          ],
          [
            100.588631,
            13.705518
          ],
          [
            100.588448,
            13.705776
          ],
          [
            100.588217,
            13.706071
          ],
          [
            100.588004,
            13.706323
          ],
          [
            100.587758,
            13.70658
          ],
          [
            100.587505,
            13.706812
          ],
          [
            100.587252,
            13.707026
          ],
          [
            100.586994,
            13.707218
          ],
          [
            100.586712,
            13.70741
          ],
          [
            100.583718,
            13.709154
          ],
          [
            100.583476,
            13.709295
          ],
          [
            100.583047,
            13.709545
          ],
          [
            100.581989,
            13.710058
          ],
          [
            100.58176,
            13.71017
          ],
          [
            100.57539,
            13.71285
          ],
          [
            100.575064,
            13.712975
          ],
          [
            100.574735,
            13.713075
          ],
          [
            100.574169,
            13.71317
          ],
          [
            100.573914,
            13.713185
          ],
          [
            100.573825,
            13.713185
          ],
          [
            100.573611,
            13.713172
          ],
          [
            100.573382,
            13.713143
          ],
          [
            100.57273,
            13.71303
          ],
          [
            100.571114,
            13.712676
          ],
          [
            100.570943,
            13.712632
          ],
          [
            100.567984,
            13.711924
          ],
          [
            100.56772,
            13.711861
          ],
          [
            100.567335,
            13.711723
          ],
          [
            100.567022,
            13.711635
          ],
          [
            100.566582,
            13.711511
          ],
          [
            100.566131,
            13.711391
          ],
          [
            100.56551,
            13.711247
          ],
          [
            100.565079,
            13.711164
          ],
          [
            100.564596,
            13.711108
          ],
          [
            100.56451,
            13.711107
          ],
          [
            100.564309,
            13.711105
          ],
          [
            100.564078,
            13.711131
          ],
          [
            100.563985,
            13.711141
          ],
          [
            100.563735,
            13.711196
          ],
          [
            100.563626,
            13.711221
          ],
          [
            100.563713,
            13.711407
          ],
          [
            100.563775,
            13.711554
          ],
          [
            100.563888,
            13.711795
          ],
          [
            100.56404,
            13.712157
          ],
          [
            100.564234,
            13.712619
          ],
          [
            100.564341,
            13.712851
          ],
          [
            100.564473,
            13.713137
          ],
          [
            100.564674,
            13.713561
          ],
          [
            100.565065,
            13.714383
          ],
          [
            100.565039,
            13.714486
          ],
          [
            100.565016,
            13.714544
          ],
          [
            100.564988,
            13.714594
          ],
          [
            100.564954,
            13.714642
          ],
          [
            100.564868,
            13.714741
          ],
          [
            100.562815,
            13.715569
          ],
          [
            100.561409,
            13.716144
          ],
          [
            100.560087,
            13.716692
          ],
          [
            100.558643,
            13.717291
          ],
          [
            100.558447,
            13.717373
          ],
          [
            100.558191,
            13.717481
          ],
          [
            100.558132,
            13.717589
          ],
          [
            100.558068,
            13.717719
          ],
          [
            100.558105,
            13.717789
          ],
          [
            100.558149,
            13.717881
          ],
          [
            100.558421,
            13.718674
          ],
          [
            100.558599,
            13.719193
          ],
          [
            100.558714,
            13.719529
          ],
          [
            100.558869,
            13.719964
          ],
          [
            100.558942,
            13.720176
          ],
          [
            100.558993,
            13.720317
          ],
          [
            100.559056,
            13.720495
          ],
          [
            100.559165,
            13.720804
          ],
          [
            100.5592,
            13.720904
          ],
          [
            100.559405,
            13.721493
          ],
          [
            100.559455,
            13.721638
          ],
          [
            100.559486,
            13.721725
          ],
          [
            100.559741,
            13.722484
          ],
          [
            100.559818,
            13.722712
          ],
          [
            100.559889,
            13.72291
          ],
          [
            100.559958,
            13.72313
          ],
          [
            100.559979,
            13.723196
          ],
          [
            100.560075,
            13.72351
          ],
          [
            100.560225,
            13.724048
          ],
          [
            100.560335,
            13.724592
          ],
          [
            100.560351,
            13.725025
          ],
          [
            100.560344,
            13.725552
          ],
          [
            100.560301,
            13.725921
          ],
          [
            100.560235,
            13.726331
          ],
          [
            100.560199,
            13.726521
          ],
          [
            100.560065,
            13.727598
          ],
          [
            100.56001,
            13.727952
          ],
          [
            100.559784,
            13.729501
          ],
          [
            100.559738,
            13.729984
          ],
          [
            100.559711,
            13.730369
          ],
          [
            100.559706,
            13.730436
          ],
          [
            100.559681,
            13.731049
          ],
          [
            100.55966,
            13.731939
          ],
          [
            100.559655,
            13.732358
          ],
          [
            100.559659,
            13.732587
          ],
          [
            100.559672,
            13.732764
          ],
          [
            100.559682,
            13.732823
          ],
          [
            100.559771,
            13.733177
          ],
          [
            100.559803,
            13.733274
          ],
          [
            100.559964,
            13.733618
          ],
          [
            100.560041,
            13.733748
          ],
          [
            100.560323,
            13.734167
          ],
          [
            100.560367,
            13.734238
          ],
          [
            100.560569,
            13.734521
          ],
          [
            100.560629,
            13.734607
          ],
          [
            100.560734,
            13.734767
          ],
          [
            100.560821,
            13.73492
          ],
          [
            100.560852,
            13.734988
          ],
          [
            100.560868,
            13.735022
          ],
          [
            100.560942,
            13.735184
          ],
          [
            100.560952,
            13.735216
          ],
          [
            100.561004,
            13.73536
          ],
          [
            100.561089,
            13.735688
          ],
          [
            100.56117,
            13.736087
          ]
        ]
      }
    },
    {
      "type": "Feature",
      "properties": {
        "route_id": "TH-06",
        "route_name": "Bus 3: Bang Kapi - Victory Monument",
        "route_type": "BUS",
        "route_ref": "BUS3",
        "origin_name": "Bang Kapi",
        "destination_name": "Victory Monument",
        "region": "Bangkok",
        "province": "Bangkok"
      },
      "geometry": {
        "type": "LineString",
        "coordinates": [
          [
            100.64346,
            13.766133
          ],
          [
            100.643589,
            13.764783
          ],
          [
            100.643581,
            13.764761
          ],
          [
            100.643558,
            13.764748
          ],
          [
            100.641896,
            13.764625
          ],
          [
            100.64169,
            13.764617
          ],
          [
            100.641482,
            13.764517
          ],
          [
            100.641466,
            13.764445
          ],
          [
            100.641474,
            13.764163
          ],
          [
            100.641464,
            13.764077
          ],
          [
            100.641586,
            13.762991
          ],
          [
            100.641582,
            13.762963
          ],
          [
            100.641568,
            13.762936
          ],
          [
            100.641505,
            13.762869
          ],
          [
            100.641489,
            13.762851
          ],
          [
            100.641483,
            13.762828
          ],
          [
            100.641479,
            13.762764
          ],
          [
            100.641509,
            13.762329
          ],
          [
            100.641902,
            13.762371
          ],
          [
            100.642544,
            13.76245
          ],
          [
            100.643045,
            13.762512
          ],
          [
            100.643089,
            13.762517
          ],
          [
            100.64353,
            13.762569
          ],
          [
            100.644137,
            13.762639
          ],
          [
            100.644253,
            13.762653
          ],
          [
            100.64428,
            13.762447
          ],
          [
            100.64418,
            13.762435
          ],
          [
            100.643553,
            13.762367
          ],
          [
            100.643095,
            13.762314
          ],
          [
            100.642564,
            13.762256
          ],
          [
            100.642444,
            13.762246
          ],
          [
            100.642324,
            13.762242
          ],
          [
            100.642115,
            13.762244
          ],
          [
            100.642015,
            13.762234
          ],
          [
            100.641518,
            13.762181
          ],
          [
            100.641474,
            13.762176
          ],
          [
            100.640873,
            13.762108
          ],
          [
            100.640654,
            13.762085
          ],
          [
            100.640095,
            13.762016
          ],
          [
            100.639751,
            13.761973
          ],
          [
            100.6389,
            13.761874
          ],
          [
            100.638246,
            13.761796
          ],
          [
            100.63765,
            13.761737
          ],
          [
            100.637294,
            13.761697
          ],
          [
            100.637044,
            13.761669
          ],
          [
            100.63685,
            13.761648
          ],
          [
            100.636422,
            13.76161
          ],
          [
            100.636372,
            13.761606
          ],
          [
            100.636327,
            13.761603
          ],
          [
            100.635954,
            13.761562
          ],
          [
            100.635698,
            13.761534
          ],
          [
            100.63532,
            13.761488
          ],
          [
            100.634753,
            13.761423
          ],
          [
            100.634248,
            13.761363
          ],
          [
            100.633911,
            13.76132
          ],
          [
            100.633749,
            13.7613
          ],
          [
            100.633198,
            13.761238
          ],
          [
            100.632952,
            13.761211
          ],
          [
            100.632798,
            13.761206
          ],
          [
            100.632727,
            13.761203
          ],
          [
            100.632652,
            13.761197
          ],
          [
            100.632619,
            13.761194
          ],
          [
            100.632402,
            13.761169
          ],
          [
            100.631075,
            13.761032
          ],
          [
            100.627194,
            13.760598
          ],
          [
            100.626836,
            13.760556
          ],
          [
            100.625664,
            13.760421
          ],
          [
            100.624477,
            13.760286
          ],
          [
            100.622283,
            13.760034
          ],
          [
            100.620153,
            13.7598
          ],
          [
            100.619348,
            13.759707
          ],
          [
            100.618992,
            13.759656
          ],
          [
            100.618721,
            13.759599
          ],
          [
            100.618426,
            13.759513
          ],
          [
            100.618156,
            13.759417
          ],
          [
            100.617874,
            13.759291
          ],
          [
            100.617628,
            13.759169
          ],
          [
            100.617358,
            13.759011
          ],
          [
            100.617091,
            13.758826
          ],
          [
            100.616887,
            13.758668
          ],
          [
            100.616683,
            13.758487
          ],
          [
            100.616125,
            13.757917
          ],
          [
            100.615695,
            13.757491
          ],
          [
            100.614319,
            13.75613
          ],
          [
            100.611639,
            13.75343
          ],
          [
            100.611372,
            13.753171
          ],
          [
            100.611095,
            13.752909
          ],
          [
            100.610803,
            13.752629
          ],
          [
            100.610532,
            13.752367
          ],
          [
            100.609002,
            13.750821
          ],
          [
            100.60834,
            13.750142
          ],
          [
            100.608297,
            13.7501
          ],
          [
            100.60669,
            13.74848
          ],
          [
            100.605911,
            13.74769
          ],
          [
            100.605692,
            13.747464
          ],
          [
            100.605506,
            13.747291
          ],
          [
            100.605337,
            13.747354
          ],
          [
            100.605111,
            13.747439
          ],
          [
            100.604652,
            13.74761
          ],
          [
            100.604533,
            13.747651
          ],
          [
            100.604157,
            13.747778
          ],
          [
            100.603824,
            13.747891
          ],
          [
            100.603053,
            13.748153
          ],
          [
            100.60054,
            13.749001
          ],
          [
            100.600103,
            13.749148
          ],
          [
            100.599743,
            13.749266
          ],
          [
            100.599599,
            13.749312
          ],
          [
            100.599195,
            13.749447
          ],
          [
            100.599064,
            13.74949
          ],
          [
            100.598962,
            13.749523
          ],
          [
            100.598796,
            13.749578
          ],
          [
            100.598375,
            13.749605
          ],
          [
            100.598129,
            13.749635
          ],
          [
            100.597893,
            13.749678
          ],
          [
            100.597443,
            13.749799
          ],
          [
            100.596896,
            13.749974
          ],
          [
            100.5959,
            13.750297
          ],
          [
            100.595052,
            13.750607
          ],
          [
            100.594608,
            13.75078
          ],
          [
            100.594335,
            13.750921
          ],
          [
            100.593394,
            13.751256
          ],
          [
            100.592351,
            13.751618
          ],
          [
            100.591265,
            13.751987
          ],
          [
            100.590554,
            13.752223
          ],
          [
            100.589914,
            13.752423
          ],
          [
            100.589088,
            13.752683
          ],
          [
            100.587975,
            13.753058
          ],
          [
            100.586853,
            13.75343
          ],
          [
            100.586289,
            13.753603
          ],
          [
            100.585746,
            13.753756
          ],
          [
            100.585112,
            13.753918
          ],
          [
            100.584442,
            13.754063
          ],
          [
            100.583153,
            13.754315
          ],
          [
            100.581815,
            13.754499
          ],
          [
            100.581181,
            13.75454
          ],
          [
            100.580547,
            13.754554
          ],
          [
            100.579973,
            13.754522
          ],
          [
            100.579428,
            13.754464
          ],
          [
            100.578938,
            13.754368
          ],
          [
            100.578471,
            13.754244
          ],
          [
            100.577887,
            13.754059
          ],
          [
            100.576093,
            13.75345
          ],
          [
            100.575115,
            13.753119
          ],
          [
            100.574316,
            13.752849
          ],
          [
            100.573758,
            13.752665
          ],
          [
            100.573311,
            13.752545
          ],
          [
            100.572898,
            13.752448
          ],
          [
            100.572406,
            13.752354
          ],
          [
            100.571949,
            13.752266
          ],
          [
            100.571462,
            13.752197
          ],
          [
            100.570914,
            13.752145
          ],
          [
            100.570321,
            13.752123
          ],
          [
            100.569706,
            13.752144
          ],
          [
            100.569337,
            13.752172
          ],
          [
            100.568861,
            13.752235
          ],
          [
            100.568267,
            13.752332
          ],
          [
            100.567965,
            13.752378
          ],
          [
            100.567316,
            13.752466
          ],
          [
            100.566933,
            13.752516
          ],
          [
            100.566529,
            13.752577
          ],
          [
            100.566179,
            13.752662
          ],
          [
            100.565888,
            13.752756
          ],
          [
            100.565672,
            13.752822
          ],
          [
            100.565421,
            13.752886
          ],
          [
            100.565018,
            13.752962
          ],
          [
            100.564418,
            13.753062
          ],
          [
            100.563593,
            13.753206
          ],
          [
            100.562863,
            13.753345
          ],
          [
            100.559407,
            13.754098
          ],
          [
            100.558421,
            13.754312
          ],
          [
            100.556273,
            13.754784
          ],
          [
            100.555958,
            13.754853
          ],
          [
            100.554966,
            13.755066
          ],
          [
            100.554518,
            13.755152
          ],
          [
            100.55405,
            13.755238
          ],
          [
            100.553197,
            13.755455
          ],
          [
            100.552294,
            13.755669
          ],
          [
            100.551723,
            13.755851
          ],
          [
            100.551446,
            13.755954
          ],
          [
            100.551096,
            13.756104
          ],
          [
            100.55063,
            13.756343
          ],
          [
            100.550357,
            13.756496
          ],
          [
            100.550183,
            13.756603
          ],
          [
            100.550001,
            13.75672
          ],
          [
            100.549825,
            13.756842
          ],
          [
            100.549551,
            13.757046
          ],
          [
            100.549308,
            13.757243
          ],
          [
            100.549111,
            13.757418
          ],
          [
            100.548934,
            13.757586
          ],
          [
            100.548716,
            13.757802
          ],
          [
            100.548485,
            13.758048
          ],
          [
            100.547646,
            13.758994
          ],
          [
            100.547079,
            13.759641
          ],
          [
            100.546496,
            13.76032
          ],
          [
            100.54589,
            13.761035
          ],
          [
            100.545337,
            13.761677
          ],
          [
            100.54505,
            13.761992
          ],
          [
            100.544775,
            13.762288
          ],
          [
            100.544436,
            13.762631
          ],
          [
            100.544229,
            13.762827
          ],
          [
            100.544025,
            13.763005
          ],
          [
            100.543816,
            13.763165
          ],
          [
            100.54364,
            13.763288
          ],
          [
            100.543434,
            13.76341
          ],
          [
            100.543176,
            13.763551
          ],
          [
            100.542949,
            13.763661
          ],
          [
            100.542349,
            13.763933
          ],
          [
            100.542009,
            13.764027
          ],
          [
            100.541819,
            13.764089
          ],
          [
            100.541645,
            13.764157
          ],
          [
            100.541465,
            13.764241
          ],
          [
            100.541264,
            13.764351
          ],
          [
            100.541042,
            13.764479
          ],
          [
            100.540725,
            13.764697
          ],
          [
            100.540333,
            13.765018
          ],
          [
            100.54012,
            13.765222
          ],
          [
            100.539977,
            13.765374
          ],
          [
            100.539815,
            13.765553
          ],
          [
            100.539647,
            13.765755
          ],
          [
            100.539412,
            13.766091
          ],
          [
            100.539373,
            13.766147
          ],
          [
            100.539301,
            13.766222
          ],
          [
            100.539253,
            13.766242
          ],
          [
            100.539237,
            13.766244
          ],
          [
            100.539148,
            13.766258
          ],
          [
            100.538984,
            13.765965
          ],
          [
            100.538929,
            13.765869
          ],
          [
            100.538884,
            13.765782
          ],
          [
            100.538829,
            13.765582
          ],
          [
            100.538802,
            13.765453
          ],
          [
            100.538788,
            13.765277
          ],
          [
            100.538801,
            13.765237
          ],
          [
            100.538812,
            13.765191
          ],
          [
            100.538817,
            13.765055
          ],
          [
            100.538811,
            13.765001
          ],
          [
            100.538805,
            13.764942
          ],
          [
            100.538778,
            13.764829
          ],
          [
            100.538736,
            13.764721
          ],
          [
            100.538688,
            13.76462
          ],
          [
            100.538591,
            13.764488
          ],
          [
            100.538534,
            13.764443
          ],
          [
            100.538477,
            13.764406
          ],
          [
            100.538406,
            13.76437
          ],
          [
            100.538219,
            13.764257
          ],
          [
            100.53806,
            13.764168
          ]
        ]
      }
    },
    {
      "type": "Feature",
      "properties": {
        "route_id": "TH-07",
        "route_name": "Bus 4: Hua Lamphong - MBK",
        "route_type": "BUS",
        "route_ref": "BUS4",
        "origin_name": "Hua Lamphong",
        "destination_name": "MBK",
        "region": "Bangkok",
        "province": "Bangkok"
      },
      "geometry": {
        "type": "LineString",
        "coordinates": [
          [
            100.516114,
            13.737137
          ],
          [
            100.516054,
            13.737159
          ],
          [
            100.515991,
            13.737181
          ],
          [
            100.516002,
            13.737307
          ],
          [
            100.516015,
            13.737389
          ],
          [
            100.51602,
            13.737417
          ],
          [
            100.516026,
            13.737436
          ],
          [
            100.51608,
            13.737546
          ],
          [
            100.516143,
            13.73766
          ],
          [
            100.516157,
            13.737679
          ],
          [
            100.516207,
            13.737751
          ],
          [
            100.516374,
            13.737956
          ],
          [
            100.516469,
            13.738033
          ],
          [
            100.516586,
            13.738105
          ],
          [
            100.516614,
            13.738126
          ],
          [
            100.516667,
            13.738165
          ],
          [
            100.51668,
            13.738175
          ],
          [
            100.516725,
            13.738209
          ],
          [
            100.516892,
            13.73833
          ],
          [
            100.516993,
            13.738404
          ],
          [
            100.517092,
            13.738483
          ],
          [
            100.517117,
            13.738645
          ],
          [
            100.517291,
            13.739694
          ],
          [
            100.517317,
            13.73985
          ],
          [
            100.517342,
            13.74
          ],
          [
            100.51738,
            13.740241
          ],
          [
            100.517468,
            13.74081
          ],
          [
            100.517506,
            13.74086
          ],
          [
            100.517579,
            13.740892
          ],
          [
            100.517631,
            13.740881
          ],
          [
            100.517719,
            13.740867
          ],
          [
            100.518123,
            13.740804
          ],
          [
            100.518181,
            13.740794
          ],
          [
            100.518359,
            13.740765
          ],
          [
            100.518377,
            13.740762
          ],
          [
            100.518615,
            13.740724
          ],
          [
            100.518686,
            13.740712
          ],
          [
            100.518859,
            13.740684
          ],
          [
            100.519003,
            13.740661
          ],
          [
            100.519489,
            13.740583
          ],
          [
            100.519511,
            13.74058
          ],
          [
            100.519688,
            13.740554
          ],
          [
            100.519793,
            13.74054
          ],
          [
            100.519922,
            13.740527
          ],
          [
            100.519954,
            13.740521
          ],
          [
            100.520164,
            13.740486
          ],
          [
            100.520222,
            13.740475
          ],
          [
            100.520289,
            13.740469
          ],
          [
            100.520658,
            13.740433
          ],
          [
            100.520781,
            13.740415
          ],
          [
            100.521615,
            13.740296
          ],
          [
            100.521707,
            13.740285
          ],
          [
            100.522104,
            13.74022
          ],
          [
            100.522155,
            13.74021
          ],
          [
            100.522292,
            13.740186
          ],
          [
            100.522316,
            13.740181
          ],
          [
            100.522419,
            13.740162
          ],
          [
            100.522446,
            13.740312
          ],
          [
            100.522502,
            13.740633
          ],
          [
            100.522511,
            13.740684
          ],
          [
            100.522608,
            13.74126
          ],
          [
            100.522645,
            13.741448
          ],
          [
            100.522809,
            13.742314
          ],
          [
            100.522944,
            13.743044
          ],
          [
            100.5231,
            13.743881
          ],
          [
            100.5232,
            13.743865
          ],
          [
            100.523331,
            13.743845
          ],
          [
            100.523536,
            13.743812
          ],
          [
            100.523944,
            13.74374
          ],
          [
            100.524204,
            13.7437
          ],
          [
            100.524319,
            13.743682
          ],
          [
            100.524406,
            13.74367
          ],
          [
            100.524611,
            13.743641
          ],
          [
            100.524789,
            13.743615
          ],
          [
            100.524824,
            13.74361
          ],
          [
            100.524952,
            13.74359
          ],
          [
            100.525359,
            13.743526
          ],
          [
            100.5254,
            13.743519
          ],
          [
            100.525911,
            13.743445
          ],
          [
            100.526032,
            13.743427
          ],
          [
            100.526071,
            13.743485
          ],
          [
            100.526076,
            13.743508
          ],
          [
            100.526192,
            13.744152
          ],
          [
            100.526211,
            13.744179
          ],
          [
            100.526966,
            13.744057
          ],
          [
            100.527641,
            13.743947
          ],
          [
            100.528062,
            13.743879
          ],
          [
            100.528099,
            13.744078
          ],
          [
            100.528162,
            13.744415
          ],
          [
            100.528292,
            13.744395
          ],
          [
            100.528897,
            13.744297
          ],
          [
            100.529095,
            13.744271
          ],
          [
            100.529119,
            13.744268
          ]
        ]
      }
    },
    {
      "type": "Feature",
      "properties": {
        "route_id": "TH-08",
        "route_name": "Bus 5: Khaosan - Pratunam",
        "route_type": "BUS",
        "route_ref": "BUS5",
        "origin_name": "Khaosan",
        "destination_name": "Pratunam",
        "region": "Bangkok",
        "province": "Bangkok"
      },
      "geometry": {
        "type": "LineString",
        "coordinates": [
          [
            100.497055,
            13.759011
          ],
          [
            100.497063,
            13.759007
          ],
          [
            100.497245,
            13.758919
          ],
          [
            100.497347,
            13.75887
          ],
          [
            100.497431,
            13.758829
          ],
          [
            100.497558,
            13.758767
          ],
          [
            100.497592,
            13.758752
          ],
          [
            100.497952,
            13.758578
          ],
          [
            100.497996,
            13.758556
          ],
          [
            100.498128,
            13.758492
          ],
          [
            100.498858,
            13.758155
          ],
          [
            100.499007,
            13.758105
          ],
          [
            100.499034,
            13.758095
          ],
          [
            100.499074,
            13.758404
          ],
          [
            100.499138,
            13.758904
          ],
          [
            100.499193,
            13.759337
          ],
          [
            100.499202,
            13.759402
          ],
          [
            100.499218,
            13.75953
          ],
          [
            100.499217,
            13.759648
          ],
          [
            100.499177,
            13.759754
          ],
          [
            100.499093,
            13.759883
          ],
          [
            100.499074,
            13.75987
          ],
          [
            100.499016,
            13.759851
          ],
          [
            100.498973,
            13.759855
          ],
          [
            100.498938,
            13.759869
          ],
          [
            100.498914,
            13.759888
          ],
          [
            100.498905,
            13.759898
          ],
          [
            100.49889,
            13.759922
          ],
          [
            100.498879,
            13.759965
          ],
          [
            100.49888,
            13.759996
          ],
          [
            100.498898,
            13.760039
          ],
          [
            100.498945,
            13.760142
          ],
          [
            100.499178,
            13.760489
          ],
          [
            100.499442,
            13.760882
          ],
          [
            100.499678,
            13.761234
          ],
          [
            100.499762,
            13.761181
          ],
          [
            100.49986,
            13.761122
          ],
          [
            100.499998,
            13.761033
          ],
          [
            100.500523,
            13.760687
          ],
          [
            100.501308,
            13.760175
          ],
          [
            100.501506,
            13.760047
          ],
          [
            100.502031,
            13.759704
          ],
          [
            100.502434,
            13.759439
          ],
          [
            100.502484,
            13.759405
          ],
          [
            100.502571,
            13.759348
          ],
          [
            100.502763,
            13.759223
          ],
          [
            100.502826,
            13.75918
          ],
          [
            100.503054,
            13.759027
          ],
          [
            100.503252,
            13.758896
          ],
          [
            100.503344,
            13.75883
          ],
          [
            100.503437,
            13.758755
          ],
          [
            100.503527,
            13.758673
          ],
          [
            100.503567,
            13.758632
          ],
          [
            100.503661,
            13.758536
          ],
          [
            100.503755,
            13.758419
          ],
          [
            100.503891,
            13.758221
          ],
          [
            100.503922,
            13.75816
          ],
          [
            100.503974,
            13.758069
          ],
          [
            100.504043,
            13.757945
          ],
          [
            100.504129,
            13.757792
          ],
          [
            100.504152,
            13.757751
          ],
          [
            100.504253,
            13.757579
          ],
          [
            100.504261,
            13.757564
          ],
          [
            100.504309,
            13.757476
          ],
          [
            100.504348,
            13.757407
          ],
          [
            100.504409,
            13.757297
          ],
          [
            100.504461,
            13.757205
          ],
          [
            100.504498,
            13.757138
          ],
          [
            100.504505,
            13.757126
          ],
          [
            100.504548,
            13.757049
          ],
          [
            100.504622,
            13.756916
          ],
          [
            100.50468,
            13.756813
          ],
          [
            100.504825,
            13.756558
          ],
          [
            100.504853,
            13.756509
          ],
          [
            100.504866,
            13.756486
          ],
          [
            100.504966,
            13.756311
          ],
          [
            100.505043,
            13.756176
          ],
          [
            100.505257,
            13.756134
          ],
          [
            100.505315,
            13.756135
          ],
          [
            100.505369,
            13.756147
          ],
          [
            100.505411,
            13.756163
          ],
          [
            100.505515,
            13.756213
          ],
          [
            100.505756,
            13.75636
          ],
          [
            100.505784,
            13.756376
          ],
          [
            100.506017,
            13.756497
          ],
          [
            100.506147,
            13.756543
          ],
          [
            100.50633,
            13.756611
          ],
          [
            100.506407,
            13.756648
          ],
          [
            100.506561,
            13.756721
          ],
          [
            100.506831,
            13.75685
          ],
          [
            100.507183,
            13.757018
          ],
          [
            100.507238,
            13.757046
          ],
          [
            100.508164,
            13.757518
          ],
          [
            100.508208,
            13.75754
          ],
          [
            100.508542,
            13.757723
          ],
          [
            100.508577,
            13.757741
          ],
          [
            100.508605,
            13.757756
          ],
          [
            100.509123,
            13.758021
          ],
          [
            100.509193,
            13.758059
          ],
          [
            100.509407,
            13.758179
          ],
          [
            100.509526,
            13.758246
          ],
          [
            100.509646,
            13.758315
          ],
          [
            100.50991,
            13.75846
          ],
          [
            100.51049,
            13.758794
          ],
          [
            100.510834,
            13.758993
          ],
          [
            100.51085,
            13.759003
          ],
          [
            100.510865,
            13.759013
          ],
          [
            100.51088,
            13.759021
          ],
          [
            100.51118,
            13.759191
          ],
          [
            100.511478,
            13.759356
          ],
          [
            100.511514,
            13.759375
          ],
          [
            100.511704,
            13.759483
          ],
          [
            100.51196,
            13.759632
          ],
          [
            100.512004,
            13.759658
          ],
          [
            100.512018,
            13.759666
          ],
          [
            100.512236,
            13.759801
          ],
          [
            100.512468,
            13.759944
          ],
          [
            100.512533,
            13.759984
          ],
          [
            100.512696,
            13.760085
          ],
          [
            100.512744,
            13.760112
          ],
          [
            100.51301,
            13.760264
          ],
          [
            100.513075,
            13.760301
          ],
          [
            100.513154,
            13.760346
          ],
          [
            100.513263,
            13.760409
          ],
          [
            100.513516,
            13.760556
          ],
          [
            100.513614,
            13.760611
          ],
          [
            100.513881,
            13.760761
          ],
          [
            100.513942,
            13.760794
          ],
          [
            100.51422,
            13.760949
          ],
          [
            100.514583,
            13.761155
          ],
          [
            100.51494,
            13.761358
          ],
          [
            100.515095,
            13.761445
          ],
          [
            100.515186,
            13.761498
          ],
          [
            100.515428,
            13.761636
          ],
          [
            100.515549,
            13.761719
          ],
          [
            100.517792,
            13.759777
          ],
          [
            100.518392,
            13.759266
          ],
          [
            100.518414,
            13.759247
          ],
          [
            100.518606,
            13.759081
          ],
          [
            100.519165,
            13.758595
          ],
          [
            100.51957,
            13.758268
          ],
          [
            100.51982,
            13.758041
          ],
          [
            100.520207,
            13.757689
          ],
          [
            100.520437,
            13.757516
          ],
          [
            100.520638,
            13.757385
          ],
          [
            100.520877,
            13.757247
          ],
          [
            100.52089,
            13.757241
          ],
          [
            100.520917,
            13.757227
          ],
          [
            100.520957,
            13.757207
          ],
          [
            100.520983,
            13.757195
          ],
          [
            100.521,
            13.757188
          ],
          [
            100.521024,
            13.757177
          ],
          [
            100.521202,
            13.757086
          ],
          [
            100.521324,
            13.757043
          ],
          [
            100.521653,
            13.756909
          ],
          [
            100.521897,
            13.756815
          ],
          [
            100.522386,
            13.756631
          ],
          [
            100.522608,
            13.756552
          ],
          [
            100.523194,
            13.756309
          ],
          [
            100.523386,
            13.756253
          ],
          [
            100.52347,
            13.756197
          ],
          [
            100.523687,
            13.756121
          ],
          [
            100.523766,
            13.756093
          ],
          [
            100.523983,
            13.756014
          ],
          [
            100.524383,
            13.75587
          ],
          [
            100.524823,
            13.75571
          ],
          [
            100.524893,
            13.755685
          ],
          [
            100.525135,
            13.755597
          ],
          [
            100.525423,
            13.7555
          ],
          [
            100.52555,
            13.755459
          ],
          [
            100.525575,
            13.755451
          ],
          [
            100.525808,
            13.755369
          ],
          [
            100.525888,
            13.75534
          ],
          [
            100.526323,
            13.755184
          ],
          [
            100.526674,
            13.755055
          ],
          [
            100.526791,
            13.755011
          ],
          [
            100.526895,
            13.754974
          ],
          [
            100.527014,
            13.754985
          ],
          [
            100.527072,
            13.754965
          ],
          [
            100.527212,
            13.754917
          ],
          [
            100.528371,
            13.754515
          ],
          [
            100.528883,
            13.754338
          ],
          [
            100.529131,
            13.754249
          ],
          [
            100.529873,
            13.753998
          ],
          [
            100.531245,
            13.753503
          ],
          [
            100.531524,
            13.7534
          ],
          [
            100.531641,
            13.753357
          ],
          [
            100.531655,
            13.753352
          ],
          [
            100.531736,
            13.753324
          ],
          [
            100.53188,
            13.753272
          ],
          [
            100.531949,
            13.753249
          ],
          [
            100.531956,
            13.753247
          ],
          [
            100.532082,
            13.7532
          ],
          [
            100.532242,
            13.753144
          ],
          [
            100.532467,
            13.753066
          ],
          [
            100.533622,
            13.752669
          ],
          [
            100.533973,
            13.752546
          ],
          [
            100.53409,
            13.752506
          ],
          [
            100.534256,
            13.75245
          ],
          [
            100.534417,
            13.752357
          ],
          [
            100.534503,
            13.752307
          ],
          [
            100.534571,
            13.752283
          ],
          [
            100.534928,
            13.752163
          ],
          [
            100.535489,
            13.751963
          ],
          [
            100.536173,
            13.75172
          ],
          [
            100.536767,
            13.75151
          ],
          [
            100.537599,
            13.751219
          ],
          [
            100.537923,
            13.751105
          ],
          [
            100.538349,
            13.750958
          ],
          [
            100.538714,
            13.750824
          ],
          [
            100.538854,
            13.750812
          ],
          [
            100.539238,
            13.750684
          ],
          [
            100.539759,
            13.750508
          ],
          [
            100.539911,
            13.750454
          ],
          [
            100.539924,
            13.750486
          ],
          [
            100.539947,
            13.75055
          ],
          [
            100.539953,
            13.750587
          ],
          [
            100.539944,
            13.750613
          ],
          [
            100.539911,
            13.750647
          ],
          [
            100.53988,
            13.750683
          ],
          [
            100.53986,
            13.750723
          ],
          [
            100.539815,
            13.7508
          ],
          [
            100.539809,
            13.750836
          ],
          [
            100.53982,
            13.750893
          ],
          [
            100.539872,
            13.751082
          ],
          [
            100.539881,
            13.751102
          ],
          [
            100.539897,
            13.751118
          ],
          [
            100.539929,
            13.751129
          ],
          [
            100.539966,
            13.751125
          ],
          [
            100.540093,
            13.751094
          ],
          [
            100.540096,
            13.751092
          ]
        ]
      }
    },
    {
      "type": "Feature",
      "properties": {
        "route_id": "TH-09",
        "route_name": "Bus 6: Ekkamai - Suvarnabhumi",
        "route_type": "BUS",
        "route_ref": "BUS6",
        "origin_name": "Ekkamai",
        "destination_name": "Suvarnabhumi",
        "region": "Bangkok",
        "province": "Bangkok"
      },
      "geometry": {
        "type": "LineString",
        "coordinates": [
          [
            100.582986,
            13.718963
          ],
          [
            100.582948,
            13.718989
          ],
          [
            100.582892,
            13.719024
          ],
          [
            100.582159,
            13.719509
          ],
          [
            100.582195,
            13.719588
          ],
          [
            100.582218,
            13.71964
          ],
          [
            100.582259,
            13.71979
          ],
          [
            100.582315,
            13.720207
          ],
          [
            100.582399,
            13.720816
          ],
          [
            100.582611,
            13.721199
          ],
          [
            100.582641,
            13.721252
          ],
          [
            100.58237,
            13.721446
          ],
          [
            100.582216,
            13.721555
          ],
          [
            100.581933,
            13.721754
          ],
          [
            100.581552,
            13.722024
          ],
          [
            100.581467,
            13.72209
          ],
          [
            100.580844,
            13.722532
          ],
          [
            100.580756,
            13.722593
          ],
          [
            100.580698,
            13.722634
          ],
          [
            100.580474,
            13.722789
          ],
          [
            100.58022,
            13.722972
          ],
          [
            100.57989,
            13.723203
          ],
          [
            100.579506,
            13.723478
          ],
          [
            100.579438,
            13.723526
          ],
          [
            100.57933,
            13.723603
          ],
          [
            100.579397,
            13.723682
          ],
          [
            100.579393,
            13.723809
          ],
          [
            100.57938,
            13.724809
          ],
          [
            100.579373,
            13.72517
          ],
          [
            100.57938,
            13.725315
          ],
          [
            100.579397,
            13.725376
          ],
          [
            100.579428,
            13.725445
          ],
          [
            100.579471,
            13.725515
          ],
          [
            100.579971,
            13.726318
          ],
          [
            100.580048,
            13.726445
          ],
          [
            100.580191,
            13.726681
          ],
          [
            100.580559,
            13.727287
          ],
          [
            100.58061,
            13.72738
          ],
          [
            100.580643,
            13.727453
          ],
          [
            100.580679,
            13.727574
          ],
          [
            100.580709,
            13.727712
          ],
          [
            100.580756,
            13.728092
          ],
          [
            100.580764,
            13.728165
          ],
          [
            100.580801,
            13.728516
          ],
          [
            100.580848,
            13.728959
          ],
          [
            100.580865,
            13.729075
          ],
          [
            100.5809,
            13.729223
          ],
          [
            100.580915,
            13.729278
          ],
          [
            100.580922,
            13.729308
          ],
          [
            100.580955,
            13.729422
          ],
          [
            100.580992,
            13.729532
          ],
          [
            100.581025,
            13.729628
          ],
          [
            100.581041,
            13.729676
          ],
          [
            100.581142,
            13.729975
          ],
          [
            100.581223,
            13.730216
          ],
          [
            100.581274,
            13.730367
          ],
          [
            100.581303,
            13.730448
          ],
          [
            100.581563,
            13.731171
          ],
          [
            100.581638,
            13.731382
          ],
          [
            100.581729,
            13.731646
          ],
          [
            100.582012,
            13.732501
          ],
          [
            100.582081,
            13.732435
          ],
          [
            100.582837,
            13.732171
          ],
          [
            100.583225,
            13.732026
          ],
          [
            100.584148,
            13.731682
          ],
          [
            100.584426,
            13.731579
          ],
          [
            100.584525,
            13.731541
          ],
          [
            100.584546,
            13.731533
          ],
          [
            100.584575,
            13.731523
          ],
          [
            100.584804,
            13.731437
          ],
          [
            100.584965,
            13.731376
          ],
          [
            100.585012,
            13.731358
          ],
          [
            100.585134,
            13.731311
          ],
          [
            100.585217,
            13.73128
          ],
          [
            100.585369,
            13.731223
          ],
          [
            100.585622,
            13.731126
          ],
          [
            100.585869,
            13.73103
          ],
          [
            100.586119,
            13.730943
          ],
          [
            100.586222,
            13.730895
          ],
          [
            100.586462,
            13.730803
          ],
          [
            100.586916,
            13.730636
          ],
          [
            100.587881,
            13.730282
          ],
          [
            100.587917,
            13.730269
          ],
          [
            100.588136,
            13.73019
          ],
          [
            100.588286,
            13.730137
          ],
          [
            100.588421,
            13.730091
          ],
          [
            100.588624,
            13.730021
          ],
          [
            100.588811,
            13.729971
          ],
          [
            100.588996,
            13.729946
          ],
          [
            100.58937,
            13.729939
          ],
          [
            100.589927,
            13.72993
          ],
          [
            100.590388,
            13.729921
          ],
          [
            100.590596,
            13.729916
          ],
          [
            100.591327,
            13.729907
          ],
          [
            100.591524,
            13.729904
          ],
          [
            100.591645,
            13.729902
          ],
          [
            100.592049,
            13.729896
          ],
          [
            100.592285,
            13.729892
          ],
          [
            100.592355,
            13.72989
          ],
          [
            100.593229,
            13.729876
          ],
          [
            100.593299,
            13.729875
          ],
          [
            100.593761,
            13.729869
          ],
          [
            100.593858,
            13.729866
          ],
          [
            100.595082,
            13.729846
          ],
          [
            100.595571,
            13.729736
          ],
          [
            100.595609,
            13.729737
          ],
          [
            100.595736,
            13.729764
          ],
          [
            100.596064,
            13.729834
          ],
          [
            100.596391,
            13.729904
          ],
          [
            100.596401,
            13.729943
          ],
          [
            100.596452,
            13.730134
          ],
          [
            100.596565,
            13.730576
          ],
          [
            100.596618,
            13.730781
          ],
          [
            100.596776,
            13.73139
          ],
          [
            100.596931,
            13.732007
          ],
          [
            100.597002,
            13.732272
          ],
          [
            100.597015,
            13.732321
          ],
          [
            100.597036,
            13.732402
          ],
          [
            100.597086,
            13.732591
          ],
          [
            100.597099,
            13.732638
          ],
          [
            100.597205,
            13.733041
          ],
          [
            100.597326,
            13.733486
          ],
          [
            100.597349,
            13.733573
          ],
          [
            100.59737,
            13.733651
          ],
          [
            100.597749,
            13.73509
          ],
          [
            100.597755,
            13.735122
          ],
          [
            100.597878,
            13.735529
          ],
          [
            100.597896,
            13.735602
          ],
          [
            100.597965,
            13.735865
          ],
          [
            100.598091,
            13.736351
          ],
          [
            100.598265,
            13.736924
          ],
          [
            100.598277,
            13.736983
          ],
          [
            100.59827,
            13.737064
          ],
          [
            100.598292,
            13.737167
          ],
          [
            100.598765,
            13.738941
          ],
          [
            100.598848,
            13.739222
          ],
          [
            100.598925,
            13.739432
          ],
          [
            100.599067,
            13.739692
          ],
          [
            100.599269,
            13.739907
          ],
          [
            100.600182,
            13.740574
          ],
          [
            100.600338,
            13.740687
          ],
          [
            100.600419,
            13.740747
          ],
          [
            100.600638,
            13.740905
          ],
          [
            100.600674,
            13.740933
          ],
          [
            100.60084,
            13.741058
          ],
          [
            100.601149,
            13.741266
          ],
          [
            100.601332,
            13.741423
          ],
          [
            100.601384,
            13.74148
          ],
          [
            100.601422,
            13.741554
          ],
          [
            100.601469,
            13.741688
          ],
          [
            100.60148,
            13.741837
          ],
          [
            100.601461,
            13.74206
          ],
          [
            100.601429,
            13.742433
          ],
          [
            100.601417,
            13.742583
          ],
          [
            100.601409,
            13.742652
          ],
          [
            100.601403,
            13.742718
          ],
          [
            100.601399,
            13.742765
          ],
          [
            100.601386,
            13.742918
          ],
          [
            100.601387,
            13.742983
          ],
          [
            100.601389,
            13.743124
          ],
          [
            100.60141,
            13.743218
          ],
          [
            100.601449,
            13.743333
          ],
          [
            100.601504,
            13.74343
          ],
          [
            100.601583,
            13.743522
          ],
          [
            100.601842,
            13.743781
          ],
          [
            100.601902,
            13.743842
          ],
          [
            100.601915,
            13.743854
          ],
          [
            100.602276,
            13.744228
          ],
          [
            100.602714,
            13.744671
          ],
          [
            100.60288,
            13.744838
          ],
          [
            100.603047,
            13.745003
          ],
          [
            100.603765,
            13.745712
          ],
          [
            100.603806,
            13.745756
          ],
          [
            100.603942,
            13.745889
          ],
          [
            100.604072,
            13.746023
          ],
          [
            100.60438,
            13.74636
          ],
          [
            100.604723,
            13.746697
          ],
          [
            100.604774,
            13.746751
          ],
          [
            100.605139,
            13.747143
          ],
          [
            100.605337,
            13.747354
          ],
          [
            100.605417,
            13.747434
          ],
          [
            100.605517,
            13.747536
          ],
          [
            100.605692,
            13.747464
          ],
          [
            100.606104,
            13.747273
          ],
          [
            100.606592,
            13.747037
          ],
          [
            100.606818,
            13.746916
          ],
          [
            100.606959,
            13.746842
          ],
          [
            100.607031,
            13.7468
          ],
          [
            100.607496,
            13.746527
          ],
          [
            100.607846,
            13.746289
          ],
          [
            100.608274,
            13.746002
          ],
          [
            100.608507,
            13.745845
          ],
          [
            100.608933,
            13.745558
          ],
          [
            100.609081,
            13.745458
          ],
          [
            100.609424,
            13.745198
          ],
          [
            100.60951,
            13.745133
          ],
          [
            100.610054,
            13.744763
          ],
          [
            100.610286,
            13.744629
          ],
          [
            100.610617,
            13.744407
          ],
          [
            100.611076,
            13.744105
          ],
          [
            100.611436,
            13.743862
          ],
          [
            100.611695,
            13.743697
          ],
          [
            100.611711,
            13.743687
          ],
          [
            100.612058,
            13.743465
          ],
          [
            100.61245,
            13.743204
          ],
          [
            100.612546,
            13.743141
          ],
          [
            100.612642,
            13.743077
          ],
          [
            100.612693,
            13.743043
          ],
          [
            100.613124,
            13.742756
          ],
          [
            100.613222,
            13.742689
          ],
          [
            100.613402,
            13.742566
          ],
          [
            100.613819,
            13.74231
          ],
          [
            100.614217,
            13.742066
          ],
          [
            100.614754,
            13.741855
          ],
          [
            100.615365,
            13.741701
          ],
          [
            100.615766,
            13.741641
          ],
          [
            100.616435,
            13.741544
          ],
          [
            100.617086,
            13.741477
          ],
          [
            100.617675,
            13.741417
          ],
          [
            100.618916,
            13.741247
          ],
          [
            100.619768,
            13.741156
          ],
          [
            100.620559,
            13.741072
          ],
          [
            100.621779,
            13.740932
          ],
          [
            100.622324,
            13.740874
          ],
          [
            100.6236,
            13.740744
          ],
          [
            100.623869,
            13.74073
          ],
          [
            100.624144,
            13.740715
          ],
          [
            100.624431,
            13.740723
          ],
          [
            100.624751,
            13.740747
          ],
          [
            100.625045,
            13.740793
          ],
          [
            100.625286,
            13.740835
          ],
          [
            100.62536,
            13.740855
          ],
          [
            100.626106,
            13.74102
          ],
          [
            100.626676,
            13.741149
          ],
          [
            100.628428,
            13.741519
          ],
          [
            100.628652,
            13.741568
          ],
          [
            100.628882,
            13.741617
          ],
          [
            100.629102,
            13.741665
          ],
          [
            100.630757,
            13.742021
          ],
          [
            100.631235,
            13.742124
          ],
          [
            100.631735,
            13.742232
          ],
          [
            100.63218,
            13.742331
          ],
          [
            100.632261,
            13.742348
          ],
          [
            100.633376,
            13.742585
          ],
          [
            100.633842,
            13.742686
          ],
          [
            100.63428,
            13.742769
          ],
          [
            100.634738,
            13.742813
          ],
          [
            100.634908,
            13.742821
          ],
          [
            100.63512,
            13.74282
          ],
          [
            100.635634,
            13.742782
          ],
          [
            100.63702,
            13.742548
          ],
          [
            100.637864,
            13.742405
          ],
          [
            100.639655,
            13.742058
          ],
          [
            100.640401,
            13.741899
          ],
          [
            100.640667,
            13.741819
          ],
          [
            100.641208,
            13.741641
          ],
          [
            100.641549,
            13.741575
          ],
          [
            100.642472,
            13.74139
          ],
          [
            100.642669,
            13.741351
          ],
          [
            100.644181,
            13.741013
          ],
          [
            100.645376,
            13.740771
          ],
          [
            100.645819,
            13.740684
          ],
          [
            100.646997,
            13.740447
          ],
          [
            100.6485,
            13.740138
          ],
          [
            100.649038,
            13.740029
          ],
          [
            100.649484,
            13.739941
          ],
          [
            100.650993,
            13.739614
          ],
          [
            100.653024,
            13.739198
          ],
          [
            100.653791,
            13.739038
          ],
          [
            100.65448,
            13.738861
          ],
          [
            100.656146,
            13.738375
          ],
          [
            100.657122,
            13.7381
          ],
          [
            100.657914,
            13.737897
          ],
          [
            100.658306,
            13.737805
          ],
          [
            100.658586,
            13.737746
          ],
          [
            100.659141,
            13.737652
          ],
          [
            100.659707,
            13.737606
          ],
          [
            100.66272,
            13.737392
          ],
          [
            100.665081,
            13.737174
          ],
          [
            100.665469,
            13.737146
          ],
          [
            100.666538,
            13.737072
          ],
          [
            100.668137,
            13.73688
          ],
          [
            100.670288,
            13.736554
          ],
          [
            100.674573,
            13.735877
          ],
          [
            100.674856,
            13.735836
          ],
          [
            100.676628,
            13.735564
          ],
          [
            100.679535,
            13.735259
          ],
          [
            100.687525,
            13.73439
          ],
          [
            100.687896,
            13.734355
          ],
          [
            100.69193,
            13.733906
          ],
          [
            100.695201,
            13.733545
          ],
          [
            100.695663,
            13.733492
          ],
          [
            100.698081,
            13.733232
          ],
          [
            100.699,
            13.733134
          ],
          [
            100.70818,
            13.732112
          ],
          [
            100.70842,
            13.732084
          ],
          [
            100.709758,
            13.731944
          ],
          [
            100.711129,
            13.731789
          ],
          [
            100.723826,
            13.730416
          ],
          [
            100.724101,
            13.730382
          ],
          [
            100.730379,
            13.72968
          ],
          [
            100.731146,
            13.729607
          ],
          [
            100.733175,
            13.729372
          ],
          [
            100.733943,
            13.729347
          ],
          [
            100.734719,
            13.729361
          ],
          [
            100.736061,
            13.729402
          ],
          [
            100.738866,
            13.729444
          ],
          [
            100.739224,
            13.729452
          ],
          [
            100.739899,
            13.729473
          ],
          [
            100.740793,
            13.729709
          ],
          [
            100.74122,
            13.729836
          ],
          [
            100.741618,
            13.729982
          ],
          [
            100.741933,
            13.730075
          ],
          [
            100.74206,
            13.730123
          ],
          [
            100.742204,
            13.730177
          ],
          [
            100.742364,
            13.73022
          ],
          [
            100.742534,
            13.730253
          ],
          [
            100.74263,
            13.730261
          ],
          [
            100.742734,
            13.730262
          ],
          [
            100.742902,
            13.730248
          ],
          [
            100.743084,
            13.730203
          ],
          [
            100.74326,
            13.730135
          ],
          [
            100.743366,
            13.730082
          ],
          [
            100.743438,
            13.730046
          ],
          [
            100.743563,
            13.729973
          ],
          [
            100.743742,
            13.729828
          ],
          [
            100.744036,
            13.729572
          ],
          [
            100.744194,
            13.729441
          ],
          [
            100.744328,
            13.729334
          ],
          [
            100.744547,
            13.729226
          ],
          [
            100.744689,
            13.72916
          ],
          [
            100.744884,
            13.729093
          ],
          [
            100.745045,
            13.72906
          ],
          [
            100.745307,
            13.729037
          ],
          [
            100.746086,
            13.729053
          ],
          [
            100.746255,
            13.729038
          ],
          [
            100.746447,
            13.72899
          ],
          [
            100.746536,
            13.728958
          ],
          [
            100.746631,
            13.728893
          ],
          [
            100.746697,
            13.728829
          ],
          [
            100.746788,
            13.728726
          ],
          [
            100.746841,
            13.728582
          ],
          [
            100.746875,
            13.728472
          ],
          [
            100.746882,
            13.728352
          ],
          [
            100.746874,
            13.728191
          ],
          [
            100.746862,
            13.727825
          ],
          [
            100.746843,
            13.727621
          ],
          [
            100.746758,
            13.7263
          ],
          [
            100.746728,
            13.72611
          ],
          [
            100.746736,
            13.725215
          ],
          [
            100.746737,
            13.723635
          ],
          [
            100.746704,
            13.722141
          ],
          [
            100.746703,
            13.720573
          ],
          [
            100.746694,
            13.720006
          ],
          [
            100.746735,
            13.717391
          ],
          [
            100.746749,
            13.716629
          ],
          [
            100.74679,
            13.71638
          ],
          [
            100.74685,
            13.716161
          ],
          [
            100.746956,
            13.715893
          ],
          [
            100.747037,
            13.715767
          ],
          [
            100.747138,
            13.715644
          ],
          [
            100.747234,
            13.715531
          ],
          [
            100.747347,
            13.715429
          ],
          [
            100.747449,
            13.715352
          ],
          [
            100.747533,
            13.715292
          ],
          [
            100.747621,
            13.715239
          ],
          [
            100.747705,
            13.715191
          ],
          [
            100.747789,
            13.71515
          ],
          [
            100.747873,
            13.715114
          ],
          [
            100.747947,
            13.715088
          ],
          [
            100.748031,
            13.715064
          ],
          [
            100.748113,
            13.715044
          ],
          [
            100.749332,
            13.714753
          ],
          [
            100.749535,
            13.714736
          ],
          [
            100.749671,
            13.714702
          ],
          [
            100.752347,
            13.714024
          ],
          [
            100.752611,
            13.713957
          ],
          [
            100.754188,
            13.71354
          ],
          [
            100.754783,
            13.713381
          ],
          [
            100.755312,
            13.713248
          ],
          [
            100.7568,
            13.712862
          ],
          [
            100.757164,
            13.712871
          ],
          [
            100.757303,
            13.712894
          ],
          [
            100.757409,
            13.712932
          ],
          [
            100.75745,
            13.712966
          ],
          [
            100.757513,
            13.713056
          ],
          [
            100.757714,
            13.713794
          ],
          [
            100.757731,
            13.713866
          ],
          [
            100.757738,
            13.713928
          ],
          [
            100.757742,
            13.714098
          ],
          [
            100.757725,
            13.714212
          ],
          [
            100.757698,
            13.714281
          ],
          [
            100.757664,
            13.714345
          ],
          [
            100.757604,
            13.714417
          ],
          [
            100.757507,
            13.714482
          ],
          [
            100.757392,
            13.714516
          ],
          [
            100.757265,
            13.714525
          ],
          [
            100.757146,
            13.714505
          ],
          [
            100.757013,
            13.714423
          ],
          [
            100.756936,
            13.714339
          ],
          [
            100.75687,
            13.714221
          ],
          [
            100.756745,
            13.714013
          ],
          [
            100.756244,
            13.71209
          ],
          [
            100.755019,
            13.707379
          ],
          [
            100.754967,
            13.707184
          ],
          [
            100.753637,
            13.701924
          ],
          [
            100.753551,
            13.701767
          ],
          [
            100.7535,
            13.701628
          ],
          [
            100.753464,
            13.701518
          ],
          [
            100.753431,
            13.70138
          ],
          [
            100.753386,
            13.701116
          ],
          [
            100.753314,
            13.700745
          ],
          [
            100.75327,
            13.700344
          ],
          [
            100.753227,
            13.699875
          ],
          [
            100.753226,
            13.699411
          ],
          [
            100.753233,
            13.699098
          ],
          [
            100.753267,
            13.698849
          ],
          [
            100.753331,
            13.698302
          ],
          [
            100.753367,
            13.697899
          ],
          [
            100.753472,
            13.697581
          ],
          [
            100.753617,
            13.697139
          ],
          [
            100.753946,
            13.696349
          ],
          [
            100.754078,
            13.696189
          ],
          [
            100.754183,
            13.695934
          ],
          [
            100.754229,
            13.695777
          ],
          [
            100.754262,
            13.695525
          ],
          [
            100.754279,
            13.695341
          ],
          [
            100.754275,
            13.695158
          ],
          [
            100.754252,
            13.695023
          ],
          [
            100.75419,
            13.694843
          ],
          [
            100.754178,
            13.694626
          ],
          [
            100.754267,
            13.694517
          ],
          [
            100.754371,
            13.694405
          ],
          [
            100.754449,
            13.694357
          ],
          [
            100.754512,
            13.694346
          ],
          [
            100.754552,
            13.694353
          ],
          [
            100.754598,
            13.694384
          ],
          [
            100.754628,
            13.694424
          ],
          [
            100.754658,
            13.694503
          ],
          [
            100.754716,
            13.69466
          ],
          [
            100.754747,
            13.694932
          ],
          [
            100.754747,
            13.695062
          ],
          [
            100.754741,
            13.695224
          ],
          [
            100.754722,
            13.695365
          ],
          [
            100.754706,
            13.695463
          ],
          [
            100.754685,
            13.695575
          ],
          [
            100.754647,
            13.69569
          ],
          [
            100.75452,
            13.695999
          ],
          [
            100.754003,
            13.697233
          ],
          [
            100.753966,
            13.697358
          ],
          [
            100.753924,
            13.697507
          ],
          [
            100.754002,
            13.697532
          ],
          [
            100.754048,
            13.697382
          ],
          [
            100.754074,
            13.69727
          ],
          [
            100.754543,
            13.69614
          ],
          [
            100.754747,
            13.695705
          ],
          [
            100.754777,
            13.695515
          ],
          [
            100.754801,
            13.695408
          ],
          [
            100.75482,
            13.6953
          ],
          [
            100.754827,
            13.695195
          ],
          [
            100.754829,
            13.695021
          ],
          [
            100.75483,
            13.694946
          ],
          [
            100.754822,
            13.694867
          ],
          [
            100.754813,
            13.694767
          ],
          [
            100.75481,
            13.694646
          ],
          [
            100.754795,
            13.694563
          ],
          [
            100.754705,
            13.694215
          ],
          [
            100.754442,
            13.693199
          ],
          [
            100.754359,
            13.6929
          ],
          [
            100.754238,
            13.692422
          ],
          [
            100.754214,
            13.692371
          ],
          [
            100.754194,
            13.692349
          ],
          [
            100.75417,
            13.692335
          ],
          [
            100.754131,
            13.692331
          ],
          [
            100.754103,
            13.692335
          ],
          [
            100.754071,
            13.692321
          ],
          [
            100.754024,
            13.692298
          ],
          [
            100.753261,
            13.692493
          ],
          [
            100.752871,
            13.692598
          ],
          [
            100.752208,
            13.692764
          ],
          [
            100.751151,
            13.693031
          ]
        ]
      }
    },
    {
      "type": "Feature",
      "properties": {
        "route_id": "TH-10",
        "route_name": "Bus 7: Don Mueang - Mochit",
        "route_type": "BUS",
        "route_ref": "BUS7",
        "origin_name": "Don Mueang",
        "destination_name": "Mochit",
        "region": "Bangkok",
        "province": "Bangkok"
      },
      "geometry": {
        "type": "LineString",
        "coordinates": [
          [
            100.595081,
            13.91211
          ],
          [
            100.59461,
            13.911277
          ],
          [
            100.594562,
            13.911197
          ],
          [
            100.594822,
            13.911056
          ],
          [
            100.594967,
            13.910958
          ],
          [
            100.595054,
            13.910899
          ],
          [
            100.595342,
            13.910736
          ],
          [
            100.594901,
            13.909962
          ],
          [
            100.594601,
            13.909436
          ],
          [
            100.59375,
            13.907947
          ],
          [
            100.593726,
            13.907905
          ],
          [
            100.593264,
            13.907071
          ],
          [
            100.593066,
            13.906714
          ],
          [
            100.592864,
            13.906351
          ],
          [
            100.59265,
            13.905967
          ],
          [
            100.592644,
            13.90594
          ],
          [
            100.592642,
            13.905918
          ],
          [
            100.592648,
            13.90589
          ],
          [
            100.592793,
            13.90564
          ],
          [
            100.592837,
            13.905562
          ],
          [
            100.592919,
            13.905514
          ],
          [
            100.592959,
            13.90549
          ],
          [
            100.592996,
            13.905468
          ],
          [
            100.593146,
            13.905388
          ],
          [
            100.593306,
            13.905677
          ],
          [
            100.593497,
            13.906022
          ],
          [
            100.593558,
            13.906135
          ],
          [
            100.594823,
            13.908376
          ],
          [
            100.597123,
            13.912547
          ],
          [
            100.598074,
            13.914229
          ],
          [
            100.598184,
            13.914424
          ],
          [
            100.598303,
            13.914636
          ],
          [
            100.598728,
            13.91538
          ],
          [
            100.598851,
            13.915595
          ],
          [
            100.59899,
            13.91584
          ],
          [
            100.599082,
            13.916008
          ],
          [
            100.599296,
            13.916391
          ],
          [
            100.599415,
            13.916604
          ],
          [
            100.600424,
            13.918416
          ],
          [
            100.600986,
            13.919409
          ],
          [
            100.601298,
            13.919969
          ],
          [
            100.601539,
            13.920401
          ],
          [
            100.601576,
            13.920467
          ],
          [
            100.601852,
            13.92095
          ],
          [
            100.602213,
            13.921566
          ],
          [
            100.602264,
            13.921652
          ],
          [
            100.602308,
            13.92174
          ],
          [
            100.602446,
            13.921949
          ],
          [
            100.602932,
            13.922819
          ],
          [
            100.603441,
            13.923732
          ],
          [
            100.604504,
            13.925632
          ],
          [
            100.605594,
            13.927583
          ],
          [
            100.607508,
            13.930998
          ],
          [
            100.607827,
            13.931568
          ],
          [
            100.607907,
            13.931712
          ],
          [
            100.608369,
            13.932545
          ],
          [
            100.608493,
            13.932767
          ],
          [
            100.608521,
            13.932824
          ],
          [
            100.608624,
            13.933008
          ],
          [
            100.60872,
            13.933231
          ],
          [
            100.608841,
            13.933483
          ],
          [
            100.608912,
            13.933627
          ],
          [
            100.609008,
            13.933845
          ],
          [
            100.60927,
            13.934426
          ],
          [
            100.609616,
            13.935091
          ],
          [
            100.609738,
            13.935175
          ],
          [
            100.609913,
            13.935211
          ],
          [
            100.610057,
            13.93516
          ],
          [
            100.610137,
            13.935058
          ],
          [
            100.610155,
            13.934903
          ],
          [
            100.61006,
            13.934704
          ],
          [
            100.609857,
            13.934364
          ],
          [
            100.609447,
            13.933737
          ],
          [
            100.609219,
            13.933427
          ],
          [
            100.608932,
            13.933012
          ],
          [
            100.608671,
            13.932559
          ],
          [
            100.608127,
            13.931596
          ],
          [
            100.60805,
            13.931458
          ],
          [
            100.605917,
            13.927675
          ],
          [
            100.605402,
            13.926747
          ],
          [
            100.604901,
            13.925837
          ],
          [
            100.604403,
            13.92495
          ],
          [
            100.603966,
            13.924181
          ],
          [
            100.603952,
            13.924156
          ],
          [
            100.603039,
            13.922533
          ],
          [
            100.602869,
            13.922234
          ],
          [
            100.602774,
            13.922063
          ],
          [
            100.60233,
            13.921276
          ],
          [
            100.601923,
            13.920561
          ],
          [
            100.600732,
            13.918413
          ],
          [
            100.599946,
            13.916984
          ],
          [
            100.599723,
            13.916581
          ],
          [
            100.599401,
            13.916027
          ],
          [
            100.599355,
            13.915949
          ],
          [
            100.599197,
            13.915652
          ],
          [
            100.598661,
            13.914758
          ],
          [
            100.598511,
            13.914486
          ],
          [
            100.598422,
            13.914329
          ],
          [
            100.597572,
            13.9128
          ],
          [
            100.597019,
            13.911826
          ],
          [
            100.595444,
            13.909117
          ],
          [
            100.593963,
            13.906414
          ],
          [
            100.593008,
            13.90467
          ],
          [
            100.592038,
            13.902876
          ],
          [
            100.591383,
            13.901585
          ],
          [
            100.590609,
            13.900346
          ],
          [
            100.589515,
            13.898363
          ],
          [
            100.588777,
            13.896872
          ],
          [
            100.588341,
            13.896095
          ],
          [
            100.588118,
            13.895698
          ],
          [
            100.58796,
            13.895429
          ],
          [
            100.585125,
            13.890347
          ],
          [
            100.585096,
            13.890288
          ],
          [
            100.585053,
            13.890212
          ],
          [
            100.584185,
            13.88861
          ],
          [
            100.583922,
            13.888125
          ],
          [
            100.583283,
            13.887071
          ],
          [
            100.582131,
            13.885122
          ],
          [
            100.58028,
            13.88178
          ],
          [
            100.579649,
            13.880705
          ],
          [
            100.579255,
            13.879982
          ],
          [
            100.578419,
            13.878496
          ],
          [
            100.577405,
            13.876663
          ],
          [
            100.576979,
            13.875892
          ],
          [
            100.576456,
            13.87499
          ],
          [
            100.576073,
            13.874273
          ],
          [
            100.575464,
            13.873219
          ],
          [
            100.574116,
            13.870756
          ],
          [
            100.5718,
            13.866351
          ],
          [
            100.570703,
            13.864423
          ],
          [
            100.57041,
            13.863877
          ],
          [
            100.570089,
            13.86325
          ],
          [
            100.569669,
            13.862449
          ],
          [
            100.568899,
            13.861069
          ],
          [
            100.567583,
            13.858577
          ],
          [
            100.567423,
            13.858273
          ],
          [
            100.566531,
            13.856595
          ],
          [
            100.566286,
            13.85614
          ],
          [
            100.566105,
            13.855815
          ],
          [
            100.565949,
            13.855513
          ],
          [
            100.565433,
            13.854544
          ],
          [
            100.56519,
            13.854057
          ],
          [
            100.564794,
            13.853281
          ],
          [
            100.564509,
            13.852777
          ],
          [
            100.563833,
            13.851648
          ],
          [
            100.563666,
            13.851332
          ],
          [
            100.563373,
            13.85078
          ],
          [
            100.563181,
            13.85048
          ],
          [
            100.562629,
            13.8494
          ],
          [
            100.561661,
            13.847671
          ],
          [
            100.560544,
            13.845545
          ],
          [
            100.559906,
            13.84436
          ],
          [
            100.55973,
            13.843947
          ],
          [
            100.559464,
            13.84348
          ],
          [
            100.559419,
            13.843397
          ],
          [
            100.559345,
            13.843255
          ],
          [
            100.558845,
            13.842301
          ],
          [
            100.558719,
            13.842025
          ],
          [
            100.55846,
            13.841454
          ],
          [
            100.558219,
            13.840815
          ],
          [
            100.557839,
            13.839524
          ],
          [
            100.557689,
            13.838978
          ],
          [
            100.557644,
            13.838642
          ],
          [
            100.557599,
            13.838416
          ],
          [
            100.557503,
            13.837848
          ],
          [
            100.557435,
            13.83734
          ],
          [
            100.557395,
            13.837038
          ],
          [
            100.557371,
            13.836786
          ],
          [
            100.557334,
            13.836309
          ],
          [
            100.557319,
            13.835642
          ],
          [
            100.557315,
            13.835422
          ],
          [
            100.557303,
            13.834878
          ],
          [
            100.557326,
            13.834448
          ],
          [
            100.557356,
            13.833834
          ],
          [
            100.557393,
            13.833458
          ],
          [
            100.557413,
            13.833206
          ],
          [
            100.557454,
            13.832751
          ],
          [
            100.55751,
            13.832206
          ],
          [
            100.557597,
            13.831353
          ],
          [
            100.557687,
            13.830469
          ],
          [
            100.557865,
            13.828743
          ],
          [
            100.558044,
            13.82708
          ],
          [
            100.558183,
            13.825616
          ],
          [
            100.558273,
            13.824753
          ],
          [
            100.558324,
            13.824279
          ],
          [
            100.558439,
            13.823236
          ],
          [
            100.558519,
            13.822468
          ],
          [
            100.558716,
            13.820543
          ],
          [
            100.558863,
            13.819134
          ],
          [
            100.558933,
            13.818427
          ],
          [
            100.558976,
            13.817765
          ],
          [
            100.559182,
            13.816582
          ],
          [
            100.559204,
            13.816373
          ],
          [
            100.559234,
            13.816115
          ],
          [
            100.559265,
            13.815842
          ],
          [
            100.559328,
            13.815544
          ],
          [
            100.55936,
            13.815222
          ],
          [
            100.559412,
            13.814527
          ],
          [
            100.559452,
            13.814271
          ],
          [
            100.559526,
            13.814031
          ],
          [
            100.559642,
            13.813636
          ],
          [
            100.559695,
            13.813316
          ],
          [
            100.559708,
            13.812885
          ],
          [
            100.559732,
            13.812389
          ],
          [
            100.559815,
            13.811666
          ],
          [
            100.559839,
            13.811459
          ],
          [
            100.559799,
            13.811364
          ],
          [
            100.55978,
            13.811317
          ],
          [
            100.559751,
            13.811287
          ],
          [
            100.559716,
            13.811259
          ],
          [
            100.559675,
            13.811237
          ],
          [
            100.559628,
            13.811223
          ],
          [
            100.559584,
            13.811213
          ],
          [
            100.559527,
            13.811209
          ],
          [
            100.559459,
            13.811209
          ],
          [
            100.559353,
            13.811216
          ],
          [
            100.559145,
            13.811237
          ],
          [
            100.559098,
            13.811232
          ],
          [
            100.559058,
            13.811216
          ],
          [
            100.558987,
            13.811184
          ],
          [
            100.558931,
            13.811128
          ],
          [
            100.558881,
            13.81107
          ],
          [
            100.558812,
            13.810983
          ],
          [
            100.558717,
            13.810875
          ],
          [
            100.55854,
            13.810542
          ],
          [
            100.558298,
            13.810089
          ],
          [
            100.558152,
            13.809823
          ],
          [
            100.557945,
            13.80962
          ],
          [
            100.557886,
            13.809553
          ],
          [
            100.557828,
            13.809471
          ],
          [
            100.557761,
            13.809377
          ],
          [
            100.557281,
            13.808599
          ],
          [
            100.556579,
            13.807379
          ],
          [
            100.556422,
            13.807103
          ],
          [
            100.555216,
            13.805119
          ],
          [
            100.554097,
            13.803235
          ],
          [
            100.552305,
            13.800216
          ],
          [
            100.552236,
            13.799843
          ],
          [
            100.552068,
            13.79956
          ],
          [
            100.551752,
            13.79905
          ],
          [
            100.551704,
            13.798971
          ],
          [
            100.55166,
            13.798883
          ],
          [
            100.551643,
            13.798848
          ],
          [
            100.551511,
            13.798555
          ],
          [
            100.551361,
            13.798222
          ],
          [
            100.551315,
            13.798203
          ],
          [
            100.551288,
            13.798189
          ],
          [
            100.551267,
            13.798171
          ],
          [
            100.551247,
            13.798145
          ],
          [
            100.551177,
            13.797998
          ],
          [
            100.551121,
            13.797926
          ],
          [
            100.551066,
            13.797945
          ],
          [
            100.551034,
            13.798005
          ],
          [
            100.551023,
            13.79805
          ],
          [
            100.551092,
            13.798205
          ],
          [
            100.551742,
            13.799425
          ],
          [
            100.551794,
            13.799519
          ],
          [
            100.552151,
            13.800148
          ],
          [
            100.55229,
            13.800394
          ],
          [
            100.552668,
            13.801057
          ],
          [
            100.552989,
            13.801625
          ],
          [
            100.553221,
            13.802035
          ]
        ]
      }
    }
  ]
}